session_id,scenario,session_seed,processed,max_speed_baseline,max_speed_scenario,max_speed_delta,max_speed_pct_change,max_speed_symmetric_pct_change,max_ang_vel_baseline,max_ang_vel_scenario,max_ang_vel_delta,max_ang_vel_pct_change,max_ang_vel_symmetric_pct_change,max_accel_baseline,max_accel_scenario,max_accel_delta,max_accel_pct_change,max_accel_symmetric_pct_change,swing_tempo_baseline,swing_tempo_scenario,swing_tempo_delta,swing_tempo_pct_change,swing_tempo_symmetric_pct_change,smoothness_index_baseline,smoothness_index_scenario,smoothness_index_delta,smoothness_index_pct_change,smoothness_index_symmetric_pct_change,path_efficiency_baseline,path_efficiency_scenario,path_efficiency_delta,path_efficiency_pct_change,path_efficiency_symmetric_pct_change,curvature_rms_baseline,curvature_rms_scenario,curvature_rms_delta,curvature_rms_pct_change,curvature_rms_symmetric_pct_change,backswing_peak_speed_baseline,backswing_peak_speed_scenario,backswing_peak_speed_delta,backswing_peak_speed_pct_change,backswing_peak_speed_symmetric_pct_change
052f8a05-916d-4300-badf-aa80d38d1c6d,frame_thinning_2x,1747554356,True,59.6386512356289,47.351329633897656,-12.287321601731243,-20.602950179380713,-22.96910701706833,118.09197051019416,69.61104573838686,-48.480924771807295,-41.05353188904764,-51.65705457562011,2322.941129417903,1007.2729817209882,-1315.6681476969147,-56.63803232183516,-79.0140275543408,0.5416666666666667,0.11764705882352941,-0.4240196078431373,-78.28054298642535,-128.62453531598513,-9.111265873158928,-8.286417783635917,0.8248480895230106,-9.05305696273169,9.482274833763373,0.016598091486568652,0.016938012114580608,0.00033992062801195544,2.0479500808091267,2.027192139281837,16.733524135937536,10.28556516093407,-6.447958975003466,-38.533179996170624,-47.72891420696434,46.45882258835806,35.34029035549471,-11.118532232863352,-23.93201466033171,-27.184970185422802
052f8a05-916d-4300-badf-aa80d38d1c6d,frame_thinning_3x,1747554356,True,59.6386512356289,0.0,-59.6386512356289,-100.0,-200.0,118.09197051019416,0.0,-118.09197051019416,-100.0,-200.0,2322.941129417903,0.0,-2322.941129417903,-100.0,-200.0,0.5416666666666667,0.0,-0.5416666666666667,-100.0,-200.0,-9.111265873158928,0.0,9.111265873158928,-100.0,200.0,0.016598091486568652,0.0,-0.016598091486568652,-100.0,-200.0,16.733524135937536,0.0,-16.733524135937536,-100.0,-200.0,46.45882258835806,0.0,-46.45882258835806,-100.0,-200.0
052f8a05-916d-4300-badf-aa80d38d1c6d,landmark_dropout_5pct,1747554356,True,59.6386512356289,59.75494009818062,0.11628886255171977,0.1949890886906029,0.19479917012729886,118.09197051019416,118.09197051019416,0.0,0.0,0.0,2322.941129417903,2322.941129417903,0.0,0.0,0.0,0.5416666666666667,0.13846153846153844,-0.4032051282051283,-74.43786982248521,-118.56738925541944,-9.111265873158928,-9.112721010506801,-0.001455137347873503,0.015970748391397765,-0.01596947316920812,0.016598091486568652,0.016801247941130092,0.00020315645456144005,1.223974784847019,1.2165297759928648,16.733524135937536,16.6937382945922,-0.039785841345334916,-0.23776128101963512,-0.23804426957199923,46.45882258835806,46.45882258835806,0.0,0.0,0.0
052f8a05-916d-4300-badf-aa80d38d1c6d,landmark_dropout_10pct,1747554356,True,59.6386512356289,58.81375155952645,-0.8248996761024472,-1.383162863364089,-1.39279517618394,118.09197051019416,118.66929478502074,0.5773242748265801,0.4888768239977359,0.487684735175512,2322.941129417903,2322.941129417903,0.0,0.0,0.0,0.5416666666666667,0.13846153846153844,-0.4032051282051283,-74.43786982248521,-118.56738925541944,-9.111265873158928,-9.202852160584463,-0.09158628742553532,1.005198275415728,-1.0001714224707894,0.016598091486568652,0.023727848775834268,0.007129757289265615,42.95528371460712,35.360649958175436,16.733524135937536,17.60141923278356,0.8678950968460235,5.186564944691476,5.055462521232349,46.45882258835806,46.45882258835806,0.0,0.0,0.0
052f8a05-916d-4300-badf-aa80d38d1c6d,landmark_dropout_20pct,1747554356,True,59.6386512356289,58.46507846004763,-1.1735727755812704,-1.9678056952437633,-1.9873593807837755,118.09197051019416,118.66929478502074,0.5773242748265801,0.4888768239977359,0.487684735175512,2322.941129417903,2322.9337554250574,-0.007373992845714383,-0.0003174420889246644,-0.0003174425927728632,0.5416666666666667,0.04225352112676056,-0.4994131455399062,-92.19934994582883,-171.05527638190955,-9.111265873158928,-9.569899042445055,-0.4586331692861272,5.033693184579592,-4.910113168617666,0.016598091486568652,0.015213696877317716,-0.0013843946092509368,-8.34068549610781,-8.70365786050897,16.733524135937536,8.282203978638613,-8.451320157298923,-50.505321465121355,-67.56805253551276,46.45882258835806,46.45867510850115,-0.00014747985691343501,-0.0003174420889228291,-0.00031744259277102793
052f8a05-916d-4300-badf-aa80d38d1c6d,jitter_sigma_0p004,1747554356,True,59.6386512356289,59.61518900254391,-0.023462233084991624,-0.03934065006315063,-0.03934839001936213,118.09197051019416,107.26635717121455,-10.825613338979608,-9.167103649985329,-9.607466873186851,2322.941129417903,2226.932864135231,-96.00826528267226,-4.133047715536837,-4.22026040363797,0.5416666666666667,1.4333333333333333,0.8916666666666666,164.61538461538458,90.29535864978902,-9.111265873158928,-9.069216903198527,0.042048969960401195,-0.46150524576693724,0.46257264427634637,0.016598091486568652,0.026071462600543435,0.009473371113974782,57.07506264585137,44.403422143265935,16.733524135937536,17.659514151747587,0.9259900158100507,5.533741776613333,5.384752623856517,46.45882258835806,44.53865728270462,-1.9201653056534411,-4.133047715536829,-4.220260403637961
052f8a05-916d-4300-badf-aa80d38d1c6d,jitter_sigma_0p008,1747554356,True,59.6386512356289,59.829498854889316,0.19084761926041693,0.3200065985838427,0.3194953954101008,118.09197051019416,109.2230792382597,-8.868891271934459,-7.5101560534709355,-7.803171221394048,2322.941129417903,2138.4361195885654,-184.50500982933772,-7.942732921327719,-8.271213104447792,0.5416666666666667,0.12307692307692307,-0.41858974358974366,-77.27810650887574,-125.94021215043395,-9.111265873158928,-9.062692065592985,0.04857380756594232,-0.5331181006256983,0.5345429732988377,0.016598091486568652,0.03519202014057395,0.0185939286540053,112.0244979312935,71.804937544334,16.733524135937536,11.385876639727076,-5.34764749621046,-31.957688367184133,-38.03528772802639,46.45882258835806,42.768722391771306,-3.690100196586755,-7.94273292132772,-8.271213104447794
052f8a05-916d-4300-badf-aa80d38d1c6d,scale_minus_10pct,1747554356,True,59.6386512356289,53.67478611206601,-5.96386512356289,-10.0,-10.526315789473685,118.09197051019416,118.09197051019416,0.0,0.0,0.0,2322.941129417903,2090.6470164761126,-232.29411294179044,-10.000000000000005,-10.52631578947369,0.5416666666666667,0.5416666666666667,0.0,0.0,0.0,-9.111265873158928,-9.019750892037578,0.09151498112134959,-1.0044156585414274,1.0094853731205817,0.016598091486568652,0.0165980914865686,-5.204170427930421e-17,-3.1354029058953495e-13,-3.135402905895354e-13,16.733524135937536,18.592804595487177,1.859280459549641,11.111111111117241,10.526315789479186,46.45882258835806,41.812940329522256,-4.645882258835805,-9.999999999999996,-10.52631578947368
052f8a05-916d-4300-badf-aa80d38d1c6d,scale_minus_5pct,1747554356,True,59.6386512356289,56.656718673847486,-2.981932561781413,-4.999999999999946,-5.128205128205071,118.09197051019416,118.09197051019416,0.0,0.0,0.0,2322.941129417903,2206.794072947008,-116.14705647089522,-5.000000000000003,-5.128205128205131,0.5416666666666667,0.5416666666666667,0.0,0.0,0.0,-9.111265873158928,-9.066713083736625,0.04455278942230301,-0.4889857242949305,0.4901841896500002,0.016598091486568652,0.016598091486568625,-2.7755575615628914e-17,-1.6722148831441863e-13,-1.6722148831441878e-13,16.733524135937536,17.614235932566704,0.8807117966291678,5.263157894742079,5.1282051282101,46.45882258835806,44.135881458940155,-2.322941129417906,-5.000000000000006,-5.128205128205134
052f8a05-916d-4300-badf-aa80d38d1c6d,scale_plus_5pct,1747554356,True,59.6386512356289,62.62058379741032,2.98193256178142,4.999999999999958,4.878048780487765,118.09197051019416,118.09197051019416,0.0,0.0,0.0,2322.941129417903,2439.088185888798,116.14705647089477,4.999999999999984,4.878048780487789,0.5416666666666667,0.5416666666666667,0.0,0.0,0.0,-9.111265873158928,-9.153644471298804,-0.042378598139876544,0.46512305457708747,-0.46404386707253475,0.016598091486568652,0.016598091486568628,-2.42861286636753e-17,-1.463188022751163e-13,-1.463188022751164e-13,16.733524135937536,15.936689653274282,-0.7968344826632539,-4.761904761902143,-4.878048780485057,46.45882258835806,48.78176371777596,2.3229411294178988,4.99999999999999,4.878048780487796
052f8a05-916d-4300-badf-aa80d38d1c6d,scale_plus_10pct,1747554356,True,59.6386512356289,65.60251635919175,5.963865123562854,9.999999999999941,9.52380952380947,118.09197051019416,118.09197051019416,0.0,0.0,0.0,2322.941129417903,2555.2352423596935,232.29411294179044,10.000000000000005,9.523809523809529,0.5416666666666667,0.5416666666666667,0.0,0.0,0.0,-9.111265873158928,-9.194051243475378,-0.08278537031645072,0.9086044844803609,-0.9044953418613269,0.016598091486568652,0.016598091486568545,-1.0755285551056204e-16,-6.479832672183722e-13,-6.479832672183742e-13,16.733524135937536,15.212294669034886,-1.5212294669026498,-9.090909090904534,-9.523809523804523,46.45882258835806,51.10470484719387,4.645882258835812,10.000000000000012,9.523809523809534
052f8a05-916d-4300-badf-aa80d38d1c6d,combined_degradation,1747554356,True,59.6386512356289,14.708050813944276,-44.93060042168462,-75.33805592646016,-120.86777001009575,118.09197051019416,69.54300109230238,-48.54896941789178,-41.111151933653986,-51.748316428711874,2322.941129417903,172.75689326043155,-2150.1842361574713,-92.56301026863638,-172.31125052941582,0.5416666666666667,0.125,-0.41666666666666674,-76.92307692307693,-125.0,-9.111265873158928,-6.574520562722083,2.536745310436845,-27.841853654055875,32.344509098174086,0.016598091486568652,0.9336304639400657,0.917032372453497,5524.926604938701,193.01301086279545,16.733524135937536,14.350398283496158,-2.3831258524413776,-14.241625572005411,-15.333495047918698,46.45882258835806,0.0,-46.45882258835806,-100.0,-200.0
0de5883a-0f0b-4e36-aa9d-2115230940b7,frame_thinning_2x,1603145021,True,4.266535957085122,14.71833808558306,10.451802128497938,244.97161710641163,110.10662599085663,0.05791658344833642,0.0,-0.05791658344833642,-100.0,-200.0,65.95108964563113,174.37695866459967,108.42586901896854,164.40345353134148,90.23155622601777,0.05882352941176471,0.09999999999999999,0.04117647058823528,69.99999999999997,51.85185185185184,-6.582228979920482,-6.227725686223223,0.35450329369725964,-5.385763618657069,5.5348094967767585,0.8931781117073271,0.9654640072829489,0.07228589557562182,8.09311095157112,7.778355481892532,427.35855462042684,75.63677373093753,-351.7217808894893,-82.30133153690655,-139.85091354319545,0.026664453461652242,0.06929527219319641,0.042630818731544166,159.87883941763187,88.85148105754328
0de5883a-0f0b-4e36-aa9d-2115230940b7,frame_thinning_3x,1603145021,True,4.266535957085122,12.031550378472504,7.765014421387383,181.9981010236793,95.28743757414522,0.05791658344833642,0.0,-0.05791658344833642,-100.0,-200.0,65.95108964563113,146.2548387119508,80.30374906631968,121.76258117615397,75.68473669689585,0.05882352941176471,0.14285714285714285,0.08403361344537813,142.8571428571428,83.33333333333331,-6.582228979920482,-6.0672496474383335,0.5149793324821488,-7.823783311901283,8.142301317752816,0.8931781117073271,0.9750421187393966,0.08186400703206953,9.165473936165421,8.763849753676464,427.35855462042684,17.297822113022725,-410.0607325074041,-95.95238660230251,-184.4393801432948,0.026664453461652242,0.11507530766421796,0.08841085420256573,331.56822182654037,124.7509569654962
0de5883a-0f0b-4e36-aa9d-2115230940b7,landmark_dropout_5pct,1603145021,True,4.266535957085122,4.266535957085122,0.0,0.0,0.0,0.05791658344833642,0.05791658344833642,0.0,0.0,0.0,65.95108964563113,65.95108964563113,0.0,0.0,0.0,0.05882352941176471,0.05882352941176471,0.0,0.0,0.0,-6.582228979920482,-6.582228979920482,0.0,-0.0,0.0,0.8931781117073271,0.8931781117073271,0.0,0.0,0.0,427.35855462042684,427.35855462042684,0.0,0.0,0.0,0.026664453461652242,0.026664453461652242,0.0,0.0,0.0
0de5883a-0f0b-4e36-aa9d-2115230940b7,landmark_dropout_10pct,1603145021,True,4.266535957085122,4.266535957085122,0.0,0.0,0.0,0.05791658344833642,0.05791658344833642,0.0,0.0,0.0,65.95108964563113,65.95108964563113,0.0,0.0,0.0,0.05882352941176471,0.05882352941176471,0.0,0.0,0.0,-6.582228979920482,-6.582228979920482,0.0,-0.0,0.0,0.8931781117073271,0.8931781117073271,0.0,0.0,0.0,427.35855462042684,427.35855462042684,0.0,0.0,0.0,0.026664453461652242,0.026664453461652242,0.0,0.0,0.0
0de5883a-0f0b-4e36-aa9d-2115230940b7,landmark_dropout_20pct,1603145021,True,4.266535957085122,7.571580867918055,3.305044910832933,77.46436322292067,55.837342369394065,0.05791658344833642,0.05801129232060334,9.470887226692426e-05,0.163526345353931,0.1633927502573964,65.95108964563113,265.48596070928903,199.5348710636579,302.54977155919653,120.40589357767064,0.05882352941176471,17.999999999999982,17.941176470588218,30499.999999999967,198.69706840390882,-6.582228979920482,-7.318990989868861,-0.7367620099483787,11.193199328007566,-10.599961896143471,0.8931781117073271,0.9126579402749727,0.01947982856764563,2.180956778084224,2.1574304651036575,427.35855462042684,402.05067311935056,-25.30788150107628,-5.921931649070262,-6.102628390099486,0.026664453461652242,4.267016693722409,4.240352240260757,15902.640743636704,197.51593538992623
0de5883a-0f0b-4e36-aa9d-2115230940b7,jitter_sigma_0p004,1603145021,True,4.266535957085122,8.552920674684716,4.286384717599594,100.46521957658673,66.87311078344544,0.05791658344833642,1.0466230567770962,0.9887064733287598,1707.1215435398049,179.02598282972775,65.95108964563113,301.65450723628754,235.70341759065641,357.3912407772786,128.23712130061418,0.05882352941176471,0.05555555555555556,-0.0032679738562091526,-5.555555555555559,-5.714285714285718,-6.582228979920482,-7.280993877793028,-0.6987648978725458,10.615931168669057,-10.080843466838628,0.8931781117073271,0.8723528344640911,-0.020825277243236018,-2.3315928783149533,-2.3590951252818266,427.35855462042684,63.04598127008114,-364.3125733503457,-85.2475209426713,-148.57634735731128,0.026664453461652242,0.282284666255225,0.2556202127935728,958.6553617579135,165.47722358155582
0de5883a-0f0b-4e36-aa9d-2115230940b7,jitter_sigma_0p008,1603145021,True,4.266535957085122,2.9705546482453413,-1.2959813088397802,-30.375492480911586,-35.81498089536776,0.05791658344833642,1.6621732922604135,1.6042567088120772,2769.9436211445886,186.53173086680198,65.95108964563113,105.06445107262596,39.11336142699483,59.30661894619031,45.74246441314115,0.05882352941176471,0.0,-0.05882352941176471,-100.0,-200.0,-6.582228979920482,-6.768541442090664,-0.18631246217018216,2.8305375388571323,-2.791036865752894,0.8931781117073271,0.638057888908395,-0.2551202227989321,-28.563196909434435,-33.322129664708285,427.35855462042684,513.0016864734598,85.64313185303297,20.04011173453632,18.214962332607225,0.026664453461652242,2.9705546482453413,2.9438901947836893,11040.504539189133,196.44144087478077
0de5883a-0f0b-4e36-aa9d-2115230940b7,scale_minus_10pct,1603145021,True,4.266535957085122,3.8398823613766098,-0.4266535957085118,-9.999999999999993,-10.526315789473674,0.05791658344833642,0.05791658344833642,0.0,0.0,0.0,65.95108964563113,59.355980681068026,-6.595108964563103,-9.999999999999986,-10.526315789473669,0.05882352941176471,0.05882352941176471,0.0,0.0,0.0,-6.582228979920482,-6.490713998799132,0.09151498112135048,-1.390334207462592,1.4000670127655312,0.8931781117073271,0.8931781117073345,7.438494264988549e-15,8.328119741727352e-13,8.328119741727318e-13,427.35855462042684,474.8428384676988,47.48428384727197,11.11111111124165,10.526315789590845,0.026664453461652242,0.02399800811548702,-0.0026664453461652214,-9.99999999999999,-10.526315789473674
0de5883a-0f0b-4e36-aa9d-2115230940b7,scale_minus_5pct,1603145021,True,4.266535957085122,4.0532091592308666,-0.213326797854255,-4.999999999999975,-5.128205128205101,0.05791658344833642,0.05791658344833642,0.0,0.0,0.0,65.95108964563113,62.653535163349595,-3.2975544822815337,-4.999999999999965,-5.128205128205091,0.05882352941176471,0.05882352941176471,0.0,0.0,0.0,-6.582228979920482,-6.537676190498178,0.044552789422303896,-0.676864775719822,0.6791632842401436,0.8931781117073271,0.8931781117073248,-2.3314683517128287e-15,-2.610306187705588e-13,-2.6103061877055916e-13,427.35855462042684,449.8511101271879,22.49255550676105,5.263157894835775,5.128205128299052,0.026664453461652242,0.02533123078856963,-0.0013332226730826124,-5.000000000000001,-5.1282051282051295
0de5883a-0f0b-4e36-aa9d-2115230940b7,scale_plus_5pct,1603145021,True,4.266535957085122,4.479862754939378,0.2133267978542568,5.000000000000017,4.87804878048782,0.05791658344833642,0.05791658344833642,0.0,0.0,0.0,65.95108964563113,69.2486441279127,3.297554482281569,5.0000000000000195,4.878048780487823,0.05882352941176471,0.05882352941176471,0.0,0.0,0.0,-6.582228979920482,-6.624607578060359,-0.042378598139876544,0.6438335443685599,-0.6417675868679895,0.8931781117073271,0.8931781117073271,0.0,0.0,0.0,427.35855462042684,407.008147257767,-20.350407362659837,-4.761904761853837,-4.878048780434365,0.026664453461652242,0.027997676134734854,0.0013332226730826124,5.000000000000001,4.8780487804878065
0de5883a-0f0b-4e36-aa9d-2115230940b7,scale_plus_10pct,1603145021,True,4.266535957085122,4.693189552793635,0.4266535957085136,10.000000000000034,9.523809523809554,0.05791658344833642,0.05791658344833642,0.0,0.0,0.0,65.95108964563113,72.54619861019425,6.595108964563124,10.000000000000018,9.52380952380954,0.05882352941176471,0.05882352941176471,0.0,0.0,0.0,-6.582228979920482,-6.665014350236933,-0.08278537031645072,1.2577102767009911,-1.2498505274374996,0.8931781117073271,0.8931781117073292,2.1094237467877974e-15,2.3617055984002935e-13,2.361705598400291e-13,427.35855462042684,388.507776927833,-38.85077769259385,-9.090909090868792,-9.523809523765294,0.026664453461652242,0.029330898807817467,0.002666445346165225,10.000000000000002,9.523809523809526
0de5883a-0f0b-4e36-aa9d-2115230940b7,combined_degradation,1603145021,True,4.266535957085122,10.322208990820114,6.055673033734992,141.93418489017495,83.01842352250476,0.05791658344833642,3.866810651849769,3.8088940684014325,6576.517193558382,194.0972628184249,65.95108964563113,182.69797890620288,116.74688926057175,177.02040995513036,93.90494799801303,0.05882352941176471,4.499999999999999,4.441176470588235,7549.999999999998,194.8387096774194,-6.582228979920482,-7.077220350312649,-0.49499137039216645,7.520117758014341,-7.247603595506266,0.8931781117073271,0.8714926476637824,-0.021685464043544656,-2.427899179268117,-2.4577348412882283,427.35855462042684,117.87106019165277,-309.4874944287741,-72.41869645119331,-113.52556281648161,0.026664453461652242,3.0142898345719917,2.9876253811103397,11204.525100831426,196.49262028481277
0f116f84-9ff5-4346-abf4-aa3ffef93b6a,frame_thinning_2x,2744893009,True,16.977686039664075,10.573613605427038,-6.404072434237037,-37.7205257493603,-46.488350943386926,63.67600793781223,37.61791093499346,-26.05809700281877,-40.92294389476777,-51.450466706772005,292.6608085644573,86.15358445826223,-206.50722410619505,-70.56196732290266,-109.0281826191381,0.6331658291457286,0.67,0.03683417085427143,5.81746031746033,5.653028959241133,-6.281787664225782,-5.213741288171936,1.0680463760538466,-17.00226803488241,18.581943997123773,0.09070101639208239,0.09218811514334511,0.0014870987512627248,1.6395612865398264,1.6262297696729544,314.8117368457222,284.5628573071063,-30.24887953861588,-9.608561561807258,-10.093480715968761,0.6905902570333621,0.9382913345307085,0.24770107749734638,35.86802376295037,30.413638263233242
0f116f84-9ff5-4346-abf4-aa3ffef93b6a,frame_thinning_3x,2744893009,True,16.977686039664075,11.093891919042036,-5.8837941206220385,-34.65604268376762,-41.919938588968705,63.67600793781223,28.3934311739661,-35.28257676384613,-55.40953006712368,-76.64340546489214,292.6608085644573,103.06975625760415,-189.59105230685313,-64.78183848285806,-95.81825067876774,0.6331658291457286,1.196078431372549,0.5629126022268204,88.90445066915656,61.54591974144896,-6.281787664225782,-4.80851937674208,1.4732682874837026,-23.45300997475342,26.56857528004255,0.09070101639208239,0.0850930616316972,-0.005607954760385184,-6.182901783749715,-6.380140700333031,314.8117368457222,222.22594831638276,-92.58578852933942,-29.409890958008454,-34.480183081152816,0.6905902570333621,1.664373775833966,0.973783518800604,141.00742211217744,82.70050032271249
0f116f84-9ff5-4346-abf4-aa3ffef93b6a,landmark_dropout_5pct,2744893009,True,16.977686039664075,16.861663669242212,-0.11602237042186303,-0.6833815288538502,-0.6857245864351037,63.67600793781223,63.51006193254899,-0.16594600526323688,-0.2606099387155432,-0.2609499694933306,292.6608085644573,291.2942440298439,-1.3665645346133601,-0.4669448366921942,-0.46803757533810453,0.6331658291457286,0.06885245901639343,-0.5643133701293351,-89.12568306010928,-160.7688516510596,-6.281787664225782,-6.421904053151591,-0.1401163889258088,2.230517750922386,-2.205916076098472,0.09070101639208239,0.09617893604826415,0.0054779196561817595,6.039535028473999,5.862501124009385,314.8117368457222,338.0224857231351,23.210748877412925,7.372898199404704,7.110763521581403,0.6905902570333621,0.02959654824932438,-0.6609937087840377,-95.71431135207942,-183.5617381311466
0f116f84-9ff5-4346-abf4-aa3ffef93b6a,landmark_dropout_10pct,2744893009,True,16.977686039664075,16.994179297124397,0.01649325746032204,0.09714667488720025,0.09709951041435061,63.67600793781223,63.359632881912034,-0.31637505590019543,-0.4968512727889226,-0.49808865269418673,292.6608085644573,293.58467584344635,0.9238672789890643,0.3156785097125796,0.3151810303228696,0.6331658291457286,0.06885245901639343,-0.5643133701293351,-89.12568306010928,-160.7688516510596,-6.281787664225782,-6.445674986141129,-0.16388732191534672,2.6089280739091247,-2.575333771034435,0.09070101639208239,0.09283421832952878,0.0021332019374463856,2.351905218156519,2.3245693838374484,314.8117368457222,421.25557319458005,106.44383634885787,33.81190212772218,28.92231047267395,0.6905902570333621,0.030868499836722643,-0.6597217571966394,-95.53012810094836,-182.88550826071335
0f116f84-9ff5-4346-abf4-aa3ffef93b6a,landmark_dropout_20pct,2744893009,True,16.977686039664075,4.450685897058437,-12.527000142605637,-73.78508539585114,-116.919756476111,63.67600793781223,66.93330987330015,3.2573019354879165,5.115430506681714,4.9878553690918705,292.6608085644573,70.51259683006899,-222.1482117343883,-75.90637531005834,-122.33726833222381,0.6331658291457286,0.04907975460122699,-0.5840860745445016,-92.24851494790144,-171.22458201536372,-6.281787664225782,-5.827824637086109,0.4539630271396735,-7.226653484723024,7.497565006114912,0.09070101639208239,0.8572400041192806,0.7665389877271982,845.1272303428257,161.72714781636768,314.8117368457222,911.9203510552045,597.1086142094823,189.67164953640327,97.34947346672911,0.6905902570333621,0.017378871645449774,-0.6732113853879123,-97.48347569800565,-190.1810003055463
0f116f84-9ff5-4346-abf4-aa3ffef93b6a,jitter_sigma_0p004,2744893009,True,16.977686039664075,16.963738692443926,-0.013947347220149453,-0.08215104925114647,-0.08218480709182194,63.67600793781223,69.79138019197146,6.115372254159226,9.603887637132763,9.163844950966807,292.6608085644573,289.88937163901113,-2.771436925446153,-0.9469791801097126,-0.9514843595029591,0.6331658291457286,0.9345238095238094,0.3013579803780808,47.59542705971276,38.44612772127988,-6.281787664225782,-6.315171858550921,-0.03338419432513895,0.5314441701883517,-0.5300357481466319,0.09070101639208239,0.08726392618959807,-0.0034370902024843247,-3.7894726423202028,-3.8626598616823715,314.8117368457222,165.36168842422327,-149.4500484214989,-47.472832467723066,-62.248363010710385,0.6905902570333621,2.918551565844064,2.227961308810702,322.6169622464092,123.46210917444284
0f116f84-9ff5-4346-abf4-aa3ffef93b6a,jitter_sigma_0p008,2744893009,True,16.977686039664075,16.949651362968215,-0.028034676695860128,-0.16512660577162394,-0.16526305240614034,63.67600793781223,88.30306679382605,24.627058856013818,38.67556973745165,32.40848636498124,292.6608085644573,289.0903828590581,-3.5704257053992023,-1.2199876447115166,-1.2274751674036295,0.6331658291457286,0.06907894736842105,-0.5640868817773076,-89.08991228070175,-160.6524962926347,-6.281787664225782,-6.397880096553849,-0.11609243232806676,1.8480795361677498,-1.8311588997175525,0.09070101639208239,0.06621256653393226,-0.02448844985815013,-26.999090894738654,-31.21265782286869,314.8117368457222,93.33748765494782,-221.47424919077434,-70.35133169107695,-108.52611539895786,0.6905902570333621,1.0465945844172837,0.3560043273839216,51.55073124159689,40.986349741186814
0f116f84-9ff5-4346-abf4-aa3ffef93b6a,scale_minus_10pct,2744893009,True,16.977686039664075,15.279917435697666,-1.6977686039664093,-10.00000000000001,-10.526315789473696,63.67600793781223,63.67600793781223,0.0,0.0,0.0,292.6608085644573,263.3947277080115,-29.266080856445797,-10.000000000000023,-10.52631578947371,0.6331658291457286,0.6331658291457286,0.0,0.0,0.0,-6.281787664225782,-6.190272683104432,0.09151498112135048,-1.4568302211569502,1.4675198575500847,0.09070101639208239,0.09070101639208263,2.3592239273284576e-16,2.6010997684193566e-13,2.6010997684193536e-13,314.8117368457222,349.79081871821313,34.97908187249095,11.111111111347457,10.526315789685805,0.6905902570333621,0.6215312313300257,-0.06905902570333633,-10.000000000000018,-10.526315789473704
0f116f84-9ff5-4346-abf4-aa3ffef93b6a,scale_minus_5pct,2744893009,True,16.977686039664075,16.128801737680853,-0.8488843019832224,-5.00000000000011,-5.128205128205244,63.67600793781223,63.67600793781223,0.0,0.0,0.0,292.6608085644573,278.0277681362341,-14.633040428223183,-5.000000000000108,-5.128205128205243,0.6331658291457286,0.6331658291457286,0.0,0.0,0.0,-6.281787664225782,-6.237234874803477,0.04455278942230567,-0.7092374305491065,0.7117614699295901,0.09070101639208239,0.09070101639208303,6.38378239159465e-16,7.038269961605318e-13,7.038269961605293e-13,314.8117368457222,331.380775627341,16.569038781618815,5.263157894821024,5.128205128285049,0.6905902570333621,0.6560607441816942,-0.03452951285166783,-4.999999999999961,-5.128205128205087
0f116f84-9ff5-4346-abf4-aa3ffef93b6a,scale_plus_5pct,2744893009,True,16.977686039664075,17.826570341647283,0.8488843019832082,5.000000000000026,4.87804878048783,63.67600793781223,63.67600793781223,0.0,0.0,0.0,292.6608085644573,307.29384899268024,14.633040428222955,5.000000000000031,4.878048780487834,0.6331658291457286,0.6331658291457286,0.0,0.0,0.0,-6.281787664225782,-6.324166262365659,-0.042378598139876544,0.6746264026276925,-0.6723584488196747,0.09070101639208239,0.0907010163920824,1.3877787807814457e-17,1.530058687305504e-14,1.530058687305504e-14,314.8117368457222,299.8207017580556,-14.991035087666603,-4.761904761833313,-4.878048780412828,0.6905902570333621,0.7251197698850304,0.034529512851668276,5.000000000000025,4.878048780487829
0f116f84-9ff5-4346-abf4-aa3ffef93b6a,scale_plus_10pct,2744893009,True,16.977686039664075,18.675454643630474,1.6977686039663986,9.999999999999948,9.523809523809474,63.67600793781223,63.67600793781223,0.0,0.0,0.0,292.6608085644573,321.92688942090285,29.26608085644557,9.999999999999945,9.523809523809474,0.6331658291457286,0.6331658291457286,0.0,0.0,0.0,-6.281787664225782,-6.364573034542232,-0.08278537031644984,1.3178632380063577,-1.3092362662803796,0.09070101639208239,0.09070101639208275,3.608224830031759e-16,3.9781525869943104e-13,3.9781525869943023e-13,314.8117368457222,286.1924880421176,-28.61924880360459,-9.090909090733758,-9.523809523617095,0.6905902570333621,0.7596492827366985,0.06905902570333644,10.000000000000034,9.523809523809556
0f116f84-9ff5-4346-abf4-aa3ffef93b6a,combined_degradation,2744893009,True,16.977686039664075,10.690025869872455,-6.28766016979162,-37.03484771188541,-45.45124794092123,63.67600793781223,41.53214581577679,-22.143862122035436,-34.77583290658195,-42.09533450021221,292.6608085644573,80.4326339248098,-212.22817463964748,-72.51677314795128,-113.76676750128232,0.6331658291457286,0.09868421052631579,-0.5344816186194128,-84.4141604010025,-146.06315218864344,-6.281787664225782,-5.282019836767381,0.9997678274584016,-15.915339404927515,17.291326016496487,0.09070101639208239,0.0751829048634164,-0.015518111528665987,-17.10908228589665,-18.709602969614618,314.8117368457222,78.09523194194075,-236.7165049037814,-75.193036725879,-120.49493834847665,0.6905902570333621,0.12058819595087096,-0.5700020610824911,-82.53838731103826,-140.5367854596035
15f312b0-d99c-4535-8c57-5b099a1428be,frame_thinning_2x,274161411,True,6.907850389314786,5.029328087534542,-1.8785223017802437,-27.194021235404627,-31.473472653917405,42.54266020518688,25.63665606415332,-16.906004141033556,-39.738944531194,-49.592765272819484,24.582475862822026,15.98388683488414,-8.598589027937885,-34.9785313567304,-42.39270398489088,0.0617283950617284,0.21985815602836883,0.15812976096664044,256.1702127659575,112.31343283582092,-4.624693165419135,-3.110011665861246,1.5146814995578888,-32.7520431168024,39.1658513827774,0.20705524831703237,0.11836745707211055,-0.08868779124492182,-42.8329114889798,-54.50620978574208,6145.377637750479,2148.7034943192443,-3996.674143431235,-65.03545231915513,-96.37412703808207,0.003398775431699211,0.025798200853390112,0.0223994254216909,659.0439960457273,153.43661071595363
15f312b0-d99c-4535-8c57-5b099a1428be,frame_thinning_3x,274161411,True,6.907850389314786,4.447053287306969,-2.4607971020078168,-35.62319626687677,-43.343337329655604,42.54266020518688,17.19980983263651,-25.342850372550366,-59.57044117673797,-84.84031663406492,24.582475862822026,14.157999716665291,-10.424476146156735,-42.40612786250092,-53.816975606135244,0.0617283950617284,0.08411214953271028,0.022383754470981877,36.26168224299064,30.696202531645557,-4.624693165419135,-2.569797459844236,2.054895705574899,-44.433125227426075,57.12414714557154,0.20705524831703237,0.129174304380823,-0.07788094393620937,-37.61360533926774,-46.32605510806792,6145.377637750479,876.7469448340545,-5268.630692916425,-85.73322915994162,-150.05802392008474,0.003398775431699211,0.002150648041395828,-0.0012481273903033828,-36.722855492673254,-44.982236311739754
15f312b0-d99c-4535-8c57-5b099a1428be,landmark_dropout_5pct,274161411,True,6.907850389314786,9.314863148984836,2.4070127596700504,34.84459888409382,29.674601033759494,42.54266020518688,42.563539983354396,0.020879778167518737,0.04907962517344658,0.049067584080272446,24.582475862822026,146.4063809719813,121.82390510915927,495.57215387487867,142.49338508281443,0.0617283950617284,0.09385113268608415,0.03212273762435575,52.038834951456316,41.294298921417564,-4.624693165419135,-5.053807545846,-0.42911438042686534,9.278764343449687,-8.867373020439096,0.20705524831703237,0.0978755837768207,-0.10917966454021168,-52.7297257266531,-71.60946224461017,6145.377637750479,5620.316086677143,-525.061551073336,-8.544007903565308,-8.925296941619635,0.003398775431699211,0.005612378678633609,0.002213603246934398,65.1294353339406,49.13029385206332
15f312b0-d99c-4535-8c57-5b099a1428be,landmark_dropout_10pct,274161411,True,6.907850389314786,9.166553845563353,2.2587034562485675,32.69763137520146,28.10310632039037,42.54266020518688,42.58585279127494,0.04319258608806109,0.10152770390882838,0.10147619068561976,24.582475862822026,144.07536933623336,119.49289347341134,486.0897418967048,141.69858903673529,0.0617283950617284,0.09385113268608415,0.03212273762435575,52.038834951456316,41.294298921417564,-4.624693165419135,-5.110320737973301,-0.4856275725541659,10.50075227012717,-9.97692612200452,0.20705524831703237,0.0938366067946014,-0.11321864152243097,-54.680401700842864,-75.25537138944873,6145.377637750479,7301.899487881305,1156.5218501308254,18.819378048086417,17.20083314006202,0.003398775431699211,0.005612238982432459,0.002213463550733248,65.12532514178588,49.1279549450492
15f312b0-d99c-4535-8c57-5b099a1428be,landmark_dropout_20pct,274161411,True,6.907850389314786,14.962964839097433,8.055114449782646,116.60811968716742,73.66085228792299,42.54266020518688,11.095017994059905,-31.447642211126972,-73.9202533632178,-117.25952079547166,24.582475862822026,334.4269796282408,309.8445037654188,1260.4283860358448,172.61077613769535,0.0617283950617284,0.0935483870967742,0.0318199920350458,51.548387096774185,40.98486791484996,-4.624693165419135,-5.7692863170439965,-1.1445931516248615,24.749601988375964,-22.024156456264613,0.20705524831703237,0.09218546175265606,-0.11486978656437631,-55.47784347320363,-76.77417055829399,6145.377637750479,7064.479323325578,919.1016855750986,14.95598382643148,13.915391942294429,0.003398775431699211,0.005612262038235834,0.0022134866065366228,65.12600349797147,49.12834096899118
15f312b0-d99c-4535-8c57-5b099a1428be,jitter_sigma_0p004,274161411,True,6.907850389314786,6.580619857852938,-0.327230531461848,-4.7370819143393055,-4.852003607014799,42.54266020518688,28.29362241424969,-14.249037790937187,-33.49352796043515,-40.230902198776405,24.582475862822026,32.4716433867868,7.889167523964776,32.092648307635166,27.655032196536325,0.0617283950617284,0.3815261044176707,0.3197977093559423,518.0722891566265,144.29530201342283,-4.624693165419135,-4.884283074112179,-0.25958990869304444,5.613127172070839,-5.4598918359657045,0.20705524831703237,0.1962602446141923,-0.010795003702840061,-5.213586127655796,-5.3531311799524035,6145.377637750479,237.0388395610108,-5908.338798189468,-96.1428108485164,-185.14425748281093,0.003398775431699211,0.14100144048139407,0.13760266504969487,4048.5953783919376,190.58512368500962
15f312b0-d99c-4535-8c57-5b099a1428be,jitter_sigma_0p008,274161411,True,6.907850389314786,6.466858837273243,-0.4409915520415426,-6.3839186894330835,-6.594409561665548,42.54266020518688,43.33041108793349,0.7877508827466144,1.8516728360361687,1.8346866389760166,24.582475862822026,58.825831681752625,34.243355818930596,139.29986552216843,82.11018021347677,0.0617283950617284,0.15436241610738252,0.09263402104565413,150.06711409395967,85.7361963190184,-4.624693165419135,-5.329013631003897,-0.7043204655847619,15.229560976094064,-14.151923097390549,0.20705524831703237,0.16369578440707008,-0.04335946390996229,-20.94101176492397,-23.39007046932684,6145.377637750479,109.30857563103353,-6036.069062119445,-98.22128790003788,-193.00949260110443,0.003398775431699211,0.5746456034088793,0.5712468279771801,16807.43077784302,197.64808685553427
15f312b0-d99c-4535-8c57-5b099a1428be,scale_minus_10pct,274161411,True,6.907850389314786,6.2170653503833035,-0.690785038931482,-10.00000000000005,-10.526315789473738,42.54266020518688,42.54266020518688,0.0,0.0,0.0,24.582475862822026,22.124228276539792,-2.4582475862822335,-10.000000000000126,-10.526315789473824,0.0617283950617284,0.0617283950617284,0.0,0.0,0.0,-4.624693165419135,-4.533178184297786,0.0915149811213487,-1.978833575503916,1.998608139962078,0.20705524831703237,0.20705524831703218,-1.942890293094024e-16,-9.383439004256343e-14,-9.383439004256347e-14,6145.377637750479,6828.197375340893,682.8197375904138,11.111111112129482,10.526315790387677,0.003398775431699211,0.0030588978885292906,-0.0003398775431699202,-9.999999999999973,-10.526315789473657
15f312b0-d99c-4535-8c57-5b099a1428be,scale_minus_5pct,274161411,True,6.907850389314786,6.562457869849056,-0.34539251946572946,-4.999999999999858,-5.1282051282049785,42.54266020518688,42.54266020518688,0.0,0.0,0.0,24.582475862822026,23.353352069680973,-1.2291237931410528,-4.999999999999803,-5.12820512820492,0.0617283950617284,0.0617283950617284,0.0,0.0,0.0,-4.624693165419135,-4.580140375996833,0.04455278942230212,-0.9633674673909811,0.9680303119408418,0.20705524831703237,0.2070552483170329,5.273559366969494e-16,2.546933444012436e-13,2.5469334440124323e-13,6145.377637750479,6468.818566036529,323.4409282860497,5.263157894466605,5.128205127948572,0.003398775431699211,0.0032288366601142503,-0.00016993877158496054,-5.0,-5.128205128205129
15f312b0-d99c-4535-8c57-5b099a1428be,scale_plus_5pct,274161411,True,6.907850389314786,7.253242908780535,0.345392519465749,5.00000000000014,4.878048780487939,42.54266020518688,42.54266020518688,0.0,0.0,0.0,24.582475862822026,25.81159965596318,1.2291237931411558,5.000000000000222,4.878048780488016,0.0617283950617284,0.0617283950617284,0.0,0.0,0.0,-4.624693165419135,-4.6670717635590115,-0.042378598139876544,0.9163548072066697,-0.9121754255256884,0.20705524831703237,0.2070552483170329,5.273559366969494e-16,2.546933444012436e-13,2.5469334440124323e-13,6145.377637750479,5852.740607392428,-292.63703035805156,-4.761904761725458,-4.878048780299649,0.003398775431699211,0.003568714203284172,0.00016993877158496097,5.000000000000012,4.878048780487817
15f312b0-d99c-4535-8c57-5b099a1428be,scale_plus_10pct,274161411,True,6.907850389314786,7.598635428246273,0.6907850389314873,10.000000000000126,9.52380952380964,42.54266020518688,42.54266020518688,0.0,0.0,0.0,24.582475862822026,27.040723449104277,2.4582475862822513,10.000000000000197,9.523809523809705,0.0617283950617284,0.0617283950617284,0.0,0.0,0.0,-4.624693165419135,-4.707478535735584,-0.08278537031644895,1.790072710887537,-1.7741930381800728,0.20705524831703237,0.20705524831703276,3.885780586188048e-16,1.8766878008512687e-13,1.8766878008512666e-13,6145.377637750479,5586.706943456221,-558.6706942942583,-9.090909090149262,-9.523809522975608,0.003398775431699211,0.003738652974869132,0.0003398775431699211,10.0,9.523809523809524
15f312b0-d99c-4535-8c57-5b099a1428be,combined_degradation,274161411,True,6.907850389314786,4.88854059679952,-2.0193097925152657,-29.23210085207952,-34.2360607560774,42.54266020518688,22.151427756826372,-20.391232448360505,-47.93125852970137,-63.038936294561346,24.582475862822026,15.37099956276412,-9.211476300057907,-37.47171908745422,-46.11101388270664,0.0617283950617284,0.06832298136645962,0.006594586304731219,10.683229813664575,10.141509433962245,-4.624693165419135,-3.328055512579031,1.2966376528401038,-28.03726877570244,32.6085409042874,0.20705524831703237,0.10386452808759448,-0.10319072022943789,-49.83728790657726,-66.37771416324888,6145.377637750479,204.89520104385562,-5940.482436706624,-96.66586476663039,-187.09377022088665,0.003398775431699211,0.02448416409332098,0.021085388661621768,620.3819312381039,151.24222209571
1923a324-7b77-4d06-a3a6-8a7fd6e6fd8b,frame_thinning_2x,1732375491,True,9.444906390199495,14.639358299221097,5.194451909021602,54.997389009716635,43.13564874001198,5.421539338962999,30.55706636263532,25.135527023672324,463.6234370380886,139.72485333168817,140.863533903107,111.5706020535408,-29.2929318495662,-20.79525554833471,-23.208376108528267,6.444444444444449,0.07936507936507937,-6.36507936507937,-98.76847290640394,-195.1338199513382,-4.689783174445091,-4.208111203241567,0.48167197120352334,-10.27066611156317,10.826650682917009,0.5311369293985478,0.7501136961836287,0.21897676678508082,41.22793100322493,34.1817225159335,349.94394540411105,373.6437141861535,23.69976878204244,6.772447157122332,6.550628239144531,0.5390452892896503,0.03030179200472451,-0.5087434972849258,-94.37861853042887,-178.71119884493987
1923a324-7b77-4d06-a3a6-8a7fd6e6fd8b,frame_thinning_3x,1732375491,True,9.444906390199495,10.076068247523764,0.631161857324269,6.682563397125819,6.466499434967574,5.421539338962999,18.713504773646168,13.291965434683169,245.16958383309603,110.14660153646776,140.863533903107,76.85018593851956,-64.01334796458744,-45.443519831483876,-58.80506567170249,6.444444444444449,0.9166666666666665,-5.527777777777782,-85.77586206896552,-150.18867924528303,-4.689783174445091,-4.298480248929671,0.39130292551541945,-8.34373170272887,8.706975020287059,0.5311369293985478,0.8017178523831554,0.27058092298460756,50.94372242032006,40.60171095652395,349.94394540411105,259.2777547528476,-90.66619065126343,-25.908775345880958,-29.764596575566628,0.5390452892896503,0.10603729140260902,-0.4330079978870413,-80.32868601034541,-134.24885769582127
1923a324-7b77-4d06-a3a6-8a7fd6e6fd8b,landmark_dropout_5pct,1732375491,True,9.444906390199495,9.444906682351428,2.921519328680233e-07,3.0932221114565484e-06,3.0932220636164346e-06,5.421539338962999,5.4215393271278405,-1.1835158630901788e-08,-2.1829886109736407e-07,-2.1829886133563602e-07,140.863533903107,140.86353811640555,4.2132985527132405e-06,2.991049873568669e-06,2.9910498288367726e-06,6.444444444444449,0.558139534883721,-5.886304909560728,-91.3392141138733,-168.11808118081183,-4.689783174445091,-4.6901817752691,-0.00039860082400977603,0.008499344408538454,-0.0084989832296105,0.5311369293985478,0.5325752442891206,0.0014383148905727783,0.27079926304531415,0.2704330976276111,349.94394540411105,253.59520432813687,-96.34874107597417,-27.53262125015817,-31.92791755720172,0.5390452892896503,0.13693647219481275,-0.4021088170948376,-74.59648105351843,-118.97031547472594
1923a324-7b77-4d06-a3a6-8a7fd6e6fd8b,landmark_dropout_10pct,1732375491,True,9.444906390199495,9.447927338136047,0.003020947936551721,0.03198494311903829,0.03197982875402002,5.421539338962999,5.421540022520489,6.835574897223751e-07,1.2608180942446541e-05,1.2608180147615458e-05,140.863533903107,140.89736700517727,0.033833102070275345,0.024018353886781977,0.02401546982651672,6.444444444444449,0.3267326732673268,-6.117711771177122,-94.93001024240355,-180.69861900893582,-4.689783174445091,-4.7185529824721675,-0.02876980802707685,0.613457103600125,-0.6115812094134099,0.5311369293985478,0.5367506445089898,0.0056137151104419525,1.056924269377926,1.051368186615497,349.94394540411105,339.88109221734726,-10.062853186763789,-2.875561448889572,-2.9175088284591326,0.5390452892896503,0.05581872168995294,-0.4832265675996974,-89.6448920343019,-162.46623049322992
1923a324-7b77-4d06-a3a6-8a7fd6e6fd8b,landmark_dropout_20pct,1732375491,True,9.444906390199495,13.54381199826087,4.098905608061374,43.398054345087026,35.6601489373927,5.421539338962999,18.702176421484904,13.280637082521904,244.96063298993138,110.10440691973504,140.863533903107,133.92718668457906,-6.936347218527942,-4.924161013381298,-5.048458116557502,6.444444444444449,0.11570247933884299,-6.328741965105606,-98.20461669991451,-192.9451287793953,-4.689783174445091,-4.596128836728138,0.09365433771695297,-1.996986517996846,2.017127399102293,0.5311369293985478,0.6577864235701469,0.1266494941715991,23.844979921658854,21.304904787236335,349.94394540411105,564.8143044677803,214.87035906366924,61.40136495733325,46.978610817395975,0.5390452892896503,0.038622001791550495,-0.5004232874980998,-92.83511004382466,-173.2565770035115
1923a324-7b77-4d06-a3a6-8a7fd6e6fd8b,jitter_sigma_0p004,1732375491,True,9.444906390199495,9.85457416299014,0.4096677727906446,4.337446617954162,4.245376155711492,5.421539338962999,5.357739056897283,-0.0638002820657162,-1.1767927534381692,-1.1837579422796674,140.863533903107,154.37090932294186,13.507375419834858,9.588979521929295,9.150270728739342,6.444444444444449,0.3009708737864078,-6.143473570658041,-95.32976230331435,-182.15256676795138,-4.689783174445091,-5.009693726576777,-0.3199105521316863,6.821435879485815,-6.596449589935779,0.5311369293985478,0.41850240983808923,-0.11263451956045861,-21.206305441424377,-23.721536146764794,349.94394540411105,367.92482821378024,17.980882809669197,5.138218004859347,5.009518026268155,0.5390452892896503,0.2341178768666032,-0.3049274124230471,-56.56805067805677,-78.87789428432816
1923a324-7b77-4d06-a3a6-8a7fd6e6fd8b,jitter_sigma_0p008,1732375491,True,9.444906390199495,2.1027600016293677,-7.342146388570128,-77.73657128236553,-127.16242640617739,5.421539338962999,2.090625848357291,-3.3309134906057083,-61.438519253515665,-88.68051773483162,140.863533903107,52.62892433473288,-88.23460956837411,-62.63836148613615,-91.20211751087125,6.444444444444449,0.3936170212765958,-6.050827423167854,-93.89214966984594,-176.9749351771824,-4.689783174445091,-5.4988891836036125,-0.8091060091585218,17.252524883610587,-15.882462026946147,0.5311369293985478,0.038137540778418313,-0.49299938862012954,-92.81964053570805,-173.2027043007477,349.94394540411105,141.24885905716772,-208.69508634694333,-59.63671870531858,-84.97481414689369,0.5390452892896503,0.9989884636239164,0.459943174334266,85.32551595810726,59.80924325789014
1923a324-7b77-4d06-a3a6-8a7fd6e6fd8b,scale_minus_10pct,1732375491,True,9.444906390199495,8.500415751179549,-0.9444906390199463,-9.999999999999966,-10.526315789473646,5.421539338962999,5.421539338962999,0.0,0.0,0.0,140.863533903107,126.77718051279636,-14.086353390310634,-9.999999999999954,-10.526315789473633,6.444444444444449,6.444444444444449,0.0,0.0,0.0,-4.689783174445091,-4.598268193323743,0.09151498112134782,-1.9513691298143256,1.970595930141404,0.5311369293985478,0.5311369293985475,-3.3306690738754696e-16,-6.270829402969726e-14,-6.270829402969728e-14,349.94394540411105,388.8266060045047,38.88266060039365,11.11111111109307,10.52631578945749,0.5390452892896503,0.4851407603606852,-0.053904528928965134,-10.000000000000018,-10.526315789473704
1923a324-7b77-4d06-a3a6-8a7fd6e6fd8b,scale_minus_5pct,1732375491,True,9.444906390199495,8.972661070689524,-0.4722453195099714,-4.9999999999999645,-5.128205128205091,5.421539338962999,5.421539338962999,0.0,0.0,0.0,140.863533903107,133.82035720795173,-7.0431766951552675,-4.999999999999941,-5.1282051282050665,6.444444444444449,6.444444444444449,0.0,0.0,0.0,-4.689783174445091,-4.645230385022788,0.04455278942230301,-0.9499967858871136,0.9545307918083547,0.5311369293985478,0.5311369293985483,4.440892098500626e-16,8.361105870626302e-14,8.361105870626299e-14,349.94394540411105,368.3620477937538,18.41810238964274,5.263157894723322,5.128205128192292,0.5390452892896503,0.5120930248251677,-0.026952264464482623,-5.0000000000000195,-5.128205128205149
1923a324-7b77-4d06-a3a6-8a7fd6e6fd8b,scale_plus_5pct,1732375491,True,9.444906390199495,9.917151709709472,0.4722453195099767,5.00000000000002,4.878048780487824,5.421539338962999,5.421539338962999,0.0,0.0,0.0,140.863533903107,147.90671059826238,7.043176695155381,5.000000000000022,4.878048780487826,6.444444444444449,6.444444444444449,0.0,0.0,0.0,-4.689783174445091,-4.732161772584966,-0.042378598139875656,0.9036366195093873,-0.8995721876560965,0.5311369293985478,0.5311369293985476,-2.220446049250313e-16,-4.180552935313151e-14,-4.180552935313152e-14,349.94394540411105,333.2799480038674,-16.66399740024366,-4.761904761918449,-4.878048780502167,0.5390452892896503,0.565997553754133,0.026952264464482623,5.0000000000000195,4.878048780487823
1923a324-7b77-4d06-a3a6-8a7fd6e6fd8b,scale_plus_10pct,1732375491,True,9.444906390199495,10.38939702921945,0.9444906390199552,10.00000000000006,9.523809523809579,5.421539338962999,5.421539338962999,0.0,0.0,0.0,140.863533903107,154.94988729341785,14.086353390310848,10.000000000000105,9.52380952380962,6.444444444444449,6.444444444444449,0.0,0.0,0.0,-4.689783174445091,-4.7725685447615405,-0.08278537031644984,1.76522809769868,-1.7497842560304018,0.5311369293985478,0.5311369293985472,-6.661338147750939e-16,-1.2541658805939453e-13,-1.254165880593946e-13,349.94394540411105,318.13085945819114,-31.81308594591991,-9.090909090935275,-9.523809523838262,0.5390452892896503,0.5929498182186155,0.053904528928965134,10.000000000000018,9.523809523809541
1923a324-7b77-4d06-a3a6-8a7fd6e6fd8b,combined_degradation,1732375491,True,9.444906390199495,14.548448224013049,5.103541833813553,54.03485882199153,42.54129458654734,5.421539338962999,29.461077144214887,24.03953780525189,443.40797515729236,137.83104726014426,140.863533903107,108.48634692798969,-32.37718697511731,-22.984789659890232,-25.969282092457703,6.444444444444449,0.0625,-6.381944444444449,-99.03017241379311,-196.15795090715048,-4.689783174445091,-4.191868044582641,0.49791512986244957,-10.617018129443998,11.212219835783104,0.5311369293985478,0.7031710877279922,0.17203415832944435,32.389794195680096,27.87540159221174,349.94394540411105,203.17901137053977,-146.76493403357128,-41.93955516621066,-53.06774279967741,0.5390452892896503,0.07957811023248458,-0.4594671790571658,-85.23721256569146,-148.54503706522843
1efface8-4d43-4627-bf20-1017135f0a83,frame_thinning_2x,2161806699,True,2.5608734324408426,4.596421523861444,2.0355480914206017,79.48647776319277,56.88037460656053,1.7160377797538755,7.595375920428243,5.879338140674367,342.6112297782638,126.28239556275705,34.86709392959304,17.382318977738777,-17.484774951854263,-50.146923592660706,-66.92812025606794,0.38,9.750000000000002,9.370000000000001,2465.7894736842104,184.995064165844,-4.477885952288066,-3.8733342064785896,0.6045517458094762,-13.500829459503505,14.478165688755094,0.9637698599226171,0.9481026679850393,-0.015667191937577818,-1.6256154699458816,-1.6389368756424272,571.8757172661597,100.77930323928919,-471.09641402687043,-82.37741170038437,-140.07073452685373,0.02070910528336316,3.9647180245869342,3.9440089193035712,19044.805969826346,197.9215171063447
1efface8-4d43-4627-bf20-1017135f0a83,frame_thinning_3x,2161806699,True,2.5608734324408426,12.00578265331302,9.444909220872177,368.8159321435093,129.67848166758415,1.7160377797538755,6.497683865845049,4.781646086091174,278.64456963045336,116.43068251900829,34.86709392959304,49.79464978115174,14.9275558515587,42.81273306488303,35.263993386576516,0.38,0.896551724137931,0.516551724137931,135.93466424682396,80.92922744462453,-4.477885952288066,-4.9014519559579535,-0.4235660036698876,9.4590618917719,-9.031895594624045,0.9637698599226171,0.022843534379025896,-0.9409263255435912,-97.62977290233376,-190.73860764065736,571.8757172661597,74.4857112449467,-497.39000602121297,-86.97519251192827,-153.90460633362696,0.02070910528336316,4.425205006056852,4.4044959007734885,21268.402668810028,198.1367966393646
1efface8-4d43-4627-bf20-1017135f0a83,landmark_dropout_5pct,2161806699,True,2.5608734324408426,2.5608749036073517,1.4711665090594295e-06,5.744784144436292e-05,5.7447824943095226e-05,1.7160377797538755,1.716037535670875,-2.4408300047795706e-07,-1.4223637926722388e-05,-1.4223638938281841e-05,34.86709392959304,34.867106298542346,1.2368949306562627e-05,3.547456329896374e-05,3.547455700674165e-05,0.38,0.5,0.12,31.57894736842105,27.272727272727273,-4.477885952288066,-4.477900917099501,-1.496481143536954e-05,0.00033419367073703535,-0.00033419311231092075,0.9637698599226171,0.964616741926482,0.0008468820038648461,0.08787180831042422,0.08783321799195083,571.8757172661597,1080.8563013371588,508.98058407099916,89.00195771629727,61.592633087743486,0.02070910528336316,0.02069934980667238,-9.755476690780779e-06,-0.04710718573929858,-0.04711828378802917
1efface8-4d43-4627-bf20-1017135f0a83,landmark_dropout_10pct,2161806699,True,2.5608734324408426,5.345391137063011,2.7845177046221683,108.73312477486104,70.43826272555174,1.7160377797538755,3.1088936795047193,1.3928558997508438,81.16697174059976,57.73577973125744,34.86709392959304,94.83186990835611,59.96477597876307,171.98099761296328,92.4676253446178,0.38,0.45098039215686264,0.07098039215686264,18.679050567595432,17.083529966965525,-4.477885952288066,-5.803654991615125,-1.3257690393270591,29.6070300461679,-25.789306224826568,0.9637698599226171,0.9708490156020412,0.007079155679424076,0.7345276059984357,0.7318398232317719,571.8757172661597,850.4267009048464,278.5509836386867,48.70830763199635,39.169023420052426,0.02070910528336316,0.026631592027199308,0.005922486743836147,28.59846749919238,25.02069923044731
1efface8-4d43-4627-bf20-1017135f0a83,landmark_dropout_20pct,2161806699,True,2.5608734324408426,5.351783986929958,2.7909105544891157,108.98276030100473,70.5429391561108,1.7160377797538755,3.108968995588962,1.3929312158350864,81.17136069317012,57.73800040876058,34.86709392959304,94.84903687643639,59.98194294684335,172.03023305574192,92.48185645706184,0.38,0.1935483870967742,-0.18645161290322582,-49.06621392190153,-65.01687289088865,-4.477885952288066,-5.805521323232943,-1.3276353709448774,29.648708901719466,-25.820923656407697,0.9637698599226171,0.9637592868666586,-1.057305595852931e-05,-0.0010970519413605899,-0.0010970579590084085,571.8757172661597,801.0221583883807,229.14644112222106,40.069272781444724,33.38142555038533,0.02070910528336316,0.026608312513595238,0.0058992072302320765,28.486055527330073,24.93461184017223
1efface8-4d43-4627-bf20-1017135f0a83,jitter_sigma_0p004,2161806699,True,2.5608734324408426,4.123643931741738,1.5627704993008957,61.02490187542669,46.7579157674011,1.7160377797538755,6.041795327610172,4.325757547856297,252.07822338717523,111.51973722533714,34.86709392959304,58.560459095316666,23.693365165723627,67.95336948231915,50.72029481368625,0.38,1.8846153846153846,1.5046153846153847,395.9514170040486,132.88043478260872,-4.477885952288066,-5.435194389841519,-0.9573084375534533,21.37858015486744,-19.314045776164843,0.9637698599226171,0.844780719352193,-0.11898914057042409,-12.346219312147607,-13.158508469045547,571.8757172661597,310.94207725035596,-260.9336400158037,-45.627683102753814,-59.11381524852627,0.02070910528336316,0.17740521581827062,0.15669611053490745,756.653213119693,158.18756530429866
1efface8-4d43-4627-bf20-1017135f0a83,jitter_sigma_0p008,2161806699,True,2.5608734324408426,5.596091210828261,3.0352177783874184,118.52275633530486,74.4202754609705,1.7160377797538755,11.10934690899755,9.393309129243674,547.3835856102725,146.47995919345993,34.86709392959304,56.41041700426355,21.54332307467051,61.786976334112744,47.20401083303352,0.38,25.99999999999998,25.61999999999998,6742.105263157889,194.2380591357089,-4.477885952288066,-5.555446151395087,-1.0775601991070207,24.064038490225943,-21.479607930279858,0.9637698599226171,0.6949220837644354,-0.2688477761581817,-27.895433063217805,-32.41684234151022,571.8757172661597,109.70911849686509,-462.1665987692946,-80.81591590890984,-135.61528206592374,0.02070910528336316,4.760054829497799,4.739345724214435,22885.32343317521,198.26729739716285
1efface8-4d43-4627-bf20-1017135f0a83,scale_minus_10pct,2161806699,True,2.5608734324408426,2.3047860891967584,-0.2560873432440842,-9.999999999999998,-10.526315789473681,1.7160377797538755,1.7160377797538755,0.0,0.0,0.0,34.86709392959304,31.380384536633734,-3.4867093929593054,-10.000000000000005,-10.52631578947369,0.38,0.38,0.0,0.0,0.0,-4.477885952288066,-4.386370971166719,0.09151498112134693,-2.0437095115069983,2.064808859030218,0.9637698599226171,0.9637698599226182,1.1102230246251565e-15,1.1519586477982393e-13,1.1519586477982386e-13,571.8757172661597,635.4174636310231,63.54174636486346,11.111111111453289,10.52631578978079,0.02070910528336316,0.018638194755026843,-0.002070910528336318,-10.000000000000009,-10.526315789473694
1efface8-4d43-4627-bf20-1017135f0a83,scale_minus_5pct,2161806699,True,2.5608734324408426,2.4328297608187994,-0.12804367162204322,-5.000000000000043,-5.128205128205173,1.7160377797538755,1.7160377797538755,0.0,0.0,0.0,34.86709392959304,33.12373923311337,-1.7433546964796705,-5.000000000000053,-5.128205128205184,0.38,0.38,0.0,0.0,0.0,-4.477885952288066,-4.433333162865763,0.04455278942230301,-0.9949514100406658,0.9999257979537163,0.9637698599226171,0.9637698599226179,7.771561172376096e-16,8.063710534587675e-14,8.063710534587673e-14,571.8757172661597,601.9744392292237,30.09872196306401,5.263157895031869,5.128205128485219,0.02070910528336316,0.019673650019194997,-0.0010354552641681641,-5.000000000000029,-5.128205128205159
1efface8-4d43-4627-bf20-1017135f0a83,scale_plus_5pct,2161806699,True,2.5608734324408426,2.6889171040628836,0.128043671622041,4.999999999999956,4.878048780487763,1.7160377797538755,1.7160377797538755,0.0,0.0,0.0,34.86709392959304,36.610448626072674,1.743354696479635,4.999999999999951,4.878048780487759,0.38,0.38,0.0,0.0,0.0,-4.477885952288066,-4.520264550427941,-0.04237859813987477,0.9463974427088875,-0.9419401937561099,0.9637698599226171,0.9637698599226177,5.551115123125783e-16,5.759793238991197e-14,5.759793238991194e-14,571.8757172661597,544.6435402562482,-27.232177009911425,-4.761904761421642,-4.878048779980832,0.02070910528336316,0.02174456054753131,0.0010354552641681503,4.999999999999962,4.878048780487769
1efface8-4d43-4627-bf20-1017135f0a83,scale_plus_10pct,2161806699,True,2.5608734324408426,2.8169607756849273,0.25608734324408466,10.000000000000016,9.523809523809538,1.7160377797538755,1.7160377797538755,0.0,0.0,0.0,34.86709392959304,38.35380332255235,3.4867093929593125,10.000000000000025,9.523809523809547,0.38,0.38,0.0,0.0,0.0,-4.477885952288066,-4.560671322604514,-0.08278537031644806,1.8487601336551953,-1.83182708918403,0.9637698599226171,0.9637698599226189,1.7763568394002505e-15,1.843133836477183e-13,1.8431338364771812e-13,571.8757172661597,519.8870156990578,-51.988701567101884,-9.090909090463366,-9.52380952332034,0.02070910528336316,0.022780015811699476,0.0020709105283363144,9.999999999999993,9.523809523809517
1efface8-4d43-4627-bf20-1017135f0a83,combined_degradation,2161806699,True,2.5608734324408426,17.487040909441003,14.92616747700016,582.854556102509,148.90494065827178,1.7160377797538755,31.318809282325308,29.602771502571432,1725.0652550794798,179.2214835863585,34.86709392959304,209.3247250832317,174.45763115363866,500.3503633136737,142.88572963574697,0.38,0.1111111111111111,-0.2688888888888889,-70.76023391812866,-109.50226244343892,-4.477885952288066,-6.114263105086246,-1.6363771527981799,36.54352009483493,-30.89792532062085,0.9637698599226171,0.003046550606477199,-0.9607233093161399,-99.68389231359427,-198.7395536222601,571.8757172661597,233.04096279549185,-338.8347544706678,-59.24971881835803,-84.19126174518219,0.02070910528336316,0.08243485237404227,0.061725747090679114,298.06090724869233,119.68853724946705
2850af90-f8fc-4050-a178-b659098e69df,frame_thinning_2x,4262434527,True,13.317813485295408,17.180785665117458,3.8629721798220498,29.006054065010535,25.332128605452727,11.178030137448454,26.134434418344597,14.956404280896143,133.80178883924674,80.16840730813664,163.95826944094773,96.27418220330661,-67.68408723764112,-41.28128911608125,-52.01817591156335,0.6153846153846154,0.08695652173913043,-0.528428093645485,-85.86956521739133,-150.4761904761905,-6.699313300640087,-5.831079578305181,0.8682337223349057,-12.96004057985988,13.858044687390334,0.758780846786702,0.510328227435225,-0.248452619351477,-32.74365983322172,-39.15386382432098,259.9091127826934,155.86072114570888,-104.04839163698452,-40.03260621491868,-50.050957595399865,0.21941607758723183,0.13870681367853702,-0.08070926390869482,-36.78365997432789,-45.07350179343835
2850af90-f8fc-4050-a178-b659098e69df,frame_thinning_3x,4262434527,True,13.317813485295408,19.949174732033274,6.631361246737866,49.793168030621146,39.86751793349064,11.178030137448454,20.966651723584384,9.78862158613593,87.57018424330643,60.90352132557341,163.95826944094773,118.15365907324933,-45.8046103676984,-27.93674910321964,-32.47265056032065,0.6153846153846154,0.5454545454545455,-0.0699300699300699,-11.363636363636358,-12.048192771084333,-6.699313300640087,-5.829615988036133,0.8696973126039538,-12.98188744988025,13.883026914199212,0.758780846786702,0.4934067032083434,-0.2653741435783586,-34.9737535814418,-42.385686326207065,259.9091127826934,127.15487741218286,-132.75423537051054,-51.0771761517668,-68.59549776442513,0.21941607758723183,0.1595865087390602,-0.059829568848171644,-27.267632119795593,-31.572116395355145
2850af90-f8fc-4050-a178-b659098e69df,landmark_dropout_5pct,4262434527,True,13.317813485295408,13.572720915982602,0.2549074306871937,1.9140336435004477,1.8958896605273776,11.178030137448454,5.904908427294882,-5.273121710153572,-47.173980078007176,-61.735534435937346,163.95826944094773,179.74563828497577,15.787368844028038,9.628894533870474,9.18661003797327,0.6153846153846154,0.8260869565217391,0.21070234113712372,34.2391304347826,29.23433874709976,-6.699313300640087,-6.726977156349093,-0.027663855709006313,0.41293569157846616,-0.41208486882697576,0.758780846786702,0.7673489303164116,0.008568083529709614,1.1291908020601573,1.1228512356234182,259.9091127826934,356.1896483708533,96.28053558815992,37.04392453090278,31.254903161269134,0.21941607758723183,0.21940354783308907,-1.2529754142759364e-05,-0.005710499558893076,-0.005710662612574726
2850af90-f8fc-4050-a178-b659098e69df,landmark_dropout_10pct,4262434527,True,13.317813485295408,13.206910569919769,-0.11090291537563957,-0.8327411665442735,-0.8362229529308473,11.178030137448454,5.904847141062153,-5.273182996386301,-47.17452835200515,-61.736473433778,163.95826944094773,190.27632632265062,26.318056881702887,16.051680083865342,14.85911155852574,0.6153846153846154,0.8260869565217391,0.21070234113712372,34.2391304347826,29.23433874709976,-6.699313300640087,-6.692830516231968,0.006482784408119002,-0.09676789421834628,0.09681473700949483,0.758780846786702,0.7240763866433495,-0.03470446014335249,-4.5737132520304815,-4.680755417441817,259.9091127826934,363.4043906838041,103.49527790111068,39.81979577131708,33.20809747439507,0.21941607758723183,0.9991898076016714,0.7797737300144396,355.3858671566262,127.97800166434652
2850af90-f8fc-4050-a178-b659098e69df,landmark_dropout_20pct,4262434527,True,13.317813485295408,2.182331776224648,-11.13548170907076,-83.61343790679885,-143.68228840687308,11.178030137448454,5.902975520054134,-5.2750546173943205,-47.191272098309334,-61.765152745293165,163.95826944094773,30.231065172256713,-133.72720426869103,-81.56173197281463,-137.72868065597447,0.6153846153846154,0.026315789473684213,-0.5890688259109312,-95.72368421052632,-183.596214511041,-6.699313300640087,-4.922128426272217,1.7771848743678698,-26.527866284415573,30.584585219790092,0.758780846786702,0.2797517282708925,-0.4790291185158095,-63.13141937417242,-92.25114936606465,259.9091127826934,372.58594880003636,112.67683601734296,43.352399156373785,35.62931724253627,0.21941607758723183,0.0,-0.21941607758723183,-100.0,-200.0
2850af90-f8fc-4050-a178-b659098e69df,jitter_sigma_0p004,4262434527,True,13.317813485295408,12.819693208760313,-0.4981202765350954,-3.740255689006943,-3.811536290478537,11.178030137448454,11.274314764610216,0.09628462716176145,0.8613738375887023,0.857679922357981,163.95826944094773,218.32570604388405,54.36743660293632,33.15931351819839,28.443481856117458,0.6153846153846154,7.400000000000007,6.784615384615391,1102.500000000001,169.2898272552783,-6.699313300640087,-6.701962618204548,-0.0026493175644608513,0.03954610637791371,-0.039538288451108274,0.758780846786702,0.649735151555348,-0.10904569523135399,-14.37117129315303,-15.483770913459354,259.9091127826934,268.38072114648827,8.471608363794871,3.259450302874864,3.2071820503479564,0.21941607758723183,0.5764396627555184,0.3570235851682866,162.71532564715866,89.72067852762555
2850af90-f8fc-4050-a178-b659098e69df,jitter_sigma_0p008,4262434527,True,13.317813485295408,1.1712753291860105,-12.146538156109397,-91.20519798179144,-167.66462420976106,11.178030137448454,2.158621840598423,-9.019408296850031,-80.68870978110317,-135.25745909388127,163.95826944094773,28.880387970840825,-135.07788147010692,-82.38552525022682,-140.09419406157863,0.6153846153846154,0.4999999999999999,-0.11538461538461553,-18.75000000000002,-20.68965517241382,-6.699313300640087,-5.80915125154124,0.8901620490988469,-13.287362587054949,14.232954738535248,0.758780846786702,0.5843429563736874,-0.1744378904130146,-22.98923215467643,-25.974953314439038,259.9091127826934,32.20640141652878,-227.70271136616464,-87.60859091406459,-155.89908806477965,0.21941607758723183,1.1712753291860105,0.9518592515987787,433.8147240921095,136.8900745288035
2850af90-f8fc-4050-a178-b659098e69df,scale_minus_10pct,4262434527,True,13.317813485295408,11.986032136765866,-1.3317813485295424,-10.000000000000012,-10.5263157894737,11.178030137448454,11.178030137448454,0.0,0.0,0.0,163.95826944094773,147.56244249685298,-16.39582694409475,-9.999999999999986,-10.52631578947367,0.6153846153846154,0.6153846153846154,0.0,0.0,0.0,-6.699313300640087,-6.607798319518737,0.09151498112135048,-1.3660352489053866,1.3754296760044493,0.758780846786702,0.7587808467867028,7.771561172376096e-16,1.0242168348459553e-13,1.0242168348459547e-13,259.9091127826934,288.78790309186303,28.87879030916963,11.111111111103984,10.526315789467287,0.21941607758723183,0.19747446982850855,-0.02194160775872328,-10.000000000000044,-10.526315789473735
2850af90-f8fc-4050-a178-b659098e69df,scale_minus_5pct,4262434527,True,13.317813485295408,12.651922811030635,-0.665890674264773,-5.000000000000019,-5.128205128205148,11.178030137448454,11.178030137448454,0.0,0.0,0.0,163.95826944094773,155.76035596890034,-8.19791347204739,-5.000000000000002,-5.12820512820513,0.6153846153846154,0.6153846153846154,0.0,0.0,0.0,-6.699313300640087,-6.654760511217782,0.044552789422304784,-0.6650351673812296,0.6672539039396912,0.758780846786702,0.7587808467867029,8.881784197001252e-16,1.1705335255382346e-13,1.170533525538234e-13,259.9091127826934,273.5885397712139,13.679426988520504,5.263157894720565,5.128205128189675,0.21941607758723183,0.20844527370787025,-0.010970803879361585,-4.9999999999999964,-5.128205128205125
2850af90-f8fc-4050-a178-b659098e69df,scale_plus_5pct,4262434527,True,13.317813485295408,13.983704159560181,0.665890674264773,5.000000000000019,4.878048780487823,11.178030137448454,11.178030137448454,0.0,0.0,0.0,163.95826944094773,172.15618291299515,8.197913472047418,5.000000000000019,4.878048780487823,0.6153846153846154,0.6153846153846154,0.0,0.0,0.0,-6.699313300640087,-6.741691898779964,-0.042378598139876544,0.6325812249417784,-0.6305867382850961,0.758780846786702,0.7587808467867013,-6.661338147750939e-16,-8.779001441536759e-14,-8.779001441536762e-14,259.9091127826934,247.53248836442958,-12.376624418263816,-4.761904761920276,-4.878048780504084,0.21941607758723183,0.23038688146659345,0.010970803879361612,5.000000000000009,4.878048780487814
2850af90-f8fc-4050-a178-b659098e69df,scale_plus_10pct,4262434527,True,13.317813485295408,14.64959483382495,1.3317813485295424,10.000000000000012,9.523809523809536,11.178030137448454,11.178030137448454,0.0,0.0,0.0,163.95826944094773,180.35409638504254,16.395826944094807,10.000000000000021,9.523809523809543,0.6153846153846154,0.6153846153846154,0.0,0.0,0.0,-6.699313300640087,-6.782098670956538,-0.08278537031645072,1.2357291949391436,-1.2281409468217048,0.758780846786702,0.7587808467867008,-1.2212453270876722e-15,-1.6094835976150723e-13,-1.6094835976150736e-13,259.9091127826934,236.2810116205581,-23.628101162135295,-9.090909090936892,-9.523809523840036,0.21941607758723183,0.24135768534595503,0.021941607758723197,10.000000000000005,9.52380952380953
2850af90-f8fc-4050-a178-b659098e69df,combined_degradation,4262434527,True,13.317813485295408,17.120569819221465,3.802756333926057,28.553908929005445,24.986585495569013,11.178030137448454,24.991930343446903,13.813900205998449,123.58081017977707,76.38327508427787,163.95826944094773,89.92017111953841,-74.03809832140932,-45.15667222754834,-58.325628720545,0.6153846153846154,1.0833333333333333,0.46794871794871784,76.04166666666664,55.09433962264149,-6.699313300640087,-5.365584962978631,1.333728337661456,-19.908433563392602,22.10923471577489,0.758780846786702,0.47037090740712906,-0.28840993937957293,-38.00964937385231,-46.9282882923978,259.9091127826934,109.315343765837,-150.5937690168564,-57.940934584608385,-81.57301952562429,0.21941607758723183,0.15235543018283484,-0.06706064740439699,-30.563233169518366,-36.07627050638462
2ac2bc4c-b28e-4adf-a94e-a1227f7801d9,frame_thinning_2x,3477682359,True,3.9463757534054857,3.7165455660679227,-0.229830187337563,-5.823829298039684,-5.998500513205238,3.4685027470061045,4.5277762897879965,1.059273542781892,30.53979252852608,26.494161544582116,13.770209417751039,13.71776964835372,-0.05243976939731887,-0.38082042041945485,-0.3815469247208646,1.0714285714285714,0.3636363636363636,-0.7077922077922079,-66.06060606060606,-98.64253393665162,-3.274376444924788,-3.1755352945989324,0.0988411503258555,-3.018625133315295,3.0648838098102162,0.9526611621044813,0.9606411743246334,0.0079800122201521,0.8376548281367753,0.8341611326357933,301.534588547921,176.2327590869646,-125.30182946095638,-41.554711870490095,-52.45307369004767,0.08065913922440116,0.02768498109429569,-0.05297415813010546,-65.67657259858238,-97.78870874447213
2ac2bc4c-b28e-4adf-a94e-a1227f7801d9,frame_thinning_3x,3477682359,True,3.9463757534054857,3.6473272859736166,-0.2990484674318692,-7.577800141656767,-7.876222335297453,3.4685027470061045,11.442544427763625,7.974041680757521,229.89866989842943,106.95481795872816,13.770209417751039,13.341186343200189,-0.42902307455084987,-3.115588598077532,-3.1648910910649275,1.0714285714285714,0.5714285714285714,-0.5,-46.666666666666664,-60.869565217391305,-3.274376444924788,-3.341627832110537,-0.06725138718574897,2.053868524799192,-2.0329910432248015,0.9526611621044813,0.9691812510007131,0.0165200888962318,1.734099127095515,1.7191928727953985,301.534588547921,68.35183125128914,-233.18275729663185,-77.33200971057872,-126.08343795006762,0.08065913922440116,0.03149198921807889,-0.04916715000632226,-60.95670060343035,-87.6801699441465
2ac2bc4c-b28e-4adf-a94e-a1227f7801d9,landmark_dropout_5pct,3477682359,True,3.9463757534054857,3.945020977036899,-0.0013547763685868297,-0.03432963440994535,-0.03433552804056988,3.4685027470061045,3.468502689846141,-5.715996342914309e-08,-1.6479722692588802e-06,-1.647972282837943e-06,13.770209417751039,13.761163473143755,-0.009045944607283474,-0.06569213533980418,-0.06571371971264942,1.0714285714285714,0.9333333333333333,-0.13809523809523805,-12.888888888888886,-13.776722090261279,-3.274376444924788,-3.273628132834167,0.0007483120906206508,-0.02285357542748386,0.022856187155469568,0.9526611621044813,0.9531771621321007,0.0005160000276194232,0.054164066736965596,0.05414940197785312,301.534588547921,293.8504631953476,-7.684125352573403,-2.5483396082609655,-2.581228846802427,0.08065913922440116,0.08065456973082884,-4.56949357231784e-06,-0.005665190102767012,-0.005665350579207163
2ac2bc4c-b28e-4adf-a94e-a1227f7801d9,landmark_dropout_10pct,3477682359,True,3.9463757534054857,3.945020977036899,-0.0013547763685868297,-0.03432963440994535,-0.03433552804056988,3.4685027470061045,3.468502689846141,-5.715996342914309e-08,-1.6479722692588802e-06,-1.647972282837943e-06,13.770209417751039,13.761163473143755,-0.009045944607283474,-0.06569213533980418,-0.06571371971264942,1.0714285714285714,0.9333333333333333,-0.13809523809523805,-12.888888888888886,-13.776722090261279,-3.274376444924788,-3.273628132834167,0.0007483120906206508,-0.02285357542748386,0.022856187155469568,0.9526611621044813,0.9531771621321007,0.0005160000276194232,0.054164066736965596,0.05414940197785312,301.534588547921,293.8504631953476,-7.684125352573403,-2.5483396082609655,-2.581228846802427,0.08065913922440116,0.08065456973082884,-4.56949357231784e-06,-0.005665190102767012,-0.005665350579207163
2ac2bc4c-b28e-4adf-a94e-a1227f7801d9,landmark_dropout_20pct,3477682359,True,3.9463757534054857,6.217998954701352,2.2716232012958666,57.56226328259776,44.69774612862471,3.4685027470061045,2.228009883113216,-1.2404928638928885,-35.76450573561288,-43.552711788401844,13.770209417751039,132.73342303067216,118.96321361292112,863.9172434049322,162.40309079681322,1.0714285714285714,0.07142857142857142,-1.0,-93.33333333333333,-175.0,-3.274376444924788,-6.066855923064546,-2.792479478139758,85.2827866651692,-59.788245664652685,0.9526611621044813,0.956676721548427,0.004015559443945715,0.421509724934637,0.4206232410015586,301.534588547921,287.44714979977056,-14.087438748150419,-4.671914693432124,-4.783658925545236,0.08065913922440116,0.07563128108765509,-0.005027858136746069,-6.233463665857014,-6.433994005144049
2ac2bc4c-b28e-4adf-a94e-a1227f7801d9,jitter_sigma_0p004,3477682359,True,3.9463757534054857,3.700903013335801,-0.24547274006968456,-6.220206979982996,-6.419871631651978,3.4685027470061045,2.4825485279901764,-0.9859542190159281,-28.425931617524903,-33.13546375103428,13.770209417751039,14.74706488268273,0.9768554649316918,7.093976825598871,6.850973586327871,1.0714285714285714,0.2727272727272727,-0.7987012987012987,-74.54545454545455,-118.84057971014494,-3.274376444924788,-3.7518880376128294,-0.47751159268804155,14.583283282170385,-13.592189530434036,0.9526611621044813,0.8281539735997961,-0.12450718850468512,-13.069409508585597,-13.983168270348845,301.534588547921,173.34768254195342,-128.18690600596756,-42.51150974860571,-53.9868147580129,0.08065913922440116,0.10476009298436152,0.024100953759960367,29.880003669403532,25.996174693275844
2ac2bc4c-b28e-4adf-a94e-a1227f7801d9,jitter_sigma_0p008,3477682359,True,3.9463757534054857,3.7909024690338566,-0.1554732843716291,-3.9396472633774158,-4.018810747188378,3.4685027470061045,2.4940411136021616,-0.9744616334039429,-28.094590216054044,-32.68610365591621,13.770209417751039,37.04616462899868,23.27595521124764,169.03123623699463,91.60809147789402,1.0714285714285714,3.666666666666665,2.595238095238094,242.22222222222211,109.54773869346732,-3.274376444924788,-5.440124942795825,-2.1657484978710375,66.1423185238185,-49.70447307341622,0.9526611621044813,0.6552145266524205,-0.29744663545206074,-31.222710370073724,-36.99871047643315,301.534588547921,60.43941083373554,-241.09517771418544,-79.9560603893605,-133.21132353486007,0.08065913922440116,1.664809880570992,1.584150741346591,1964.0065051268866,181.51576720992594
2ac2bc4c-b28e-4adf-a94e-a1227f7801d9,scale_minus_10pct,3477682359,True,3.9463757534054857,3.551738178064936,-0.3946375753405498,-10.00000000000003,-10.526315789473719,3.4685027470061045,3.4685027470061045,0.0,0.0,0.0,13.770209417751039,12.393188475975943,-1.3770209417750952,-9.999999999999936,-10.526315789473614,1.0714285714285714,1.0714285714285714,0.0,0.0,0.0,-3.274376444924788,-3.1828614638034916,0.0915149811212963,-2.794882710054384,2.8344930886809996,0.9526611621044813,0.952661162104481,-2.220446049250313e-16,-2.330782588370901e-14,-2.330782588370901e-14,301.534588547921,335.0384317199492,33.50384317202821,11.11111111112338,10.526315789484695,0.08065913922440116,0.07259322530196105,-0.008065913922440104,-9.999999999999986,-10.526315789473669
2ac2bc4c-b28e-4adf-a94e-a1227f7801d9,scale_minus_5pct,3477682359,True,3.9463757534054857,3.7490569657352104,-0.19731878767027533,-5.000000000000027,-5.128205128205156,3.4685027470061045,3.4685027470061045,0.0,0.0,0.0,13.770209417751039,13.0816989468635,-0.6885104708875378,-4.999999999999898,-5.12820512820502,1.0714285714285714,1.0714285714285714,0.0,0.0,0.0,-3.274376444924788,-3.229823655502508,0.044552789422279915,-1.3606495823452363,1.3699698267079146,0.9526611621044813,0.9526611621044799,-1.3322676295501878e-15,-1.3984695530225404e-13,-1.3984695530225414e-13,301.534588547921,317.40483005040625,15.870241502485271,5.26315789472461,5.128205128193516,0.08065913922440116,0.07662618226318109,-0.004032956961220066,-5.00000000000001,-5.128205128205139
2ac2bc4c-b28e-4adf-a94e-a1227f7801d9,scale_plus_5pct,3477682359,True,3.9463757534054857,4.143694541075759,0.19731878767027355,4.999999999999981,4.878048780487786,3.4685027470061045,3.4685027470061045,0.0,0.0,0.0,13.770209417751039,14.458719888638603,0.6885104708875645,5.0000000000000915,4.878048780487892,1.0714285714285714,1.0714285714285714,0.0,0.0,0.0,-3.274376444924788,-3.316755043064642,-0.04237859813985434,1.2942494197800696,-1.2859278628283466,0.9526611621044813,0.9526611621044792,-2.1094237467877974e-15,-2.2142434589523558e-13,-2.214243458952358e-13,301.534588547921,287.175798617117,-14.358789930803994,-4.761904761888384,-4.8780487804706185,0.08065913922440116,0.08469209618562121,0.004032956961220052,4.999999999999993,4.8780487804877986
2ac2bc4c-b28e-4adf-a94e-a1227f7801d9,scale_plus_10pct,3477682359,True,3.9463757534054857,4.341013328746033,0.39463757534054755,9.999999999999973,9.5238095238095,3.4685027470061045,3.4685027470061045,0.0,0.0,0.0,13.770209417751039,15.147230359526155,1.3770209417751165,10.000000000000092,9.523809523809605,1.0714285714285714,1.0714285714285714,0.0,0.0,0.0,-3.274376444924788,-3.3571618152411986,-0.08278537031641076,2.52827894742299,-2.4967169627500168,0.9526611621044813,0.9526611621044799,-1.3322676295501878e-15,-1.3984695530225404e-13,-1.3984695530225414e-13,301.534588547921,274.1223532254842,-27.4122353224368,-9.090909090875439,-9.523809523772591,0.08065913922440116,0.08872505314684127,0.008065913922440118,10.000000000000004,9.523809523809527
2ac2bc4c-b28e-4adf-a94e-a1227f7801d9,combined_degradation,3477682359,True,3.9463757534054857,8.77990658654867,4.833530833143184,122.48024859194253,75.96139554390237,3.4685027470061045,1.5786409234400205,-1.889861823566084,-54.48638681913541,-74.88837041165645,13.770209417751039,84.09352080756366,70.32331138981263,510.691662387934,143.71680136840297,1.0714285714285714,7.500000000000002,6.428571428571431,600.0000000000002,150.00000000000003,-3.274376444924788,-4.943626923150181,-1.6692504782253934,50.979186611627846,-40.624234463325806,0.9526611621044813,0.7730092377101991,-0.17965192439428213,-18.857903685022812,-20.82111675712522,301.534588547921,67.60505099642118,-233.92953755149978,-77.57966960872312,-126.74311425359642,0.08065913922440116,3.339584693885823,3.2589255546614218,4040.36738551696,190.56685509453249
2d1d534f-da92-4cd2-830b-7c8b6382e676,frame_thinning_2x,2920510365,True,4.6894496690507825,4.179746963607097,-0.5097027054436856,-10.86913692256041,-11.4937739358912,41.807987424785054,34.074550474514645,-7.733436950270409,-18.497510706975078,-20.382652358130414,19.73564913864541,13.123568314171282,-6.612080824474129,-33.503234568183856,-40.244907438642244,0.29411764705882354,0.14367816091954025,-0.1504394861392833,-51.14942528735632,-68.72586872586871,-4.260757130441343,-2.957544764433078,1.3032123660082648,-30.586403451568568,36.108558078837106,0.019186367008026485,0.017805693705303025,-0.0013806733027234598,-7.196116399451051,-7.464700674141982,1091.575951622976,75.34824349073473,-1016.2277081322412,-93.09729722620716,-174.17201775188406,0.11539126605983155,0.03421039666742297,-0.08118086939240858,-70.35269840120783,-108.52936780577507
2d1d534f-da92-4cd2-830b-7c8b6382e676,frame_thinning_3x,2920510365,True,4.6894496690507825,3.171165413275464,-1.5182842557753187,-32.37659774441386,-38.63016417605841,41.807987424785054,23.435059630158925,-18.37292779462613,-43.945975222270796,-56.32148902902556,19.73564913864541,3.711756524768852,-16.02389261387656,-81.19263015524193,-136.6794505447496,0.29411764705882354,0.2761904761904762,-0.01792717086834733,-6.095238095238092,-6.286836935166992,-4.260757130441343,-1.714785559882103,2.54597157055924,-59.75397077597615,85.21306607622716,0.019186367008026485,0.04964396847615005,0.03045760146812356,158.7460588832781,88.50051726139121,1091.575951622976,49.96258808660136,-1041.6133635363747,-95.4228940265388,-182.4928948612414,0.11539126605983155,0.07161625320440487,-0.043775012855426676,-37.93615786547388,-46.816313084795055
2d1d534f-da92-4cd2-830b-7c8b6382e676,landmark_dropout_5pct,2920510365,True,4.6894496690507825,4.658992144766045,-0.03045752428473758,-0.6494903759336574,-0.6516064364806103,41.807987424785054,41.808006169077736,1.8744292681560637e-05,4.48342382308708e-05,4.4834228180328464e-05,19.73564913864541,22.096349041590134,2.3606999029447238,11.961602511072785,11.286574897873699,0.29411764705882354,0.08493150684931507,-0.2091861402095085,-71.12328767123289,-110.37414965986396,-4.260757130441343,-4.3588615386181555,-0.09810440817681254,2.3025111540833256,-2.2763050650712113,0.019186367008026485,0.020566852800125653,0.0013804857920991682,7.195139087674344,6.945277885722725,1091.575951622976,1135.0165594389573,43.440607815981366,3.979623016739517,3.9019809507275447,0.11539126605983155,0.02861214173913666,-0.08677912432069489,-75.20423970016849,-120.52370933032415
2d1d534f-da92-4cd2-830b-7c8b6382e676,landmark_dropout_10pct,2920510365,True,4.6894496690507825,4.595725654316396,-0.09372401473438696,-1.9986143651981696,-2.0187882612947554,41.807987424785054,41.797240301870595,-0.01074712291445934,-0.02570590831188424,-0.025709212705207096,19.73564913864541,29.299929022989307,9.564279884343897,48.46194729726715,39.009552830466916,0.29411764705882354,0.08493150684931507,-0.2091861402095085,-71.12328767123289,-110.37414965986396,-4.260757130441343,-4.484495205805655,-0.22373807536431212,5.2511342119407916,-5.116789470715918,0.019186367008026485,0.024222842505963897,0.005036475497937412,26.250282275067693,23.204640463744003,1091.575951622976,300.64979800875,-790.926153614226,-72.45727174900307,-113.6203886220957,0.11539126605983155,0.035170779181731664,-0.08022048687809988,-69.52041486095207,-106.56136710868047
2d1d534f-da92-4cd2-830b-7c8b6382e676,landmark_dropout_20pct,2920510365,True,4.6894496690507825,4.480076520799871,-0.20937314825091136,-4.464770133534491,-4.566716838273657,41.807987424785054,41.79227067696754,-0.015716747817513976,-0.03759269169746403,-0.037599759078218664,19.73564913864541,29.036025952870574,9.300376814225164,47.124757584049306,38.13843505179505,0.29411764705882354,0.08493150684931507,-0.2091861402095085,-71.12328767123289,-110.37414965986396,-4.260757130441343,-4.8086079187768185,-0.5478507883354755,12.858061878751755,-12.081348261148753,0.019186367008026485,0.03322001235283424,0.014033645344807756,73.1438387420447,53.55701163087282,1091.575951622976,378.88870626275826,-712.6872453602177,-65.28975325084623,-96.93361095600011,0.11539126605983155,0.03516831027900818,-0.08022295578082336,-69.52255445332139,-106.56639415652806
2d1d534f-da92-4cd2-830b-7c8b6382e676,jitter_sigma_0p004,2920510365,True,4.6894496690507825,4.875850991602925,0.18640132255214237,3.9749082665786,3.897448269846719,41.807987424785054,61.02655163440452,19.218564209619466,45.968642341836606,37.37764448685403,19.73564913864541,21.59564741680803,1.859998278162621,9.424560930810534,9.00043518193094,0.29411764705882354,0.7292576419213972,0.43513999486257365,147.94759825327503,85.04016064257026,-4.260757130441343,-4.681935474465216,-0.4211783440238728,9.88505871444134,-9.419497295317658,0.019186367008026485,0.021569448492809597,0.0023830814847831117,12.420702073436654,11.694436514142254,1091.575951622976,200.73156295177873,-890.8443886711972,-81.61084781564423,-137.86879339850276,0.11539126605983155,1.6766790131315457,1.5612877470717141,1353.0380594508517,174.24403107407178
2d1d534f-da92-4cd2-830b-7c8b6382e676,jitter_sigma_0p008,2920510365,True,4.6894496690507825,5.070299704168793,0.3808500351180104,8.12142281068773,7.804504409981062,41.807987424785054,73.11242064390031,31.304433219115253,74.87668062337062,54.480198504699516,19.73564913864541,47.842412535548206,28.106763396902796,142.41620936534318,83.18310025644334,0.29411764705882354,0.18208955223880596,-0.11202809482001758,-38.08955223880597,-47.05014749262538,-4.260757130441343,-5.296535548178507,-1.0357784177371636,24.309726793319346,-21.675142795495898,0.019186367008026485,0.019275344420994364,8.897741296787914e-05,0.46375331468774705,0.46268046668740925,1091.575951622976,105.072913188038,-986.5030384349379,-90.37420043636784,-164.87761237975784,0.11539126605983155,0.960267241679054,0.8448759756192225,732.1836430680513,157.0900001330747
2d1d534f-da92-4cd2-830b-7c8b6382e676,scale_minus_10pct,2920510365,True,4.6894496690507825,4.220504702145704,-0.46894496690507825,-10.0,-10.526315789473683,41.807987424785054,41.807987424785054,0.0,0.0,0.0,19.73564913864541,17.762084224780867,-1.9735649138645428,-10.000000000000009,-10.526315789473694,0.29411764705882354,0.29411764705882354,0.0,0.0,0.0,-4.260757130441343,-4.169242149319998,0.09151498112134515,-2.1478572544656105,2.1711741148318584,0.019186367008026485,0.01918636700802646,-2.42861286636753e-17,-1.26580131890083e-13,-1.265801318900831e-13,1091.575951622976,1212.8621684656318,121.2862168426559,11.111111110713392,10.526315789116728,0.11539126605983155,0.1038521394538484,-0.01153912660598315,-9.999999999999995,-10.52631578947368
2d1d534f-da92-4cd2-830b-7c8b6382e676,scale_minus_5pct,2920510365,True,4.6894496690507825,4.454977185598246,-0.2344724834525369,-4.999999999999952,-5.128205128205078,41.807987424785054,41.807987424785054,0.0,0.0,0.0,19.73564913864541,18.748866681713128,-0.9867824569322821,-5.000000000000059,-5.12820512820519,0.29411764705882354,0.29411764705882354,0.0,0.0,0.0,-4.260757130441343,-4.216204341019041,0.04455278942230212,-1.045654282990948,1.0511499803862316,0.019186367008026485,0.019186367008026395,-9.020562075079397e-17,-4.70154775591737e-13,-4.70154775591738e-13,1091.575951622976,1149.0273174974427,57.451365874466774,5.263157894697752,5.128205128168017,0.11539126605983155,0.10962170275683998,-0.005769563302991568,-4.999999999999991,-5.128205128205119
2d1d534f-da92-4cd2-830b-7c8b6382e676,scale_plus_5pct,2920510365,True,4.6894496690507825,4.9239221525033186,0.23447248345253602,4.999999999999933,4.878048780487743,41.807987424785054,41.807987424785054,0.0,0.0,0.0,19.73564913864541,20.722431595577685,0.986782456932275,5.000000000000022,4.878048780487826,0.29411764705882354,0.29411764705882354,0.0,0.0,0.0,-4.260757130441343,-4.303135728581216,-0.04237859813987299,0.9946259982080528,-0.9897040712092673,0.019186367008026485,0.01918636700802651,2.42861286636753e-17,1.26580131890083e-13,1.2658013189008293e-13,1091.575951622976,1039.5961444018549,-51.979807221121064,-4.761904761994481,-4.878048780581954,0.11539126605983155,0.12116082936282316,0.005769563302991609,5.0000000000000275,4.878048780487831
2d1d534f-da92-4cd2-830b-7c8b6382e676,scale_plus_10pct,2920510365,True,4.6894496690507825,5.158394635955861,0.46894496690507825,10.0,9.523809523809524,41.807987424785054,41.807987424785054,0.0,0.0,0.0,19.73564913864541,21.709214052509946,1.9735649138645357,9.999999999999973,9.523809523809499,0.29411764705882354,0.29411764705882354,0.0,0.0,0.0,-4.260757130441343,-4.343542500757788,-0.0827853703164454,1.9429732271050666,-1.9242791131137789,0.019186367008026485,0.01918636700802647,-1.3877787807814457e-17,-7.233150393719029e-14,-7.233150393719033e-14,1091.575951622976,992.3417742010196,-99.23417742195636,-9.09090909106353,-9.52380952397902,0.11539126605983155,0.12693039266581474,0.011539126605983191,10.000000000000032,9.523809523809554
2d1d534f-da92-4cd2-830b-7c8b6382e676,combined_degradation,2920510365,True,4.6894496690507825,4.849291347643026,0.15984167859224385,3.4085380987700904,3.3514208701652337,41.807987424785054,1.7940962386767862,-40.01389118610827,-95.70872374111653,-183.54118805399915,19.73564913864541,24.39667947231266,4.661030333667249,23.617314540418338,21.12297483668203,0.29411764705882354,0.052631578947368425,-0.24148606811145512,-82.10526315789474,-139.2857142857143,-4.260757130441343,-3.7093412128394845,0.5514159176018585,-12.941735487860138,13.837117030474996,0.019186367008026485,0.032580340220932924,0.013393973212906439,69.80984574778103,51.74744127984081,1091.575951622976,106.30858759579783,-985.2673640271781,-90.26099948082071,-164.50122391090235,0.11539126605983155,0.0803541349739932,-0.03503713108583835,-30.363763465140632,-35.7986761382802
2e777553-6d50-42a0-9b93-ba0d32a6d98a,frame_thinning_2x,1161259413,True,3.836840666938541,9.588281973745987,5.751441306807447,149.9004469058807,85.68176933263663,1.188920084252708,39.43195507142805,38.24303498717534,3216.619476254612,188.29252122514708,43.98126612243774,70.30633242345293,26.32506630101519,59.85518067563099,46.06810648916507,0.9687499999999998,0.8421052631578948,-0.12664473684210498,-13.073005093378582,-13.987284287011775,-4.231858599705193,-4.756581039880676,-0.5247224401754833,12.399337733355207,-11.675495663664694,0.8121142594834744,0.9304194061986136,0.11830514671513925,14.56754949609977,13.578520638662154,1559.575729083949,144.03678904896717,-1415.5389400349818,-90.76436069356053,-166.18085685192662,0.027085576866830847,0.046174406148445035,0.01908882928161419,70.47599309206693,52.11256813323001
2e777553-6d50-42a0-9b93-ba0d32a6d98a,frame_thinning_3x,1161259413,True,3.836840666938541,9.123297682219205,5.286457015280664,137.78151021055533,81.5802559025031,1.188920084252708,33.39920702369965,32.210286939446945,2709.205384455476,186.2505410536744,43.98126612243774,57.14086489765092,13.159598775213183,29.920918462371425,26.027138950619882,0.9687499999999998,1.0,0.03125000000000022,3.2258064516129266,3.1746031746031975,-4.231858599705193,-4.6649393971177675,-0.43308079741257455,10.233820133847207,-9.735655402476876,0.8121142594834744,0.9527642481935998,0.14064998871012546,17.318990162736768,15.938772906838603,1559.575729083949,82.32704077133256,-1477.2486883126164,-94.7211899213327,-179.9435040167235,0.027085576866830847,0.06707928550510976,0.03999370863827892,147.65684642757395,84.94401761096039
2e777553-6d50-42a0-9b93-ba0d32a6d98a,landmark_dropout_5pct,1161259413,True,3.836840666938541,3.845335319934821,0.008494652996279939,0.22139707466815192,0.22115226234845095,1.188920084252708,1.1889188105252229,-1.27372748504051e-06,-0.0001071331456092869,-0.00010713320299687208,43.98126612243774,44.04438591365213,0.06311979121439037,0.14351517539007094,0.14341226620738173,0.9687499999999998,0.16666666666666666,-0.8020833333333331,-82.79569892473118,-141.28440366972475,-4.231858599705193,-4.265338513811019,-0.0334799141058264,0.7911397159668505,-0.7880225363389771,0.8121142594834744,0.7856739885332377,-0.02644027095023671,-3.2557328776683963,-3.309608890046131,1559.575729083949,4179.822999682535,2620.2472705985856,168.01026213312804,91.30737885366369,0.027085576866830847,0.01698557743747206,-0.010099999429358787,-37.28921661523593,-45.834966607047406
2e777553-6d50-42a0-9b93-ba0d32a6d98a,landmark_dropout_10pct,1161259413,True,3.836840666938541,3.4692620673622776,-0.36757859957626327,-9.58024144040254,-10.062234626144766,1.188920084252708,1.2442932962885713,0.05537321203586343,4.657437683935509,4.551447273690843,43.98126612243774,67.69246765754131,23.711201535103577,53.91204852787749,42.465136129180884,0.9687499999999998,0.169811320754717,-0.7989386792452828,-82.47108947048083,-140.34179181771103,-4.231858599705193,-5.881739613184645,-1.649881013479452,38.98714889940767,-32.62698356706853,0.8121142594834744,0.5844256317909737,-0.22768862769250064,-28.03652626876869,-32.607536543008095,1559.575729083949,4451.251648588856,2891.675919504907,185.41426784086954,96.21557026395487,0.027085576866830847,0.9520621237430757,0.9249765468762449,3415.0151256662966,188.9350393817156
2e777553-6d50-42a0-9b93-ba0d32a6d98a,landmark_dropout_20pct,1161259413,True,3.836840666938541,0.9493245628436887,-2.887516104094852,-75.25764958071179,-120.66094526478493,1.188920084252708,0.34122678578437454,-0.8476932984683334,-71.29943464628646,-110.79894552184915,43.98126612243774,56.88906255395819,12.907796431520453,29.34839664594225,25.592850942183816,0.9687499999999998,0.04081632653061225,-0.9279336734693875,-95.78670177748518,-183.82817435249524,-4.231858599705193,-5.900635962059776,-1.6687773623545832,39.43367489808938,-32.93912179635852,0.8121142594834744,0.7638037754432334,-0.048310484040240964,-5.94872993253039,-6.131090953913446,1559.575729083949,1539.4421290866912,-20.13359999725776,-1.2909664867049242,-1.2993535964418537,0.027085576866830847,0.9493245628436887,0.9222389859768578,3404.908045751232,188.90401655400217
2e777553-6d50-42a0-9b93-ba0d32a6d98a,jitter_sigma_0p004,1161259413,True,3.836840666938541,5.766335398274308,1.9294947313357675,50.288633248753946,40.18451225371762,1.188920084252708,3.437773834786507,2.248853750533799,189.15095979283666,97.21212554301836,43.98126612243774,74.37278135795391,30.391515235516174,69.1010466840823,51.356951253485946,0.9687499999999998,0.5476190476190477,-0.4211309523809521,-43.471582181259585,-55.544651619234514,-4.231858599705193,-6.021778304834926,-1.7899197051297326,42.29630227376749,-34.91287475446277,0.8121142594834744,0.7947936219289663,-0.017320637554508078,-2.132783330947107,-2.1557723071572186,1559.575729083949,307.29753279320084,-1252.2781962907482,-80.29608135965934,-134.15781583711544,0.027085576866830847,0.7165897332449355,0.6895041563781046,2545.650623459585,185.43150404562434
2e777553-6d50-42a0-9b93-ba0d32a6d98a,jitter_sigma_0p008,1161259413,True,3.836840666938541,0.6829903294369464,-3.1538503375015945,-82.19914797812253,-139.55611791815707,1.188920084252708,0.33207589139334487,-0.8568441928593631,-72.06911584792766,-112.66883102638232,43.98126612243774,40.92876250741716,-3.0525036150205764,-6.940463256612101,-7.1899719368303145,0.9687499999999998,0.0,-0.9687499999999998,-100.0,-200.0,-4.231858599705193,-6.779285346346514,-2.547426746641321,60.19640511662616,-46.269974475354275,0.8121142594834744,1.0,0.18788574051652562,23.135382530535274,20.736632862221462,1559.575729083949,0.0,-1559.575729083949,-100.0,-200.00000000000003,0.027085576866830847,0.0,-0.027085576866830847,-100.0,-200.0
2e777553-6d50-42a0-9b93-ba0d32a6d98a,scale_minus_10pct,1161259413,True,3.836840666938541,3.453156600244685,-0.3836840666938559,-10.000000000000048,-10.526315789473736,1.188920084252708,1.188920084252708,0.0,0.0,0.0,43.98126612243774,39.58313951019392,-4.398126612243821,-10.000000000000108,-10.526315789473804,0.9687499999999998,0.9687499999999998,0.0,0.0,0.0,-4.231858599705193,-4.140343618583848,0.09151498112134515,-2.1625245495612835,2.1861627021246828,0.8121142594834744,0.8121142594834749,5.551115123125783e-16,6.835386841571327e-14,6.835386841571324e-14,1559.575729083949,1732.861921204294,173.28619212034505,11.111111111105101,10.526315789468288,0.027085576866830847,0.02437701918014776,-0.0027085576866830857,-10.000000000000004,-10.526315789473689
2e777553-6d50-42a0-9b93-ba0d32a6d98a,scale_minus_5pct,1161259413,True,3.836840666938541,3.6449986335916114,-0.1918420333469295,-5.000000000000064,-5.128205128205196,1.188920084252708,1.188920084252708,0.0,0.0,0.0,43.98126612243774,41.782202816315845,-2.199063306121893,-5.000000000000013,-5.128205128205142,0.9687499999999998,0.9687499999999998,0.0,0.0,0.0,-4.231858599705193,-4.18730581028289,0.04455278942230301,-1.052794850598428,1.058366062300619,0.8121142594834744,0.8121142594834753,8.881784197001252e-16,1.0936618946514122e-13,1.0936618946514117e-13,1559.575729083949,1641.6586621941117,82.08293311016268,5.263157894767694,5.128205128234418,0.027085576866830847,0.025731298023489304,-0.0013542788433415429,-5.000000000000002,-5.12820512820513
2e777553-6d50-42a0-9b93-ba0d32a6d98a,scale_plus_5pct,1161259413,True,3.836840666938541,4.028682700285468,0.19184203334692684,4.999999999999995,4.878048780487799,1.188920084252708,1.188920084252708,0.0,0.0,0.0,43.98126612243774,46.18032942855961,2.1990633061218716,4.999999999999965,4.878048780487772,0.9687499999999998,0.9687499999999998,0.0,0.0,0.0,-4.231858599705193,-4.274237197845066,-0.04237859813987299,1.0014181036867642,-0.996428894019227,0.8121142594834744,0.8121142594834784,3.9968028886505635e-15,4.921478525931355e-13,4.921478525931343e-13,1559.575729083949,1485.3102181750903,-74.26551090885869,-4.761904761911123,-4.87804878049448,0.027085576866830847,0.028439855710172386,0.0013542788433415394,4.999999999999989,4.878048780487794
2e777553-6d50-42a0-9b93-ba0d32a6d98a,scale_plus_10pct,1161259413,True,3.836840666938541,4.220524733632393,0.38368406669385235,9.999999999999956,9.523809523809485,1.188920084252708,1.188920084252708,0.0,0.0,0.0,43.98126612243774,48.37939273468151,4.398126612243772,9.999999999999995,9.52380952380952,0.9687499999999998,0.9687499999999998,0.0,0.0,0.0,-4.231858599705193,-4.314643970021638,-0.0827853703164454,1.9562414094415286,-1.9372923518372365,0.8121142594834744,0.8121142594834766,2.220446049250313e-15,2.7341547366285307e-13,2.7341547366285267e-13,1559.575729083949,1417.7961173476453,-141.77961173630365,-9.090909090998807,-9.523809523907989,0.027085576866830847,0.02979413455351394,0.0027085576866830927,10.00000000000003,9.523809523809552
2e777553-6d50-42a0-9b93-ba0d32a6d98a,combined_degradation,1161259413,True,3.836840666938541,10.573502110091342,6.736661443152801,175.57834760253573,93.49758777273577,1.188920084252708,40.52464901617916,39.335728931926454,3308.5259011879516,188.599200596907,43.98126612243774,133.31410889621932,89.33284277378158,203.1156686692269,100.77289694035272,0.9687499999999998,2.500000000000001,1.531250000000001,158.0645161290324,88.28828828828833,-4.231858599705193,-5.735046157867759,-1.5031875581625664,35.520741601982735,-30.16357825673873,0.8121142594834744,0.9392582308124126,0.12714397132893818,15.655921546040211,14.519352340341689,1559.575729083949,242.58698297483892,-1316.98874610911,-84.44532199040262,-146.1564749172492,0.027085576866830847,0.18762879895986173,0.16054322209303087,592.7258735612644,149.5411953437285
2f15e60c-d955-4db2-8c3b-f233f9c696ad,frame_thinning_2x,1615536942,True,4.165158284663181,3.829263577854067,-0.33589470680911404,-8.064392367654676,-8.403226964641293,0.0,0.0,0.0,,,11.185092360496421,6.870440993883402,-4.3146513666130195,-38.575017778588325,-47.79312005830492,0.10344827586206896,0.2142857142857143,0.11083743842364534,107.14285714285717,69.76744186046513,-5.185915043681988,-3.961351233604885,1.2245638100771035,-23.61326399993753,26.774421405393166,0.9969797627196126,0.9990091008684091,0.002029338148796467,0.20354857988899733,0.2033416303885079,34.99469854213158,0.9846549944115166,-34.010043547720066,-97.1862738202301,-189.05311076908114,0.3728364120165474,0.7078679495717781,0.33503153755523074,89.86019786617871,62.0024401609392
2f15e60c-d955-4db2-8c3b-f233f9c696ad,frame_thinning_3x,1615536942,True,4.165158284663181,5.439590679948422,1.274432395285241,30.59745412264204,26.537547206717164,0.0,15.53876250564157,15.53876250564157,,200.0,11.185092360496421,24.670414025613074,13.485321665116652,120.56513464961805,75.2203665451,0.10344827586206896,0.0916030534351145,-0.01184522242695446,-11.450381679389311,-12.14574898785425,-5.185915043681988,-3.2165187638364503,1.969396279845538,-37.97586854502867,46.87680557705402,0.9969797627196126,0.06462603507950161,-0.932353727640111,-93.51781876663058,-175.6497052998459,34.99469854213158,16.30638118375123,-18.68831735838035,-53.40328145956366,-72.85740361894011,0.3728364120165474,3.7168665255360156,3.344030113519468,896.9161824706788,163.53413265368687
2f15e60c-d955-4db2-8c3b-f233f9c696ad,landmark_dropout_5pct,1615536942,True,4.165158284663181,4.165158147139193,-1.3752398775324082e-07,-3.3017709857420656e-06,-3.301771040250525e-06,0.0,0.0,0.0,,,11.185092360496421,11.185701281827749,0.0006089213313273945,0.005444043837116505,0.005443895653083605,0.10344827586206896,0.10344827586206896,0.0,0.0,0.0,-5.185915043681988,-5.185918508616814,-3.4649348252813184e-06,6.681433837800055e-05,-6.681431605722893e-05,0.9969797627196126,0.9969795282520161,-2.3446759656042815e-07,-2.3517788959009098e-05,-2.3517791724441407e-05,34.99469854213158,34.95744614154986,-0.03725240058172119,-0.10645155447437694,-0.10650824431523541,0.3728364120165474,0.3728567093942583,2.029737771092055e-05,0.00544404383711849,0.00544389565308559
2f15e60c-d955-4db2-8c3b-f233f9c696ad,landmark_dropout_10pct,1615536942,True,4.165158284663181,10.692308695724671,6.52715041106149,156.70834011508194,87.86356947220487,0.0,0.0,0.0,,,11.185092360496421,309.57820969161804,298.39311733112163,2667.775175330588,186.05190520369544,0.10344827586206896,11.499999999999982,11.396551724137913,11016.666666666648,196.43387815750367,-5.185915043681988,-6.9761427347674205,-1.7902276910854322,34.52096064061965,-29.439552478654246,0.9969797627196126,0.9920918466901056,-0.004887916029507,-0.49027234175481066,-0.49147712997196213,34.99469854213158,43.96885599083709,8.974157448705512,25.644334206511733,22.729872032188325,0.3728364120165474,3.812996564411952,3.4401601523954044,922.6996187922553,164.37159207105634
2f15e60c-d955-4db2-8c3b-f233f9c696ad,landmark_dropout_20pct,1615536942,True,4.165158284663181,47.32217393507469,43.15701565041151,1036.143471649636,167.64129656679748,0.0,12.339015547929568,12.339015547929568,,200.0,11.185092360496421,1402.2814817683513,1391.096389407855,12437.057688686933,196.83470622787382,0.10344827586206896,0.0663265306122449,-0.03712174524982406,-35.8843537414966,-43.73056994818652,-5.185915043681988,-8.644479233521233,-3.4585641898392447,66.69149341450978,-50.01396374563277,0.9969797627196126,0.05068086609215739,-0.9462988966274553,-94.91656019637675,-180.64989188354312,34.99469854213158,109.04063372703317,74.0459351849016,211.59186468131622,102.81634931980288,0.3728364120165474,1.6490672750088404,1.2762308629922932,342.30317154099504,126.24051988053657
2f15e60c-d955-4db2-8c3b-f233f9c696ad,jitter_sigma_0p004,1615536942,True,4.165158284663181,4.45254228672101,0.2873840020578289,6.899713826387475,6.669621430387404,0.0,0.4793798828279884,0.4793798828279884,,200.0,11.185092360496421,14.594486226083886,3.4093938655874645,30.481588847927473,26.450345991010433,0.10344827586206896,1.0714285714285714,0.9679802955665024,935.7142857142858,164.77987421383648,-5.185915043681988,-5.221311394491868,-0.03539635080987935,0.6825478341185478,-0.6802263988423473,0.9969797627196126,0.9970260339486818,4.6271229069194675e-05,0.004641140251731252,0.004641032553316288,34.99469854213158,33.41064181048474,-1.5840567316468395,-4.52656201549994,-4.631383232599481,0.3728364120165474,2.5100998204418064,2.137263408425259,573.2442807464852,148.269905130906
2f15e60c-d955-4db2-8c3b-f233f9c696ad,jitter_sigma_0p008,1615536942,True,4.165158284663181,4.9295718605943275,0.7644135759311466,18.352569666940315,16.81003314495821,0.0,70.90997203113355,70.90997203113355,,200.0,11.185092360496421,118.17310371567984,106.98801135518342,956.5232713950968,165.41357965780614,0.10344827586206896,0.08988764044943823,-0.013560635412630737,-13.108614232209712,-14.02805611222442,-5.185915043681988,-6.213008890713247,-1.0270938470312583,19.80545069442603,-18.020891321716682,0.9969797627196126,0.040225124501670956,-0.9567546382179417,-95.96530180392602,-184.48710568287592,34.99469854213158,49.231325380877955,14.236626838746375,40.682238829993935,33.80576732853965,0.3728364120165474,4.613814340413781,4.240977928397234,1137.490275013431,170.09324049133863
2f15e60c-d955-4db2-8c3b-f233f9c696ad,scale_minus_10pct,1615536942,True,4.165158284663181,3.7486424561968623,-0.4165158284663186,-10.000000000000012,-10.526315789473697,0.0,0.0,0.0,,,11.185092360496421,10.06658312444678,-1.1185092360496416,-9.999999999999995,-10.52631578947368,0.10344827586206896,0.10344827586206896,0.0,0.0,0.0,-5.185915043681988,-5.094400062560639,0.09151498112134959,-1.7646833847161167,1.7803925302985695,0.9969797627196126,0.9969797627196133,6.661338147750939e-16,6.681517917254206e-14,6.681517917254205e-14,34.99469854213158,38.882998380137835,3.8882998380062546,11.111111111087206,10.526315789452228,0.3728364120165474,0.33555277081489265,-0.03728364120165473,-9.999999999999996,-10.526315789473681
2f15e60c-d955-4db2-8c3b-f233f9c696ad,scale_minus_5pct,1615536942,True,4.165158284663181,3.956900370430022,-0.2082579142331591,-5.000000000000001,-5.1282051282051295,0.0,0.0,0.0,,,11.185092360496421,10.6258377424716,-0.5592546180248217,-5.000000000000006,-5.128205128205134,0.10344827586206896,0.10344827586206896,0.0,0.0,0.0,-5.185915043681988,-5.141362254259684,0.044552789422303896,-0.8591114402574462,0.8628177231414847,0.9969797627196126,0.9969797627196131,4.440892098500626e-16,4.454345278169472e-14,4.45434527816947e-14,34.99469854213158,36.83652478115418,1.841826239022602,5.263157894631241,5.128205128104872,0.3728364120165474,0.35419459141571996,-0.01864182060082742,-5.000000000000013,-5.128205128205142
2f15e60c-d955-4db2-8c3b-f233f9c696ad,scale_plus_5pct,1615536942,True,4.165158284663181,4.37341619889634,0.2082579142331591,5.000000000000001,4.878048780487806,0.0,0.0,0.0,,,11.185092360496421,11.744346978521241,0.5592546180248199,4.99999999999999,4.878048780487795,0.10344827586206896,0.10344827586206896,0.0,0.0,0.0,-5.185915043681988,-5.228293641821865,-0.042378598139876544,0.8171865096692335,-0.8138611279965188,0.9969797627196126,0.9969797627196131,4.440892098500626e-16,4.454345278169472e-14,4.45434527816947e-14,34.99469854213158,33.3282843258293,-1.6664142163022788,-4.761904761934192,-4.878048780518687,0.3728364120165474,0.3914782326173747,0.018641820600827308,4.999999999999984,4.87804878048779
2f15e60c-d955-4db2-8c3b-f233f9c696ad,scale_plus_10pct,1615536942,True,4.165158284663181,4.581674113129495,0.41651582846631374,9.999999999999895,9.523809523809428,0.0,0.0,0.0,,,11.185092360496421,12.303601596546065,1.1185092360496434,10.000000000000012,9.523809523809534,0.10344827586206896,0.10344827586206896,0.0,0.0,0.0,-5.185915043681988,-5.268700413998437,-0.08278537031644895,1.5963502992072065,-1.5837095233499217,0.9969797627196126,0.9969797627196129,2.220446049250313e-16,2.227172639084736e-14,2.2271726390847353e-14,34.99469854213158,31.81336231102463,-3.1813362311069504,-9.090909090920748,-9.523809523822319,0.3728364120165474,0.41012005321820216,0.03728364120165478,10.000000000000012,9.523809523809534
2f15e60c-d955-4db2-8c3b-f233f9c696ad,combined_degradation,1615536942,True,4.165158284663181,5.808855793028388,1.6436975083652072,39.46302627723849,32.95959872448129,0.0,28.826284555783694,28.826284555783694,,200.0,11.185092360496421,38.967605113225204,27.782512752728785,248.3887647709664,110.79169876071337,0.10344827586206896,0.1853932584269663,0.08194498256489734,79.21348314606743,56.740442655935624,-5.185915043681988,-4.42818368625082,0.7577313574311679,-14.611333796420627,15.762920242789384,0.9969797627196126,0.07389967654115646,-0.9230800861784562,-92.5876452758109,-172.39664005794356,34.99469854213158,38.08931055864665,3.0946120165150717,8.843088083154479,8.46864329034768,0.3728364120165474,3.9071481924468623,3.534311780430315,947.9524173388551,165.15535017320084
32afaf69-d3a9-4e07-b029-92248bd657cb,frame_thinning_2x,1086532578,True,10.345311364141313,10.545048228140606,0.19973686399929313,1.9306993957824856,1.9122395966136192,0.08309704947127046,0.05302329898202286,-0.030073750489247597,-36.19111711017506,-44.187001915539085,57.27487137928854,57.62243525563418,0.3475638763456388,0.6068348439300435,0.604999171042357,0.125,3.666666666666665,3.541666666666665,2833.333333333332,186.8131868131868,-4.379009777986129,-4.543576243553215,-0.16456646556708598,3.75807485962657,-3.6887616475720932,0.8635369243939836,0.907709524334911,0.04417259994092748,5.115311076237662,4.987741821317662,718.4438005544118,225.43029387736274,-493.0135066770491,-68.62241782817226,-104.46594722442302,0.02628788603671325,0.385297283092284,0.3590093970555708,1365.683785125148,174.45205706284895
32afaf69-d3a9-4e07-b029-92248bd657cb,frame_thinning_3x,1086532578,True,10.345311364141313,9.24309911604578,-1.1022122480955332,-10.654220151517107,-11.253718102450197,0.08309704947127046,0.034301781051772035,-0.048795268419498425,-58.72081948754227,-83.12735008023971,57.27487137928854,54.59156398989082,-2.6833073893977186,-4.6849644962590755,-4.797341366143154,0.125,0.26666666666666666,0.14166666666666666,113.33333333333333,72.34042553191489,-4.379009777986129,-4.374668145699,0.004341632287128583,-0.09914643965753518,0.0991956141173821,0.8635369243939836,0.9218793262484212,0.05834240185443762,6.756213915853267,6.535439770243564,718.4438005544118,180.8422795990032,-537.6015209554087,-74.82861158249956,-119.56184640680655,0.02628788603671325,0.012073288495444886,-0.014214597541268364,-54.072805707604175,-74.10929260965293
32afaf69-d3a9-4e07-b029-92248bd657cb,landmark_dropout_5pct,1086532578,True,10.345311364141313,10.345436698302098,0.0001253341607849734,0.0012115068978919654,0.0012114995591916017,0.08309704947127046,0.08309764533537851,5.958641080550109e-07,0.0007170701148192053,0.0007170675438806751,57.27487137928854,57.275199578302,0.0003281990134595958,0.0005730244443259937,0.0005730228025456287,0.125,0.7419354838709676,0.6169354838709676,493.5483870967741,142.32558139534882,-4.379009777986129,-4.379068839086821,-5.906110069187065e-05,0.0013487318751554003,-0.0013487227798283808,0.8635369243939836,0.863143995785092,-0.0003929286088915074,-0.04550223595444496,-0.04551259057762177,718.4438005544118,922.1053984237785,203.6615978693667,28.347603210189053,24.82846573528139,0.02628788603671325,0.026287593500769188,-2.9253594406239425e-07,-0.0011128165408730208,-0.001112822732710741
32afaf69-d3a9-4e07-b029-92248bd657cb,landmark_dropout_10pct,1086532578,True,10.345311364141313,13.541729209395989,3.1964178452546754,30.897260920865342,26.762778213687568,0.08309704947127046,0.08310481533689103,7.765865620568135e-06,0.00934553713998361,0.009345100465066244,57.27487137928854,206.6214651520267,149.34659377273817,260.75413209351035,113.18580298291938,0.125,0.48648648648648646,0.36148648648648646,289.18918918918916,118.23204419889504,-4.379009777986129,-6.253650271511974,-1.8746404935258454,42.80968960037302,-35.26192852585999,0.8635369243939836,0.8909603851557953,0.02742346076181179,3.1757137404468416,3.1260761259131162,718.4438005544118,792.5070863591147,74.0632858047029,10.308848896399333,9.80353318511823,0.02628788603671325,0.02631849132203677,3.0605285323521275e-05,0.1164235316631334,0.11635579889794748
32afaf69-d3a9-4e07-b029-92248bd657cb,landmark_dropout_20pct,1086532578,True,10.345311364141313,20.851438519511948,10.506127155370635,101.5544799529837,67.3539852359795,0.08309704947127046,0.32404168297398905,0.2409446335027186,289.95570244166316,118.3599664201018,57.27487137928854,464.8140777594022,407.5392063801137,711.5497539597899,156.1186870752373,0.125,0.4736842105263158,0.3486842105263158,278.94736842105266,116.4835164835165,-4.379009777986129,-7.462991841230471,-3.083982063244342,70.42647127092373,-52.08548626171124,0.8635369243939836,0.9035727092509613,0.040035784856977785,4.636256276484559,4.531216863369999,718.4438005544118,1059.7264086638215,341.2826081094097,47.50303473229879,38.38582002332088,0.02628788603671325,0.02603334892311971,-0.00025453711359353995,-0.9682677155479805,-0.9729782326007719
32afaf69-d3a9-4e07-b029-92248bd657cb,jitter_sigma_0p004,1086532578,True,10.345311364141313,10.356788007238055,0.011476643096742123,0.11093569533849128,0.11087419580845574,0.08309704947127046,1.7084498103282968,1.6253527608570264,1955.969280737179,181.44685995418126,57.27487137928854,67.80440273867698,10.529531359388443,18.384207778764356,16.836572539520443,0.125,0.25581395348837205,0.13081395348837205,104.65116279069764,68.70229007633586,-4.379009777986129,-4.5767930996549895,-0.1977833216688607,4.516622060611604,-4.416875278991292,0.8635369243939836,0.7196835181696171,-0.1438534062243665,-16.658628271781257,-18.172252247000362,718.4438005544118,362.01744277485574,-356.4263577795561,-49.61088918917631,-65.97670392716459,0.02628788603671325,0.1932238839987789,0.16693599796206565,635.0301341421119,152.09753712529795
32afaf69-d3a9-4e07-b029-92248bd657cb,jitter_sigma_0p008,1086532578,True,10.345311364141313,9.126231291091294,-1.2190800730500193,-11.783889630191,-12.521658860166529,0.08309704947127046,3.7667778597134367,3.683680810242166,4432.986289742746,191.36625979477674,57.27487137928854,101.2271893550331,43.95231797574456,76.73926962608316,55.45961708272886,0.125,1.0384615384615385,0.9134615384615385,730.7692307692308,157.02479338842974,-4.379009777986129,-5.641453364296786,-1.2624435863106571,28.829430631946313,-25.197310112016254,0.8635369243939836,0.4002573733241156,-0.46327955106986796,-53.64907255066021,-73.31565776271712,718.4438005544118,98.52227740637588,-619.9215231480359,-86.28671061948788,-151.76187601213732,0.02628788603671325,1.0694027926201928,1.0431149065834795,3968.044083600643,190.40317251984405
32afaf69-d3a9-4e07-b029-92248bd657cb,scale_minus_10pct,1086532578,True,10.345311364141313,9.31078022772718,-1.0345311364141327,-10.000000000000012,-10.526315789473697,0.08309704947127046,0.08309704947127046,0.0,0.0,0.0,57.27487137928854,51.54738424135968,-5.727487137928861,-10.000000000000012,-10.526315789473697,0.125,0.125,0.0,0.0,0.0,-4.379009777986129,-4.287494796864784,0.09151498112134515,-2.089855601177309,2.1119236788245614,0.8635369243939836,0.863536924393984,4.440892098500626e-16,5.142677716551812e-14,5.142677716551811e-14,718.4438005544118,798.2708895040687,79.82708894965685,11.111111110995116,10.52631578936958,0.02628788603671325,0.02365909743304192,-0.0026287886036713316,-10.000000000000025,-10.526315789473712
32afaf69-d3a9-4e07-b029-92248bd657cb,scale_minus_5pct,1086532578,True,10.345311364141313,9.828045795934246,-0.5172655682070673,-5.000000000000016,-5.128205128205144,0.08309704947127046,0.08309704947127046,0.0,0.0,0.0,57.27487137928854,54.411127810324096,-2.863743568964445,-5.000000000000031,-5.1282051282051615,0.125,0.125,0.0,0.0,0.0,-4.379009777986129,-4.334456988563827,0.04455278942230212,-1.0174169887967592,1.0226191392233317,0.8635369243939836,0.8635369243939821,-1.4432899320127035e-15,-1.671370257879339e-13,-1.6713702578793404e-13,718.4438005544118,756.2566321628991,37.81283160848727,5.263157894786997,5.128205128252744,0.02628788603671325,0.024973491734877583,-0.0013143943018356676,-5.000000000000019,-5.128205128205148
32afaf69-d3a9-4e07-b029-92248bd657cb,scale_plus_5pct,1086532578,True,10.345311364141313,10.86257693234838,0.5172655682070673,5.000000000000016,4.87804878048782,0.08309704947127046,0.08309704947127046,0.0,0.0,0.0,57.27487137928854,60.13861494825296,2.8637435689644164,4.999999999999981,4.878048780487787,0.125,0.125,0.0,0.0,0.0,-4.379009777986129,-4.4213883761260035,-0.04237859813987477,0.967766693578025,-0.9631063821827803,0.8635369243939836,0.8635369243939841,5.551115123125783e-16,6.428347145689765e-14,6.428347145689763e-14,718.4438005544118,684.2321910027954,-34.21160955161645,-4.761904762100513,-4.878048780693221,0.02628788603671325,0.02760228033854891,0.0013143943018356606,4.999999999999993,4.8780487804877986
32afaf69-d3a9-4e07-b029-92248bd657cb,scale_plus_10pct,1086532578,True,10.345311364141313,11.379842500555446,1.0345311364141327,10.000000000000012,9.523809523809536,0.08309704947127046,0.08309704947127046,0.0,0.0,0.0,57.27487137928854,63.0023585172174,5.727487137928861,10.000000000000012,9.523809523809534,0.125,0.125,0.0,0.0,0.0,-4.379009777986129,-4.461795148302576,-0.08278537031644717,1.8905043494677805,-1.8728016511320031,0.8635369243939836,0.8635369243939839,3.3306690738754696e-16,3.857008287413859e-14,3.8570082874138584e-14,718.4438005544118,653.1307277761568,-65.31307277825499,-9.090909090989987,-9.523809523898308,0.02628788603671325,0.028916674640384575,0.0026287886036713247,10.0,9.523809523809524
32afaf69-d3a9-4e07-b029-92248bd657cb,combined_degradation,1086532578,True,10.345311364141313,13.912508691335546,3.5671973271942328,34.48129497154404,29.41069988182093,0.08309704947127046,0.3203052675502894,0.23720821807901893,285.4592546767019,117.60379555100143,57.27487137928854,165.94167422186453,108.66680284257599,189.72858467539317,97.36446960051393,0.125,0.034482758620689655,-0.09051724137931035,-72.41379310344827,-113.5135135135135,-4.379009777986129,-6.214792457555425,-1.835782679569296,41.92232428431703,-34.657673208404034,0.8635369243939836,0.9420112041419476,0.07847427974796406,9.087541890931423,8.692571359102642,718.4438005544118,299.7840807746453,-418.65971977976653,-58.273134162573804,-82.23301040103217,0.02628788603671325,0.03444477340253912,0.008156887365825868,31.029073065951696,26.861617591387603
32fec03e-0046-4581-885b-ef0d7f174e53,frame_thinning_2x,2267440176,True,13.522582856106379,22.8077399581373,9.285157102030922,68.66407993823483,51.11519184404593,8.348834785948926,26.726868947576477,18.378034161627554,220.1269354683812,104.79067961827838,194.54725964918956,177.221185806664,-17.326073842525545,-8.905843173411013,-9.320895333804206,2.374999999999999,2.2307692307692313,-0.14423076923076783,-6.072874493927069,-6.2630480167014015,-5.1762953127923845,-5.1303084655723925,0.04598684721999202,-0.8884123575087166,0.8923763483859897,0.35385733341523556,0.7495643860435853,0.39570705262834976,111.8267209016707,71.72362944286186,705.9832846573402,528.0059157879633,-177.97736886937685,-25.209855918297112,-28.845855183359955,0.8249795788599792,0.685658632781609,-0.1393209460783702,-16.887805425546983,-18.445309406938964
32fec03e-0046-4581-885b-ef0d7f174e53,frame_thinning_3x,2267440176,True,13.522582856106379,21.824140451617748,8.301557595511369,61.390325234817425,46.972148016318535,8.348834785948926,25.392771962745776,17.043937176796852,204.1474961929031,101.02623330144881,194.54725964918956,140.00683180454683,-54.54042784464272,-28.034539238944213,-32.604848804956134,2.374999999999999,1.8999999999999997,-0.4749999999999994,-19.999999999999986,-22.222222222222204,-5.1762953127923845,-5.551875127431337,-0.37557981463895285,7.255764826839912,-7.001749585013504,0.35385733341523556,0.7390955382829545,0.3852382048677189,108.86822696300018,70.49493438251366,705.9832846573402,32.07844366313783,-673.9048409942023,-95.45620351638955,-182.61476381595614,0.8249795788599792,0.5690611794134901,-0.2559183994464891,-31.021179918191066,-36.71605696284607
32fec03e-0046-4581-885b-ef0d7f174e53,landmark_dropout_5pct,2267440176,True,13.522582856106379,13.527939526775413,0.005356670669034003,0.03961277757388705,0.03960493326682542,8.348834785948926,8.347210189530852,-0.001624596418073665,-0.019458959959392872,-0.019460853399228224,194.54725964918956,194.65465545017096,0.10739580098140777,0.05520293689824542,0.05518770428146037,2.374999999999999,0.17391304347826086,-2.2010869565217384,-92.67734553775743,-172.70788912579957,-5.1762953127923845,-5.18654702829463,-0.01025171550224524,0.1980512100403114,-0.1978552826496033,0.35385733341523556,0.3553317093414837,0.0014743759262481615,0.4166582933348588,0.4157920772484164,705.9832846573402,685.7914443633334,-20.191840294006738,-2.860101752098445,-2.901596051857442,0.8249795788599792,0.8249097315589493,-6.984730102987946e-05,-0.008466549090390805,-0.008466907517831522
32fec03e-0046-4581-885b-ef0d7f174e53,landmark_dropout_10pct,2267440176,True,13.522582856106379,13.527612056253167,0.005029200146788426,0.03719112095894754,0.0371842063473674,8.348834785948926,8.347209312472259,-0.001625473476666528,-0.0194694651210753,-0.01947136060595619,194.54725964918956,194.6512263701527,0.10396672096314319,0.053440342028264746,0.05342606649193198,2.374999999999999,0.12499999999999997,-2.249999999999999,-94.73684210526315,-180.0,-5.1762953127923845,-5.213791006904565,-0.0374956941121809,0.7243731635541794,-0.7217590491254849,0.35385733341523556,0.3569046137733343,0.0030472803580987584,0.8611607194029558,0.857468627900614,705.9832846573402,388.1772498161986,-317.8060348411416,-45.01608490566368,-58.0912991883875,0.8249795788599792,0.824896590548377,-8.298831160213904e-05,-0.010059438285347467,-0.010059944272290273
32fec03e-0046-4581-885b-ef0d7f174e53,landmark_dropout_20pct,2267440176,True,13.522582856106379,13.040483990743256,-0.4820988653631222,-3.565138927179295,-3.6298434073345622,8.348834785948926,1.0862409460092086,-7.262593839939717,-86.98931079774927,-153.9488191989839,194.54725964918956,162.48327119625472,-32.06398845293484,-16.481336468451463,-17.961482664806102,2.374999999999999,0.08,-2.294999999999999,-96.63157894736841,-186.96537678207739,-5.1762953127923845,-5.2253394068924575,-0.04904409410007293,0.9474748084574757,-0.9430074295390929,0.35385733341523556,0.35739896631923435,0.0035416329039987815,1.0008646337259417,0.995880923746043,705.9832846573402,469.49530835081475,-236.4879763065254,-33.49767359170671,-40.23688354907962,0.8249795788599792,0.6553574655480364,-0.16962211331194277,-20.560765097523962,-22.916688324823266
32fec03e-0046-4581-885b-ef0d7f174e53,jitter_sigma_0p004,2267440176,True,13.522582856106379,20.603897170021554,7.0813143139151755,52.36658106862679,41.500408530229755,8.348834785948926,48.619188346715376,40.27035356076645,482.34699324199573,141.37879935551513,194.54725964918956,224.7274567385245,30.18019708933494,15.513041480900993,14.396383044202711,2.374999999999999,8.111111111111104,5.7361111111111045,241.52046783625713,109.40397350993372,-5.1762953127923845,-5.32106893546029,-0.1447736226679055,2.7968578668632116,-2.7582852084417975,0.35385733341523556,0.5526595465636894,0.19880221314845387,56.18145912922722,43.86067541358429,705.9832846573402,268.0801559651184,-437.90312869222174,-62.02740747675984,-89.91265053791307,0.8249795788599792,0.8159173495170726,-0.00906222934290657,-1.098479232107716,-1.1045458354132789
32fec03e-0046-4581-885b-ef0d7f174e53,jitter_sigma_0p008,2267440176,True,13.522582856106379,21.1026190317379,7.58003617563152,56.05464766820497,43.783347171140164,8.348834785948926,52.359310435752285,44.01047564980336,527.14512597462,144.99034845845043,194.54725964918956,249.71154702505794,55.16428737586838,28.35521172353773,24.83430223424589,2.374999999999999,2.2799999999999994,-0.09499999999999975,-3.999999999999991,-4.081632653061215,-5.1762953127923845,-5.873315243297473,-0.6970199305050881,13.465613694460496,-12.616189990894009,0.35385733341523556,0.4527240447726534,0.09886671135741781,27.93970960081876,24.514999733700108,705.9832846573402,93.9904027126499,-611.9928819446902,-86.6865965873017,-153.00325288365187,0.8249795788599792,2.1924140600088036,1.3674344811488244,165.75373696382297,90.63679750193108
32fec03e-0046-4581-885b-ef0d7f174e53,scale_minus_10pct,2267440176,True,13.522582856106379,12.170324570495739,-1.35225828561064,-10.000000000000016,-10.526315789473701,8.348834785948926,8.348834785948926,0.0,0.0,0.0,194.54725964918956,175.09253368427056,-19.454725964918993,-10.000000000000018,-10.526315789473704,2.374999999999999,2.374999999999999,0.0,0.0,0.0,-5.1762953127923845,-5.084780331671035,0.09151498112134959,-1.7679629076645795,1.7837307567404679,0.35385733341523556,0.35385733341523545,-1.1102230246251565e-16,-3.137487681574653e-14,-3.1374876815746537e-14,705.9832846573402,784.4258718417914,78.44258718445121,11.111111111153932,10.526315789512116,0.8249795788599792,0.7424816209739811,-0.08249795788599812,-10.000000000000025,-10.526315789473712
32fec03e-0046-4581-885b-ef0d7f174e53,scale_minus_5pct,2267440176,True,13.522582856106379,12.846453713301061,-0.6761291428053173,-4.9999999999999885,-5.128205128205115,8.348834785948926,8.348834785948926,0.0,0.0,0.0,194.54725964918956,184.8198966667301,-9.727362982459454,-4.999999999999988,-5.128205128205115,2.374999999999999,2.374999999999999,0.0,0.0,0.0,-5.1762953127923845,-5.131742523370081,0.044552789422303896,-0.8607080301658758,0.8644281313365892,0.35385733341523556,0.3538573334152343,-1.27675647831893e-15,-3.608110833810851e-13,-3.6081108338108577e-13,705.9832846573402,743.1402996394269,37.15701498208671,5.263157894754043,5.128205128221458,0.8249795788599792,0.78373059991698,-0.04124897894299917,-5.000000000000025,-5.128205128205154
32fec03e-0046-4581-885b-ef0d7f174e53,scale_plus_5pct,2267440176,True,13.522582856106379,14.1987119989117,0.6761291428053209,5.000000000000014,4.878048780487819,8.348834785948926,8.348834785948926,0.0,0.0,0.0,194.54725964918956,204.27462263164907,9.72736298245951,5.000000000000017,4.878048780487821,2.374999999999999,2.374999999999999,0.0,0.0,0.0,-5.1762953127923845,-5.21867391093226,-0.042378598139875656,0.8187051854468916,-0.8153674576189056,0.35385733341523556,0.35385733341523573,1.6653345369377348e-16,4.70623152236198e-14,4.706231522361979e-14,705.9832846573402,672.365033007234,-33.61825165010612,-4.761904761870283,-4.878048780451624,0.8249795788599792,0.866228557802978,0.04124897894299884,4.999999999999985,4.878048780487791
32fec03e-0046-4581-885b-ef0d7f174e53,scale_plus_10pct,2267440176,True,13.522582856106379,14.874841141717017,1.3522582856106382,10.000000000000002,9.523809523809526,8.348834785948926,8.348834785948926,0.0,0.0,0.0,194.54725964918956,214.0019856141085,19.454725964918936,9.99999999999999,9.523809523809513,2.374999999999999,2.374999999999999,0.0,0.0,0.0,-5.1762953127923845,-5.259080683108834,-0.08278537031644984,1.5993169885778937,-1.5866293720315603,0.35385733341523556,0.3538573334152348,-7.771561172376096e-16,-2.1962413771022572e-13,-2.1962413771022597e-13,705.9832846573402,641.802986052722,-64.1802986046182,-9.090909090824876,-9.523809523717098,0.8249795788599792,0.9074775367459772,0.08249795788599801,10.00000000000001,9.523809523809533
32fec03e-0046-4581-885b-ef0d7f174e53,combined_degradation,2267440176,True,13.522582856106379,22.977742765430563,9.455159909324184,69.92125698127653,51.808633201590865,8.348834785948926,25.547195610695148,17.198360824746224,205.9971393096799,101.47713831675684,194.54725964918956,186.98376278412812,-7.563496865061438,-3.887742689719735,-3.9648135644767146,2.374999999999999,2.5000000000000004,0.12500000000000133,5.2631578947369,5.128205128205183,-5.1762953127923845,-5.213813432713812,-0.03751811992142784,0.7248064040841684,-0.7221891674166494,0.35385733341523556,0.7247882943481844,0.3709309609329488,104.82500315958639,68.77716858725456,705.9832846573402,118.48071170777537,-587.5025729495648,-83.21763216174702,-142.51745995937657,0.8249795788599792,0.8915016138532231,0.06652203499324394,8.063476563282846,7.750977438685954
33208955-66a2-4112-800a-cf10ecfc0828,frame_thinning_2x,3952637831,True,9.99753104426431,5.251711682776418,-4.745819361487892,-47.46991372645569,-62.24334475406265,4.707155791340006,8.48528542450057,3.7781296331605647,80.26353493783618,57.277187312747635,309.7784063250872,22.866884277568225,-286.911522047519,-92.61830914916281,-172.50298149582682,0.29333333333333333,0.36585365853658536,0.07252032520325202,24.72283813747228,22.00296003946719,-6.569954744716359,-4.417618125028328,2.1523366196880307,-32.760295973407835,39.17765361292286,0.7274336064600581,0.6902481970814957,-0.037185409378562406,-5.111863000050189,-5.245945780734211,4985.107678599255,2086.0054355544194,-2899.102243044836,-58.15525822020845,-81.99846887590972,0.10704656958404553,0.16000301851190615,0.052956448927860625,49.47047731995083,39.66038615182826
33208955-66a2-4112-800a-cf10ecfc0828,frame_thinning_3x,3952637831,True,9.99753104426431,4.670050298548289,-5.327480745716021,-53.287964019601155,-72.64293438981458,4.707155791340006,8.413611523200798,3.7064557318607916,78.74087657518679,56.49754534939726,309.7784063250872,12.596505574343114,-297.1819007507441,-95.93370444254785,-184.37036492681818,0.29333333333333333,0.33333333333333337,0.040000000000000036,13.63636363636365,12.765957446808521,-6.569954744716359,-3.372041785469717,3.1979129592466418,-48.674809545962916,64.33140364789061,0.7274336064600581,0.5905054707336769,-0.13692813572638118,-18.82345474698654,-20.7791297937595,4985.107678599255,310.91272237199917,-4674.194956227257,-93.76316937532309,-176.51725644297144,0.10704656958404553,0.15824674753289247,0.051200177948846945,47.8298166375599,38.598920248170856
33208955-66a2-4112-800a-cf10ecfc0828,landmark_dropout_5pct,3952637831,True,9.99753104426431,3.984152098444787,-6.0133789458195235,-60.148639891140554,-86.01795484051242,4.707155791340006,2.0079607706137153,-2.699195020726291,-57.342377018668834,-80.39160588869889,309.7784063250872,141.81359723404805,-167.96480909103914,-54.220954611915,-74.38785796349664,0.29333333333333333,0.7727272727272727,0.4793939393939394,163.4297520661157,89.93746446844798,-6.569954744716359,-6.225989898815157,0.34396484590120213,-5.235421844843346,5.376154015719034,0.7274336064600581,0.8149124601846407,0.08747885372458264,12.025682199408521,11.343609014400867,4985.107678599255,6927.077534929054,1941.9698563297989,38.955424466888644,32.60476262784031,0.10704656958404553,0.06836654365981976,-0.03868002592422577,-36.13383042027975,-44.10163551507291
33208955-66a2-4112-800a-cf10ecfc0828,landmark_dropout_10pct,3952637831,True,9.99753104426431,1.5519861653940326,-8.445544878870278,-84.4763056146305,-146.24931459139518,4.707155791340006,1.5322320941270806,-3.1749236972129253,-67.44887651804501,-101.77035810221142,309.7784063250872,45.202847838359496,-264.5755584867277,-85.40800555642255,-149.0645240466175,0.29333333333333333,0.29090909090909095,-0.0024242424242423843,-0.8264462809917219,-0.8298755186721856,-6.569954744716359,-5.633917749614515,0.9360369951018441,-14.247236571220173,15.339999586797815,0.7274336064600581,0.5372228327794732,-0.1902107736805848,-26.148197167603488,-30.081019283776893,4985.107678599255,7041.707383925298,2056.5997053260426,41.25487026398431,34.200238294748345,0.10704656958404553,0.7541341781032976,0.6470876085192521,604.491681549126,150.27916270933196
33208955-66a2-4112-800a-cf10ecfc0828,landmark_dropout_20pct,3952637831,True,9.99753104426431,1.5530680183846464,-8.444463025879664,-84.46548441301756,-146.21688416467384,4.707155791340006,1.53331252272732,-3.173843268612686,-67.42592362147364,-101.71811181087729,309.7784063250872,45.23753545561722,-264.54087086947,-85.39680799824887,-149.0304179257835,0.29333333333333333,0.04411764705882353,-0.2492156862745098,-84.95989304812835,-147.70482277745498,-6.569954744716359,-5.633770063959885,0.9361846807564742,-14.249484465769962,15.34260556401425,0.7274336064600581,0.5429056038002146,-0.18452800265984348,-25.36698896244568,-29.05176840476121,4985.107678599255,3825.923792451464,-1159.1838861477913,-23.252935761530143,-26.312104092611037,0.10704656958404553,0.7547128831845473,0.6476663136005018,605.0322921296411,150.3125521906909
33208955-66a2-4112-800a-cf10ecfc0828,jitter_sigma_0p004,3952637831,True,9.99753104426431,2.8149696819626113,-7.182561362301699,-71.84335142847505,-112.11802466631897,4.707155791340006,2.352871312910189,-2.3542844784298174,-50.015010821632764,-66.6933552425746,309.7784063250872,100.02624997123917,-209.75215635384802,-67.71038654441595,-102.36689756017705,0.29333333333333333,6.299999999999998,6.006666666666665,2047.7272727272723,182.2042467138524,-6.569954744716359,-6.624793181091936,-0.05483843637557673,0.8346851463425755,-0.831216127567172,0.7274336064600581,0.258375297415778,-0.46905830904428003,-64.48125366751736,-95.16211655222756,4985.107678599255,771.4478965349393,-4213.6597820643165,-84.52495018619727,-146.3951742345887,0.10704656958404553,2.182168610778862,2.0751220411948164,1938.522690879482,181.29549891119004
33208955-66a2-4112-800a-cf10ecfc0828,jitter_sigma_0p008,3952637831,True,9.99753104426431,0.9839203770635525,-9.013610667200757,-90.15836637358542,-164.1606436412363,4.707155791340006,0.0,-4.707155791340006,-100.0,-200.0,309.7784063250872,58.97624637743571,-250.8021599476515,-80.96179553730903,-136.02657382602598,0.29333333333333333,0.0,-0.29333333333333333,-100.0,-200.0,-6.569954744716359,-7.096788601485948,-0.5268338567695894,8.01883539903035,-7.709720500692437,0.7274336064600581,1.0,0.27256639353994194,37.46959050549557,31.55737997925123,4985.107678599255,0.0,-4985.107678599255,-100.0,-200.0,0.10704656958404553,0.0,-0.10704656958404553,-100.0,-200.0
33208955-66a2-4112-800a-cf10ecfc0828,scale_minus_10pct,3952637831,True,9.99753104426431,8.997777939837883,-0.9997531044264267,-9.999999999999957,-10.526315789473635,4.707155791340006,4.707155791340006,0.0,0.0,0.0,309.7784063250872,278.80056569257863,-30.97784063250856,-9.999999999999948,-10.526315789473628,0.29333333333333333,0.29333333333333333,0.0,0.0,0.0,-6.569954744716359,-6.478439763595009,0.09151498112134959,-1.3929316818345987,1.4027010152560573,0.7274336064600581,0.7274336064600601,1.9984014443252818e-15,2.747194282169874e-13,2.7471942821698703e-13,4985.107678599255,5539.008531772452,553.900853173197,11.11111111102088,10.526315789392703,0.10704656958404553,0.09634191262564097,-0.010704656958404557,-10.000000000000004,-10.526315789473689
33208955-66a2-4112-800a-cf10ecfc0828,scale_minus_5pct,3952637831,True,9.99753104426431,9.4976544920511,-0.4998765522132107,-4.999999999999952,-5.128205128205077,4.707155791340006,4.707155791340006,0.0,0.0,0.0,309.7784063250872,294.289486008833,-15.488920316254166,-4.999999999999938,-5.128205128205063,0.29333333333333333,0.29333333333333333,0.0,0.0,0.0,-6.569954744716359,-6.525401955294055,0.044552789422303896,-0.67812931981204,0.6804364393108661,0.7274336064600581,0.7274336064600595,1.4432899320127035e-15,1.984084759344909e-13,1.9840847593449067e-13,4985.107678599255,5247.481766912723,262.37408831346784,5.26315789405759,5.128205127560264,0.10704656958404553,0.10169424110484325,-0.0053523284792022785,-5.000000000000002,-5.12820512820513
33208955-66a2-4112-800a-cf10ecfc0828,scale_plus_5pct,3952637831,True,9.99753104426431,10.49740759647753,0.4998765522132196,5.000000000000041,4.878048780487844,4.707155791340006,4.707155791340006,0.0,0.0,0.0,309.7784063250872,325.2673266413417,15.488920316254507,5.000000000000047,4.87804878048785,0.29333333333333333,0.29333333333333333,0.0,0.0,0.0,-6.569954744716359,-6.612333342856235,-0.042378598139876544,0.6450363782788299,-0.6429627066006597,0.7274336064600581,0.7274336064600588,7.771561172376096e-16,1.0683533319549511e-13,1.0683533319549505e-13,4985.107678599255,4747.721598662558,-237.38607993669757,-4.761904761972959,-4.878048780559369,0.10704656958404553,0.1123988980632478,0.0053523284792022785,5.000000000000002,4.8780487804878065
33208955-66a2-4112-800a-cf10ecfc0828,scale_plus_10pct,3952637831,True,9.99753104426431,10.997284148690744,0.9997531044264338,10.000000000000028,9.52380952380955,4.707155791340006,4.707155791340006,0.0,0.0,0.0,309.7784063250872,340.756246957596,30.977840632508787,10.000000000000021,9.523809523809543,0.29333333333333333,0.29333333333333333,0.0,0.0,0.0,-6.569954744716359,-6.65274011503281,-0.08278537031645072,1.2600599780847468,-1.2521709257385245,0.7274336064600581,0.727433606460058,-1.1102230246251565e-16,-1.52621904564993e-14,-1.5262190456499303e-14,4985.107678599255,4531.916071352426,-453.19160724682934,-9.090909092944,-9.523809526042852,0.10704656958404553,0.11775122654245009,0.010704656958404557,10.000000000000004,9.523809523809527
33208955-66a2-4112-800a-cf10ecfc0828,combined_degradation,3952637831,True,9.99753104426431,5.86385857018628,-4.13367247407803,-41.34693311554718,-52.122450485826654,4.707155791340006,4.741266245557685,0.034110454217678665,0.7246510574481814,0.722034940532325,309.7784063250872,123.91849616540674,-185.85991015968045,-59.99769718120237,-85.70958616138802,0.29333333333333333,0.09302325581395349,-0.20031007751937985,-68.28752642706131,-103.69181380417335,-6.569954744716359,-6.1742214111847735,0.39573333353158535,-6.023379899988491,6.210418448246932,0.7274336064600581,0.7584724891819703,0.031038882721912242,4.266902497529378,4.177771773457999,4985.107678599255,242.76574504677134,-4742.341933552484,-95.13018051567975,-181.4252775173381,0.10704656958404553,0.20911087291287173,0.1020643033288262,95.34570208594344,64.56549149863609
332a7a76-cfa3-449e-9150-f93050fed050,frame_thinning_2x,360364338,True,1.7201053382622695,5.95461494897902,4.234509610716751,246.17734254546582,110.34954896679012,0.35839996014718734,0.45317855050101513,0.0947785903538278,26.44492212412753,23.35660422504996,29.2971241115624,101.50075072103432,72.20362660947193,246.4529499022604,110.40489259000977,0.8,0.22222222222222224,-0.5777777777777778,-72.22222222222221,-113.04347826086956,-5.681513897323103,-5.919535030431484,-0.23802113310838102,4.189396301935068,-4.103441586888482,0.4717856241569858,0.9158594716734977,0.4440738475165119,94.1261930797508,64.00395156525823,2422.918725322808,154.9593510508231,-2267.959374271985,-93.60443462542568,-175.95551900285238,0.5591129241291076,0.2802235159375121,-0.2788894081915955,-49.88069424902003,-66.454736117369
332a7a76-cfa3-449e-9150-f93050fed050,frame_thinning_3x,360364338,True,1.7201053382622695,11.522854019485182,9.802748681222912,569.8923468911563,148.04468421913666,0.35839996014718734,51.8239736465179,51.46557368637071,14359.815683359697,197.2527124745325,29.2971241115624,75.38715388487907,46.09002977331667,157.31929727234484,88.05530430249213,0.8,0.12499999999999999,-0.675,-84.375,-145.94594594594594,-5.681513897323103,-4.887248183719523,0.79426571360358,-13.979825235978135,15.030439847411618,0.4717856241569858,0.995227347971948,0.5234417238149622,110.94906182236448,71.36156717896529,2422.918725322808,377.9985870859991,-2044.9201382368087,-84.39903975583671,-146.01788700989277,0.5591129241291076,0.03726471958036325,-0.5218482045487444,-93.33502804672096,-175.00595807141488
332a7a76-cfa3-449e-9150-f93050fed050,landmark_dropout_5pct,360364338,True,1.7201053382622695,1.7198650195868301,-0.00024031867543938823,-0.013971160375687769,-0.013972136410480677,0.35839996014718734,0.3583999050349559,-5.511223144516464e-08,-1.5377298430092235e-05,-1.537729961239886e-05,29.2971241115624,29.293795277140713,-0.003328834421687077,-0.011362324878752585,-0.011362970427560513,0.8,0.2,-0.6000000000000001,-75.00000000000001,-120.00000000000001,-5.681513897323103,-5.682558811901633,-0.0010449145785305092,0.018391481520846586,-0.01838979044339103,0.4717856241569858,0.48193411644016654,0.010148492283180766,2.1510812885226605,2.128191721569377,2422.918725322808,2139.590011080756,-283.3287142420518,-11.693694521441431,-12.419865061579609,0.5591129241291076,0.5611093309202201,0.0019964067911124594,0.3570668294284428,0.35643048191799226
332a7a76-cfa3-449e-9150-f93050fed050,landmark_dropout_10pct,360364338,True,1.7201053382622695,1.7193416583322738,-0.0007636799299957087,-0.0443972768997516,-0.04440713467902495,0.35839996014718734,0.35840114734232953,1.1871951421937865e-06,0.0003312486814190019,0.0003312481327914659,29.2971241115624,29.286651868076625,-0.010472243485775579,-0.03574495382515243,-0.03575134347576107,0.8,0.05882352941176471,-0.7411764705882353,-92.64705882352942,-172.6027397260274,-5.681513897323103,-5.71341865831028,-0.031904760987177205,0.5615538668700507,-0.5599815677961912,0.4717856241569858,0.4907520855090988,0.01896646135211305,4.020143976621466,3.9409284772214765,2422.918725322808,992.7507102139341,-1430.1680151088738,-59.026660703129075,-83.74159397448457,0.5591129241291076,0.0,-0.5591129241291076,-100.0,-200.0
332a7a76-cfa3-449e-9150-f93050fed050,landmark_dropout_20pct,360364338,True,1.7201053382622695,7.0744161445215425,5.354310806259273,311.27807624086824,121.76468763515767,0.35839996014718734,0.24782126662918902,-0.11057869351799832,-30.853433541841348,-36.4813004341693,29.2971241115624,150.59147333521508,121.29434922365269,414.01452498125127,134.85496128740377,0.8,0.05,-0.75,-93.75,-176.4705882352941,-5.681513897323103,-7.356441577056184,-1.6749276797330817,29.480305953704335,-25.69310323270331,0.4717856241569858,0.8410966368143522,0.36931101265736643,78.27941203534402,56.25957843076212,2422.918725322808,1014.2745249967826,-1408.6442003260254,-58.13831828545344,-81.96479497887118,0.5591129241291076,0.0,-0.5591129241291076,-100.0,-200.0
332a7a76-cfa3-449e-9150-f93050fed050,jitter_sigma_0p004,360364338,True,1.7201053382622695,4.801724259338224,3.0816189210759544,179.15291886653577,94.50166935394145,0.35839996014718734,1.5811606136208398,1.2227606534736526,341.1720952679488,126.08635894244526,29.2971241115624,192.80597376763515,163.50884965607275,558.1054612508617,147.2368924318252,0.8,8.500000000000005,7.7000000000000055,962.5000000000007,165.59139784946237,-5.681513897323103,-7.023187665526555,-1.341673768203452,23.614722984935298,-21.120901763276294,0.4717856241569858,0.5179239698464586,0.04613834568947284,9.779514959133301,9.32361289999019,2422.918725322808,146.60923878177658,-2276.309486541031,-93.94906493356504,-177.17724954468574,0.5591129241291076,1.9585683636422715,1.3994554395131638,250.29924709628216,111.17018236664457
332a7a76-cfa3-449e-9150-f93050fed050,jitter_sigma_0p008,360364338,True,1.7201053382622695,0.6424973441221742,-1.0776079941400953,-62.64779081662203,-91.2221087510597,0.35839996014718734,1.228342111577696,0.8699421514305087,242.72942192104088,109.65136261684037,29.2971241115624,32.12486720610871,2.8277430945463102,9.651947692129664,9.207591723691863,0.8,0.0,-0.8,-100.0,-200.0,-5.681513897323103,-6.411622690890138,-0.7301087935670356,12.850602968885335,-12.074763040031272,0.4717856241569858,1.0,0.5282143758430142,111.9606763743297,71.77871113472338,2422.918725322808,0.0,-2422.918725322808,-100.0,-200.0,0.5591129241291076,0.0,-0.5591129241291076,-100.0,-200.0
332a7a76-cfa3-449e-9150-f93050fed050,scale_minus_10pct,360364338,True,1.7201053382622695,1.548094804436043,-0.17201053382622655,-9.999999999999977,-10.526315789473657,0.35839996014718734,0.35839996014718734,0.0,0.0,0.0,29.2971241115624,26.367411700406166,-2.9297124111562347,-9.99999999999998,-10.526315789473664,0.8,0.8,0.0,0.0,0.0,-5.681513897323103,-5.589998916201752,0.09151498112135048,-1.610749929952096,1.6238278327917137,0.4717856241569858,0.4717856241569756,-1.0158540675320182e-14,-2.1532111525170057e-12,-2.153211152517029e-12,2422.918725322808,2692.131917028869,269.213191706061,11.111111111256673,10.526315789604327,0.5591129241291076,0.5032016317161968,-0.05591129241291082,-10.00000000000001,-10.526315789473696
332a7a76-cfa3-449e-9150-f93050fed050,scale_minus_5pct,360364338,True,1.7201053382622695,1.6341000713491558,-0.08600526691311372,-5.000000000000014,-5.128205128205144,0.35839996014718734,0.35839996014718734,0.0,0.0,0.0,29.2971241115624,27.832267905984278,-1.4648562055781227,-5.000000000000009,-5.1282051282051375,0.8,0.8,0.0,0.0,0.0,-5.681513897323103,-5.636961107900798,0.044552789422304784,-0.7841710893868663,0.7872578134729634,0.4717856241569858,0.47178562415698855,2.7755575615628914e-15,5.883090580647557e-13,5.883090580647539e-13,2422.918725322808,2550.440763494819,127.52203817201098,5.26315789461824,5.12820512809253,0.5591129241291076,0.5311572779226522,-0.02795564620645541,-5.000000000000005,-5.128205128205133
332a7a76-cfa3-449e-9150-f93050fed050,scale_plus_5pct,360364338,True,1.7201053382622695,1.806110605175383,0.0860052669131135,5.000000000000001,4.8780487804878065,0.35839996014718734,0.35839996014718734,0.0,0.0,0.0,29.2971241115624,30.76198031714052,1.4648562055781191,4.9999999999999964,4.878048780487801,0.8,0.8,0.0,0.0,0.0,-5.681513897323103,-5.723892495462978,-0.042378598139875656,0.7459032734187753,-0.7431317513890626,0.4717856241569858,0.4717856241569821,-3.6637359812630166e-15,-7.765679566454775e-13,-7.765679566454805e-13,2422.918725322808,2307.5416431627787,-115.3770821600292,-4.761904761979063,-4.878048780565774,0.5591129241291076,0.5870685703355628,0.027955646206455187,4.999999999999965,4.878048780487772
332a7a76-cfa3-449e-9150-f93050fed050,scale_plus_10pct,360364338,True,1.7201053382622695,1.8921158720884967,0.17201053382622722,10.000000000000016,9.523809523809538,0.35839996014718734,0.35839996014718734,0.0,0.0,0.0,29.2971241115624,32.22683652271864,2.929712411156242,10.000000000000005,9.52380952380953,0.8,0.8,0.0,0.0,0.0,-5.681513897323103,-5.764299267639553,-0.08278537031644984,1.4571005512360873,-1.446561622548029,0.4717856241569858,0.47178562415698344,-2.3314683517128287e-15,-4.941796087743948e-13,-4.94179608774396e-13,2422.918725322808,2202.6533866529744,-220.26533866983345,-9.090909091079284,-9.523809523996313,0.5591129241291076,0.6150242165420183,0.05591129241291071,9.99999999999999,9.523809523809517
332a7a76-cfa3-449e-9150-f93050fed050,combined_degradation,360364338,True,1.7201053382622695,5.691212808872884,3.971107470610615,230.8642024576479,107.16332484379036,0.35839996014718734,0.9878794581047378,0.6294794979575504,175.63604016558386,93.51394508799628,29.2971241115624,50.696038716843184,21.398914605280783,73.04100745108796,53.50185903058711,0.8,0.22222222222222224,-0.5777777777777778,-72.22222222222221,-113.04347826086956,-5.681513897323103,-4.883444807591071,0.7980690897320315,-14.04676824090933,15.107850622469892,0.4717856241569858,0.9341995429166288,0.462413918759643,98.01356698519827,65.77792278166073,2422.918725322808,218.25617289608732,-2204.6625524267206,-90.99201427538563,-166.94559333525837,0.5591129241291076,0.29030265617122897,-0.26881026795787866,-48.07799218316876,-63.292992074111154
36b05de8-5e98-425f-8b72-8e505337e150,frame_thinning_2x,359927522,True,0.8780360146476612,3.7759609680804758,2.8979249534328146,330.04625153054747,124.53488750369036,4.521062023723208,2.777095497421752,-1.743966526301456,-38.57426677958414,-47.79196725334196,11.22166127211437,77.56559046523373,66.34392919311935,591.213079635391,149.44471845885948,1.6249999999999996,0.18181818181818182,-1.4431818181818177,-88.8111888111888,-159.74842767295593,-5.717223278112251,-5.370821921719475,0.3464013563927759,-6.058909011284109,6.248195243613057,0.9213415616158828,0.9551900043941264,0.033848442778243615,3.673821326249406,3.607553786075035,453.68642556241696,120.27480164645554,-333.4116239159614,-73.48944229544543,-116.17914524899719,0.16421775435975058,0.06978519753062402,-0.09443255682912656,-57.50447459064254,-80.71056887638426
36b05de8-5e98-425f-8b72-8e505337e150,frame_thinning_3x,359927522,True,0.8780360146476612,10.422768694043263,9.544732679395603,1087.0548041501143,168.92129234045063,4.521062023723208,5.501423585398286,0.9803615616750783,21.684320111753873,19.563242092018537,11.22166127211437,86.76900679154129,75.54734551942691,673.2278197271979,154.19293900588704,1.6249999999999996,1.0,-0.6249999999999996,-38.461538461538446,-47.61904761904759,-5.717223278112251,-5.126470461090863,0.5907528170213885,-10.332862445359087,10.895785720794471,0.9213415616158828,0.9669230240414556,0.045581462425572816,4.9472925486646195,4.827868167606935,453.68642556241696,109.90406292185197,-343.782362640565,-75.7753248214098,-121.99721949358651,0.16421775435975058,0.2835178814296527,0.11930012706990209,72.64752068680235,53.29043191282458
36b05de8-5e98-425f-8b72-8e505337e150,landmark_dropout_5pct,359927522,True,0.8780360146476612,0.8839749211184312,0.00593890647077,0.6763852930512386,0.6741055177603497,4.521062023723208,1.9261683497240545,-2.5948936739991533,-57.39566633642848,-80.49638445327315,11.22166127211437,11.090385341110514,-0.13127593100385582,-1.1698439992131486,-1.1767269339249715,1.6249999999999996,0.909090909090909,-0.7159090909090906,-44.05594405594405,-56.502242152466366,-5.717223278112251,-5.721878014451252,-0.00465473633900082,0.08141603209412787,-0.08138290272902537,0.9213415616158828,0.8754919200504647,-0.04584964156541804,-4.976400010111912,-5.103382370513043,453.68642556241696,557.3598897556897,103.67346419327271,22.85134805714164,20.508153310593652,0.16421775435975058,0.14753296864730447,-0.01668478571244611,-10.160159464788975,-10.703927517158332
36b05de8-5e98-425f-8b72-8e505337e150,landmark_dropout_10pct,359927522,True,0.8780360146476612,0.8886753094498105,0.010639294802149313,1.2117150805503867,1.2044180231407549,4.521062023723208,0.25092825350216563,-4.270133770221042,-94.4497940487107,-178.96657462193608,11.22166127211437,11.66421404429624,0.4425527721818714,3.9437366843500015,3.867475165911904,1.6249999999999996,0.5333333333333333,-1.0916666666666663,-67.17948717948717,-101.15830115830114,-5.717223278112251,-5.4394089921651965,0.2778142859470547,-4.8592519905709395,4.980253524841612,0.9213415616158828,0.8422208632097384,-0.07912069840614433,-8.587553378942282,-8.972826512105765,453.68642556241696,571.4284858162342,117.74206025381727,25.95229956634853,22.9714852348541,0.16421775435975058,0.11795533962354146,-0.04626241473620912,-28.171384340613017,-32.79009637889033
36b05de8-5e98-425f-8b72-8e505337e150,landmark_dropout_20pct,359927522,True,0.8780360146476612,0.8871322510028977,0.009096236355236487,1.0359753134826284,1.0306367423713043,4.521062023723208,0.2508994197279009,-4.270162603995307,-94.45043181422052,-178.9688644637121,11.22166127211437,11.64471113908271,0.42304986696834135,3.7699397327168733,3.700192224291638,1.6249999999999996,0.045454545454545456,-1.5795454545454541,-97.20279720279721,-189.1156462585034,-5.717223278112251,-5.438271071675009,0.27895220643724183,-4.879155367347277,5.001162614412718,0.9213415616158828,0.8502623501631615,-0.07107921145272122,-7.714751446581861,-8.024277998047937,453.68642556241696,291.55871908599136,-162.1277064764256,-35.73563089868566,-43.509899431257395,0.16421775435975058,0.016525824389478385,-0.1476919299702722,-89.93663964416699,-163.42702849232174
36b05de8-5e98-425f-8b72-8e505337e150,jitter_sigma_0p004,359927522,True,0.8780360146476612,1.1762138248251652,0.298177810177504,33.95963322724945,29.030335497460634,4.521062023723208,6.730830522814113,2.209768499090905,48.877199372529404,39.278165694373676,11.22166127211437,33.96667823937434,22.74501696725997,202.68850053227806,100.66763777180734,1.6249999999999996,0.5,-1.1249999999999996,-69.23076923076921,-105.88235294117645,-5.717223278112251,-6.104835347202448,-0.3876120690901965,6.779725930490171,-6.55743777585739,0.9213415616158828,0.884158134248221,-0.03718342736766178,-4.035791818882903,-4.118907076289034,453.68642556241696,73.12788571991203,-380.55853984250496,-83.8814031896021,-144.47539927918058,0.16421775435975058,1.0020801594284323,0.8378624050686817,510.2142629676831,143.67896832590066
36b05de8-5e98-425f-8b72-8e505337e150,jitter_sigma_0p008,359927522,True,0.8780360146476612,8.585062194659658,7.707026180011996,877.7574098830873,162.88589655408717,4.521062023723208,12.61789802903115,8.096836005307942,179.0914604316796,94.48456592915299,11.22166127211437,162.59931689261512,151.37765562050075,1348.9772320669806,174.17650874918067,1.6249999999999996,2.111111111111111,0.4861111111111116,29.914529914529954,26.022304832713782,-5.717223278112251,-7.116387938697529,-1.3991646605852779,24.472800737760636,-21.804691398982346,0.9213415616158828,0.8518142709247127,-0.06952729069117003,-7.546310031779149,-7.842208723589808,453.68642556241696,104.52279153109586,-349.16363403132107,-76.96144613506495,-125.1013502963453,0.16421775435975058,3.7187359615370497,3.554518207177299,2164.5151713562245,183.08321279365822
36b05de8-5e98-425f-8b72-8e505337e150,scale_minus_10pct,359927522,True,0.8780360146476612,0.7902324131828952,-0.08780360146476607,-9.999999999999993,-10.526315789473678,4.521062023723208,4.521062023723208,0.0,0.0,0.0,11.22166127211437,10.099495144902932,-1.1221661272114378,-10.000000000000007,-10.526315789473694,1.6249999999999996,1.6249999999999996,0.0,0.0,0.0,-5.717223278112251,-5.625708296990901,0.09151498112135048,-1.6006892974025577,1.6136036881720899,0.9213415616158828,0.9213415616158831,3.3306690738754696e-16,3.615020978793163e-14,3.6150209787931623e-14,453.68642556241696,504.0960284026956,50.40960284027864,11.111111111113333,10.52631578947568,0.16421775435975058,0.14779597892377558,-0.016421775435975006,-9.999999999999968,-10.52631578947365
36b05de8-5e98-425f-8b72-8e505337e150,scale_minus_5pct,359927522,True,0.8780360146476612,0.8341342139152782,-0.043901800732383034,-4.9999999999999964,-5.128205128205125,4.521062023723208,4.521062023723208,0.0,0.0,0.0,11.22166127211437,10.660578208508651,-0.561083063605718,-4.9999999999999964,-5.128205128205124,1.6249999999999996,1.6249999999999996,0.0,0.0,0.0,-5.717223278112251,-5.672670488689946,0.044552789422304784,-0.7792732110510734,0.7823214216828175,0.9213415616158828,0.9213415616158839,1.1102230246251565e-15,1.2050069929310542e-13,1.2050069929310534e-13,453.68642556241696,477.5646584867547,23.878232924337738,5.2631578947368425,5.128205128205129,0.16421775435975058,0.15600686664176308,-0.008210887717987503,-4.999999999999984,-5.128205128205111
36b05de8-5e98-425f-8b72-8e505337e150,scale_plus_5pct,359927522,True,0.8780360146476612,0.9219378153800444,0.043901800732383145,5.000000000000009,4.878048780487813,4.521062023723208,4.521062023723208,0.0,0.0,0.0,11.22166127211437,11.78274433572009,0.5610830636057198,5.000000000000012,4.878048780487816,1.6249999999999996,1.6249999999999996,0.0,0.0,0.0,-5.717223278112251,-5.759601876252128,-0.042378598139876544,0.7412444132122364,-0.7385073410090406,0.9213415616158828,0.921341561615886,3.219646771412954e-15,3.494520279500057e-13,3.494520279500051e-13,453.68642556241696,432.0823100593906,-21.604115503026378,-4.761904761916695,-4.878048780500328,0.16421775435975058,0.17242864207773814,0.008210887717987558,5.000000000000018,4.878048780487822
36b05de8-5e98-425f-8b72-8e505337e150,scale_plus_10pct,359927522,True,0.8780360146476612,0.9658396161124275,0.08780360146476629,10.000000000000018,9.52380952380954,4.521062023723208,4.521062023723208,0.0,0.0,0.0,11.22166127211437,12.343827399325809,1.1221661272114396,10.000000000000025,9.523809523809545,1.6249999999999996,1.6249999999999996,0.0,0.0,0.0,-5.717223278112251,-5.800008648428701,-0.08278537031644984,1.4479996020687935,-1.437591442882636,0.9213415616158828,0.9213415616158829,1.1102230246251565e-16,1.2050069929310542e-14,1.2050069929310542e-14,453.68642556241696,412.44220505655073,-41.244220505866224,-9.090909090951401,-9.52380952385596,0.16421775435975058,0.18063952979572567,0.01642177543597509,10.000000000000018,9.523809523809541
36b05de8-5e98-425f-8b72-8e505337e150,combined_degradation,359927522,True,0.8780360146476612,10.500226140086415,9.622190125438754,1095.8764748732947,169.13286044187893,4.521062023723208,8.252368853139332,3.7313068294161242,82.531644331287,58.42293844756957,11.22166127211437,115.48964142876713,104.26798015665275,929.1670602797186,164.57565810492986,1.6249999999999996,0.25000000000000006,-1.3749999999999996,-84.61538461538461,-146.66666666666663,-5.717223278112251,-5.601822091280619,0.11540118683163225,-2.0184831205286797,2.039062183524442,0.9213415616158828,0.9792358101654797,0.057894248549596905,6.283690105986301,6.092280104896137,453.68642556241696,78.44477460651542,-375.24165095590155,-82.70947284586032,-141.0335085921577,0.16421775435975058,0.0791044029539477,-0.08511335140580288,-51.82956723384836,-69.95939239193262
3b89ea04-d406-49af-84b4-f944b83bd242,frame_thinning_2x,888667354,True,3.791723232683053,11.344832797216437,7.553109564533385,199.1999178481375,99.79957857802795,19.2787339483817,19.13136948211875,-0.14736446626294963,-0.7643887127521657,-0.767321371730186,7.540644007939585,66.69124131920685,59.15059731126727,784.4236811734818,159.36708882062038,0.48648648648648646,1.617647058823529,1.1311605723370426,232.51633986928098,107.51794484321873,-3.9904806680014433,-4.763546366540589,-0.7730656985391455,19.372746364570684,-17.661944508253132,0.9822520456730401,0.05515912481751035,-0.9270929208555297,-94.3844225053545,-178.73201045582425,382.12817025658364,114.840718443785,-267.2874518127986,-69.94706818744241,-107.56707628591654,0.15750468814657592,3.5338428106082125,3.3763381224616364,2143.642936722983,182.9325536867274
3b89ea04-d406-49af-84b4-f944b83bd242,frame_thinning_3x,888667354,True,3.791723232683053,11.725690921490614,7.933967688807561,209.24437787072935,102.25888939973402,19.2787339483817,31.263078761091656,11.984344812709956,62.163546863594476,47.42348629875579,7.540644007939585,55.39540483244729,47.85476082450771,634.6243208686309,152.07424586145513,0.48648648648648646,0.052631578947368425,-0.43385490753911804,-89.18128654970761,-160.94986807387863,-3.9904806680014433,-4.491141421348265,-0.5006607533468221,12.546377115957025,-11.805778377593525,0.9822520456730401,0.051774065488385076,-0.9304779801846551,-94.72904477863324,-179.9718537357893,382.12817025658364,54.215247503570325,-327.91292275301333,-85.81228715298143,-150.3003869916324,0.15750468814657592,0.1335733319679586,-0.02393135617861733,-15.194059592909703,-16.443258868670828
3b89ea04-d406-49af-84b4-f944b83bd242,landmark_dropout_5pct,888667354,True,3.791723232683053,4.796480980659824,1.0047577479767713,26.498710119878577,23.398552782798323,19.2787339483817,19.259974312130787,-0.018759636250912592,-0.09730740774337683,-0.09735477444704126,7.540644007939585,59.5413171151309,52.00067310719132,689.6051988721324,155.03623399378378,0.48648648648648646,0.6969696969696969,0.21048321048321045,43.26599326599327,35.57093425605536,-3.9904806680014433,-5.462771215621122,-1.4722905476196786,36.89506779034335,-31.14886952648266,0.9822520456730401,0.9756921989418765,-0.00655984673116361,-0.6678374211650326,-0.6700749267202737,382.12817025658364,380.9668364208101,-1.1613338357735188,-0.3039121232527113,-0.3043746389666745,0.15750468814657592,0.1573918088293492,-0.00011287931722672728,-0.07166727451419118,-0.07169296471110459
3b89ea04-d406-49af-84b4-f944b83bd242,landmark_dropout_10pct,888667354,True,3.791723232683053,4.754133744880101,0.9624105121970481,25.38187660696002,22.5234406502197,19.2787339483817,19.264249846661816,-0.014484101719883569,-0.07512994244676216,-0.07515817559379599,7.540644007939585,59.70662136253956,52.165977354599974,691.797375657492,155.14676193063548,0.48648648648648646,0.6969696969696969,0.21048321048321045,43.26599326599327,35.57093425605536,-3.9904806680014433,-5.517305728818674,-1.526825060817231,38.26168293610384,-32.117361436051574,0.9822520456730401,0.9775184084226684,-0.004733637250371792,-0.4819167617134661,-0.48308078535208054,382.12817025658364,380.9805609301146,-1.1476093264690235,-0.3003205248381584,-0.300772165110572,0.15750468814657592,0.15739101638043865,-0.00011367176613727437,-0.07217040170352894,-0.07219645393894066
3b89ea04-d406-49af-84b4-f944b83bd242,landmark_dropout_20pct,888667354,True,3.791723232683053,4.78252723140836,0.990803998725307,26.13070464070254,23.111151298291343,19.2787339483817,19.26611452912565,-0.012619419256047593,-0.06545771776215054,-0.06547914834020734,7.540644007939585,62.69941017221386,55.158766164274276,731.4861450321393,157.0578690694107,0.48648648648648646,0.3023255813953488,-0.18416090509113764,-37.85529715762274,-46.69322709163347,-3.9904806680014433,-5.790656446329591,-1.800175778328148,45.11175289641817,-36.80913082571112,0.9822520456730401,0.9696116373955836,-0.012640408277456494,-1.2868803209053408,-1.2952142495508567,382.12817025658364,461.33717059552646,79.20900033894281,20.728385527232177,18.78180323542921,0.15750468814657592,0.10872920777825305,-0.04877548036832287,-30.967637181016332,-36.641074720323815
3b89ea04-d406-49af-84b4-f944b83bd242,jitter_sigma_0p004,888667354,True,3.791723232683053,4.068377210510893,0.27665397782784007,7.296259796685571,7.039451463178043,19.2787339483817,24.88460523811915,5.6058712897374505,29.07800535422618,25.386990173292713,7.540644007939585,18.12676330945467,10.586119301515085,140.3874694305805,82.48686102659926,0.48648648648648646,0.6666666666666665,0.18018018018018006,37.03703703703701,31.249999999999982,-3.9904806680014433,-4.908448158066553,-0.9179674900651094,23.003932769955153,-20.630965996178542,0.9822520456730401,0.9029310847312761,-0.079320960941764,-8.075418248420464,-8.415199527565472,382.12817025658364,214.20941485303385,-167.9187554035498,-43.94304541609668,-56.316676861037806,0.15750468814657592,0.6090639301462322,0.45155924199965625,286.69574684623313,117.81313015534197
3b89ea04-d406-49af-84b4-f944b83bd242,jitter_sigma_0p008,888667354,True,3.791723232683053,5.017515901665686,1.2257926689826326,32.32811557596867,27.829705841519417,19.2787339483817,28.17016523035819,8.891431281976491,46.12041073746369,37.47792440234489,7.540644007939585,39.29985199009618,31.759207982156596,421.1736815677434,135.60577148238738,0.48648648648648646,0.0576923076923077,-0.42879417879417875,-88.14102564102564,-157.59312320916905,-3.9904806680014433,-5.804978437925882,-1.8144977699244391,45.470656817721064,-37.04773304247617,0.9822520456730401,0.7449459747383574,-0.2373060709346827,-24.159386786726447,-27.47873354766343,382.12817025658364,80.64359787367013,-301.4845723829135,-78.89619134346437,-130.29514466753568,0.15750468814657592,0.5764236451925214,0.4189189570459455,265.9723732515784,114.15800099718787
3b89ea04-d406-49af-84b4-f944b83bd242,scale_minus_10pct,888667354,True,3.791723232683053,3.4125509094147493,-0.37917232326830375,-9.99999999999996,-10.526315789473639,19.2787339483817,19.2787339483817,0.0,0.0,0.0,7.540644007939585,6.786579607145635,-0.7540644007939505,-9.999999999999893,-10.526315789473566,0.48648648648648646,0.48648648648648646,0.0,0.0,0.0,-3.9904806680014433,-3.8989656868801035,0.09151498112133982,-2.2933322758627313,2.3199341754752028,0.9822520456730401,0.9822520456730389,-1.2212453270876722e-15,-1.2433115639386361e-13,-1.243311563938637e-13,382.12817025658364,424.5868558405307,42.458685583947045,11.111111111080282,10.526315789446015,0.15750468814657592,0.14175421933191834,-0.01575046881465758,-9.999999999999993,-10.526315789473676
3b89ea04-d406-49af-84b4-f944b83bd242,scale_minus_5pct,888667354,True,3.791723232683053,3.602137071048899,-0.18958616163415387,-5.000000000000032,-5.1282051282051615,19.2787339483817,19.2787339483817,0.0,0.0,0.0,7.540644007939585,7.163611807542604,-0.3770322003969815,-5.000000000000029,-5.12820512820516,0.48648648648648646,0.48648648648648646,0.0,0.0,0.0,-3.9904806680014433,-3.945927878579142,0.04455278942230123,-1.1164767638033604,1.1227443537164394,0.9822520456730401,0.9822520456730391,-9.992007221626409e-16,-1.0172549159497933e-13,-1.0172549159497936e-13,382.12817025658364,402.24017921744235,20.112008960858702,5.263157894733147,5.12820512820162,0.15750468814657592,0.14962945373924713,-0.00787523440732879,-4.9999999999999964,-5.128205128205124
3b89ea04-d406-49af-84b4-f944b83bd242,scale_plus_5pct,888667354,True,3.791723232683053,3.9813093943172038,0.18958616163415076,4.99999999999995,4.878048780487758,19.2787339483817,19.2787339483817,0.0,0.0,0.0,7.540644007939585,7.917676208336581,0.3770322003969957,5.0000000000002185,4.878048780488013,0.48648648648648646,0.48648648648648646,0.0,0.0,0.0,-3.9904806680014433,-4.032859266141314,-0.04237859813987033,1.0619923178601651,-1.0563829648929914,0.9822520456730401,0.9822520456730394,-7.771561172376096e-16,-7.911982679609503e-14,-7.911982679609506e-14,382.12817025658364,363.9315907206125,-18.196579535971125,-4.761904761889933,-4.878048780472243,0.15750468814657592,0.16537992255390477,0.007875234407328846,5.000000000000031,4.878048780487835
3b89ea04-d406-49af-84b4-f944b83bd242,scale_plus_10pct,888667354,True,3.791723232683053,4.170895555951359,0.3791723232683064,10.00000000000003,9.523809523809552,19.2787339483817,19.2787339483817,0.0,0.0,0.0,7.540644007939585,8.29470840873355,0.7540644007939648,10.000000000000082,9.523809523809598,0.48648648648648646,0.48648648648648646,0.0,0.0,0.0,-3.9904806680014433,-4.073266038317885,-0.08278537031644184,2.0745713913683317,-2.0532730833810864,0.9822520456730401,0.9822520456730388,-1.3322676295501878e-15,-1.3563398879330578e-13,-1.3563398879330585e-13,382.12817025658364,347.38924568762945,-34.73892456895419,-9.090909090954588,-9.523809523859457,0.15750468814657592,0.17325515696123356,0.015750468814657637,10.000000000000028,9.523809523809549
3b89ea04-d406-49af-84b4-f944b83bd242,combined_degradation,888667354,True,3.791723232683053,11.386103752412309,7.594380519729256,200.28836636252626,100.0720396560976,19.2787339483817,17.047974055912157,-2.2307598924695426,-11.571091226438122,-12.281651792977577,7.540644007939585,70.01618273636937,62.47553872842979,828.5172813177356,161.10906376920374,0.48648648648648646,0.11392405063291139,-0.37256243585357507,-76.58227848101265,-124.10256410256412,-3.9904806680014433,-5.003426279217286,-1.0129456112158426,25.384050080441995,-22.525152131556915,0.9822520456730401,0.0675340502637751,-0.914717995409265,-93.12457015882306,-174.26750057934092,382.12817025658364,95.0435005855268,-287.0846696710569,-75.12784767432642,-120.32762513516829,0.15750468814657592,0.1498217430931844,-0.00768294505339151,-4.877915155288369,-4.999859610120986
3c77a7e3-9d0f-43f4-bbfa-c142c7b24bf1,frame_thinning_2x,1908153944,True,4.322027841307099,4.513249745586747,0.19122190427964814,4.424356142551304,4.328599806831302,4.138832370352742,6.669542794841042,2.5307104244882996,61.145516368729226,46.82869322741401,13.4522125571176,12.228216338787925,-1.223996218329674,-9.09884684866992,-9.532521620188573,0.4516129032258065,0.125,-0.3266129032258065,-72.32142857142857,-113.2867132867133,-5.388667236597225,-4.767807390176123,0.6208598464211024,-11.521584450502383,12.225892728259506,0.9061156996221401,0.7255379874109152,-0.18057771221122487,-19.92876983441824,-22.13431853171997,1398.4137618740258,991.7391923376026,-406.6745695364232,-29.081133254254826,-34.02916694681251,0.11966055199138116,0.13772254117151983,0.01806198918013867,15.094355557911538,14.035101496512834
3c77a7e3-9d0f-43f4-bbfa-c142c7b24bf1,frame_thinning_3x,1908153944,True,4.322027841307099,5.766759387181745,1.444731545874646,33.42716888741096,28.640341265102606,4.138832370352742,6.279272849274948,2.140440478922206,51.7160466380469,41.09078251368819,13.4522125571176,24.105119059549054,10.652906502431454,79.19073875170798,56.7287719540973,0.4516129032258065,0.6666666666666667,0.21505376344086025,47.61904761904762,38.46153846153846,-5.388667236597225,-4.736199418035759,0.6524678185614663,-12.108148265868413,12.888422945558634,0.9061156996221401,0.7350900824154913,-0.17102561720664877,-18.874589335331933,-20.841459258608353,1398.4137618740258,643.6534036943592,-754.7603581796666,-53.97260658878286,-73.92120797060933,0.11966055199138116,0.145465635733508,0.025805083742126825,21.565238763051582,19.466265451607313
3c77a7e3-9d0f-43f4-bbfa-c142c7b24bf1,landmark_dropout_5pct,1908153944,True,4.322027841307099,4.62493847453211,0.3029106332250109,7.008530355357509,6.771247874014119,4.138832370352742,2.438704445813097,-1.700127924539645,-41.07747723048632,-51.69497251193431,13.4522125571176,171.36783779694335,157.91562523982574,1173.9007584761378,170.88581562152567,0.4516129032258065,0.52,0.06838709677419352,15.142857142857135,14.077025232403713,-5.388667236597225,-6.428481578294252,-1.039814341697027,19.296317550193304,-17.598396330368562,0.9061156996221401,0.9179677673961217,0.011852067773981623,1.3080082134018935,1.2995093687632187,1398.4137618740258,1486.076626122594,87.66286424856821,6.268735808999082,6.0782219703947895,0.11966055199138116,0.05585748532644181,-0.06380306666493935,-53.32005042859481,-72.702575347748
3c77a7e3-9d0f-43f4-bbfa-c142c7b24bf1,landmark_dropout_10pct,1908153944,True,4.322027841307099,4.625619874996826,0.30359203368972665,7.024296113694449,6.785963044489056,4.138832370352742,2.4386706415235397,-1.7001617288292024,-41.07829398957518,-51.696266068123585,13.4522125571176,171.35377557680638,157.90156301968878,1173.7962238497537,170.88360027085454,0.4516129032258065,0.16923076923076927,-0.2823821339950372,-62.52747252747252,-90.96722621902477,-5.388667236597225,-6.428966987736867,-1.0402997511396421,19.305325518607432,-17.605888478042846,0.9061156996221401,0.9247353408269303,0.018619641204790205,2.0548856191935307,2.0339875602575717,1398.4137618740258,3401.3489462376497,2002.9351843636239,143.22908133280052,83.45975858259125,0.11966055199138116,0.055852812649772404,-0.06380773934160876,-53.32395537186279,-72.70983548411493
3c77a7e3-9d0f-43f4-bbfa-c142c7b24bf1,landmark_dropout_20pct,1908153944,True,4.322027841307099,1.2196892822712484,-3.1023385590358505,-71.77969862631932,-111.96307894664375,4.138832370352742,1.1229329447463872,-3.0158994256063547,-72.86836372523388,-114.63450933290194,13.4522125571176,46.35243483251465,32.900222275397056,244.57108550510873,110.02563750957135,0.4516129032258065,0.06666666666666667,-0.38494623655913984,-85.23809523809524,-148.54771784232366,-5.388667236597225,-5.6495797441817155,-0.26091250758449025,4.841874551326876,-4.727426520512197,0.9061156996221401,0.564910224383008,-0.34120547523913214,-37.65583968817872,-46.390137613637066,1398.4137618740258,4108.958026303239,2710.5442644292134,193.82991917905548,98.43331333642548,0.11966055199138116,0.7733131211224529,0.6536525691310717,546.255685982589,146.39906837382108
3c77a7e3-9d0f-43f4-bbfa-c142c7b24bf1,jitter_sigma_0p004,1908153944,True,4.322027841307099,3.192355291376073,-1.1296725499310258,-26.13755837327929,-30.066940425691392,4.138832370352742,3.2110220929966578,-0.9278102773560843,-22.41719872498749,-25.247038073547706,13.4522125571176,38.592658745345474,25.140446188227877,186.8870721562157,96.6106575309682,0.4516129032258065,0.07246376811594202,-0.3791491351098645,-83.9544513457557,-144.6922390722569,-5.388667236597225,-6.405008829644076,-1.0163415930468505,18.860722854518635,-17.235365586410637,0.9061156996221401,0.5176720949863267,-0.3884436046358134,-42.86909550268233,-54.5648173283622,1398.4137618740258,202.82748579756077,-1195.586276076465,-85.4958888901558,-149.33243542345707,0.11966055199138116,0.14725465619960054,0.02759410420821938,23.060318332984885,20.676307202754366
3c77a7e3-9d0f-43f4-bbfa-c142c7b24bf1,jitter_sigma_0p008,1908153944,True,4.322027841307099,0.27963374823922055,-4.042394093067879,-93.53003362063833,-175.69280201964705,4.138832370352742,0.0,-4.138832370352742,-100.0,-200.0,13.4522125571176,16.76126363072251,3.309051073604911,24.59856369020934,21.904471058094867,0.4516129032258065,0.0,-0.4516129032258065,-100.0,-200.0,-5.388667236597225,-6.004047859738799,-0.6153806231415739,11.419903959966316,-10.803054722916482,0.9061156996221401,1.0,0.09388430037785989,10.361182398341695,9.850850123785362,1398.4137618740258,0.0,-1398.4137618740258,-100.0,-200.0,0.11966055199138116,0.0,-0.11966055199138116,-100.0,-200.0
3c77a7e3-9d0f-43f4-bbfa-c142c7b24bf1,scale_minus_10pct,1908153944,True,4.322027841307099,3.88982505717639,-0.432202784130709,-9.99999999999998,-10.526315789473662,4.138832370352742,4.138832370352742,0.0,0.0,0.0,13.4522125571176,12.106991301405841,-1.345221255711758,-9.999999999999986,-10.526315789473669,0.4516129032258065,0.4516129032258065,0.0,0.0,0.0,-5.388667236597225,-5.297152255475876,0.09151498112134959,-1.6982859973208968,1.7128303765422346,0.9061156996221401,0.9061156996221377,-2.4424906541753444e-15,-2.695561565916901e-13,-2.695561565916905e-13,1398.4137618740258,1553.7930687487706,155.37930687474477,11.1111111111006,10.526315789464249,0.11966055199138116,0.10769449679224305,-0.011966055199138112,-9.999999999999996,-10.52631578947368
3c77a7e3-9d0f-43f4-bbfa-c142c7b24bf1,scale_minus_5pct,1908153944,True,4.322027841307099,4.105926449241744,-0.2161013920653545,-4.99999999999999,-5.128205128205117,4.138832370352742,4.138832370352742,0.0,0.0,0.0,13.4522125571176,12.77960192926171,-0.6726106278558888,-5.000000000000066,-5.128205128205197,0.4516129032258065,0.4516129032258065,0.0,0.0,0.0,-5.388667236597225,-5.344114447174921,0.044552789422303896,-0.826786800263391,0.8302188702797757,0.9061156996221401,0.9061156996221377,-2.4424906541753444e-15,-2.695561565916901e-13,-2.695561565916905e-13,1398.4137618740258,1472.014486187199,73.60072431317326,5.263157895023882,5.128205128477638,0.11966055199138116,0.1136775243918121,-0.005983027599569063,-5.0000000000000036,-5.128205128205132
3c77a7e3-9d0f-43f4-bbfa-c142c7b24bf1,scale_plus_5pct,1908153944,True,4.322027841307099,4.538129233372455,0.21610139206535628,5.000000000000031,4.878048780487834,4.138832370352742,4.138832370352742,0.0,0.0,0.0,13.4522125571176,14.124823184973474,0.6726106278558746,4.99999999999996,4.878048780487767,0.4516129032258065,0.4516129032258065,0.0,0.0,0.0,-5.388667236597225,-5.431045834737102,-0.042378598139876544,0.7864393231050077,-0.7833590014906053,0.9061156996221401,0.9061156996221386,-1.5543122344752192e-15,-1.715357360128937e-13,-1.7153573601289385e-13,1398.4137618740258,1331.822630359795,-66.59113151423071,-4.761904761648754,-4.878048780219157,0.11966055199138116,0.12564357959095024,0.005983027599569077,5.000000000000016,4.878048780487821
3c77a7e3-9d0f-43f4-bbfa-c142c7b24bf1,scale_plus_10pct,1908153944,True,4.322027841307099,4.754230625437809,0.4322027841307099,10.0,9.523809523809524,4.138832370352742,4.138832370352742,0.0,0.0,0.0,13.4522125571176,14.797433812829356,1.3452212557117562,9.999999999999973,9.523809523809499,0.4516129032258065,0.4516129032258065,0.0,0.0,0.0,-5.388667236597225,-5.471452606913674,-0.08278537031644895,1.5362865562417864,-1.5245756310122962,0.9061156996221401,0.9061156996221376,-2.55351295663786e-15,-2.8180870916403966e-13,-2.8180870916404e-13,1398.4137618740258,1271.285238070285,-127.12852380374079,-9.09090909069536,-9.523809523574954,0.11966055199138116,0.1316266071905193,0.01196605519913814,10.00000000000002,9.523809523809541
3c77a7e3-9d0f-43f4-bbfa-c142c7b24bf1,combined_degradation,1908153944,True,4.322027841307099,5.0320237704881725,0.7099959291810736,16.42737981452594,15.180500571234457,4.138832370352742,2.710614389290702,-1.4282179810620401,-34.50775129943996,-41.70316322413134,13.4522125571176,105.3487583118469,91.89654575472929,683.1333162819122,154.70672517666486,0.4516129032258065,0.052631578947368425,-0.3989813242784381,-88.34586466165413,-158.24915824915823,-5.388667236597225,-5.860236902728868,-0.47156966613164286,8.751137255775777,-8.384277442333934,0.9061156996221401,0.835050653079051,-0.0710650465430891,-7.842822563688498,-8.162924402121716,1398.4137618740258,229.8041935353196,-1168.6095683387061,-83.56679547923233,-143.5446113901759,0.11966055199138116,0.088896325944025,-0.030764226047356166,-25.709580588907894,-29.50200094276862
3d2d3fba-5e87-4b9f-97a7-05ca1da9dd0f,frame_thinning_2x,2744903654,True,7.599513485852509,5.511189177547472,-2.0883243083050376,-27.479710539269746,-31.8567869613096,13.83527101111255,10.704606143225462,-3.130664867887088,-22.62814270405346,-25.514918825367207,91.8015899876451,18.32243751262586,-73.47915247501925,-80.04126343008686,-133.44799339969373,0.7317073170731707,0.48,-0.25170731707317073,-34.400000000000006,-41.54589371980676,-6.278171235903244,-4.141732205729699,2.1364390301735448,-34.02963936306484,41.006887292973516,0.9808435759633688,0.9617225939013664,-0.019120982062002412,-1.9494425544075253,-1.9686312217960478,1640.8378038979624,592.4346781778205,-1048.4031257201418,-63.89437903183136,-93.8894052682431,0.13505226911726964,0.0990560850480037,-0.03599618406926594,-26.653520377365485,-30.751729640415768
3d2d3fba-5e87-4b9f-97a7-05ca1da9dd0f,frame_thinning_3x,2744903654,True,7.599513485852509,5.4738507453057155,-2.125662740546794,-27.971037152628174,-32.518985977314465,13.83527101111255,11.816058682960474,-2.0192123281520757,-14.594671304452481,-15.74352949522639,91.8015899876451,17.680987175315426,-74.12060281232968,-80.73999897202764,-135.4016405770282,0.7317073170731707,0.38888888888888895,-0.34281842818428176,-46.85185185185185,-61.18500604594919,-6.278171235903244,-3.369287211473272,2.908884024429972,-46.33330177098091,60.3036341705312,0.9808435759633688,0.9478044808942078,-0.03303909506916103,-3.368436708851415,-3.426140394219249,1640.8378038979624,458.1191661654091,-1182.7186377325534,-72.08016751703889,-112.69584413603722,0.13505226911726964,0.10356294706306503,-0.03148932205420461,-23.31639613316053,-26.393389791543218
3d2d3fba-5e87-4b9f-97a7-05ca1da9dd0f,landmark_dropout_5pct,2744903654,True,7.599513485852509,16.50185816036931,8.902344674516801,117.14361308904422,73.87417450917032,13.83527101111255,31.353240989458357,17.517969978345807,126.61819175262485,77.53284718967726,91.8015899876451,356.85640817192973,265.0548181842846,288.7257379964295,118.15450488860434,0.7317073170731707,0.29054054054054057,-0.44116677653263014,-60.292792792792795,-86.31307431887795,-6.278171235903244,-7.102238703839409,-0.8240674679361648,13.125915763869822,-12.31752198396418,0.9808435759633688,0.13768115660973082,-0.843162419353638,-85.96298533387422,-150.76330362655335,1640.8378038979624,985.3908938060371,-655.4469100919254,-39.94586841763704,-49.91544800838974,0.13505226911726964,0.16529095853969633,0.03023868942242669,22.390360132468114,20.136088739755778
3d2d3fba-5e87-4b9f-97a7-05ca1da9dd0f,landmark_dropout_10pct,2744903654,True,7.599513485852509,22.1333309737481,14.533817487895593,191.24668329034748,97.76271158747267,13.83527101111255,31.35327324960146,17.51800223848891,126.61842492581732,77.53293461908974,91.8015899876451,602.6504404654855,510.8488504778404,556.4705911374649,147.12286178917526,0.7317073170731707,0.055248618784530384,-0.6764586982886404,-92.44935543278086,-171.91780821917808,-6.278171235903244,-7.673902004002715,-1.3957307680994706,22.231486139110796,-20.007503459878315,0.9808435759633688,0.11753775407923933,-0.8633058218841294,-88.01666677953254,-157.1960116712181,1640.8378038979624,585.8650462733283,-1054.9727576246341,-64.2947618051247,-94.75649232168357,0.13505226911726964,0.03878112904847172,-0.09627114006879792,-71.28435582611574,-110.76253595066726
3d2d3fba-5e87-4b9f-97a7-05ca1da9dd0f,landmark_dropout_20pct,2744903654,True,7.599513485852509,35.431707227955314,27.832193742102806,366.2365201919318,129.35814174182622,13.83527101111255,31.637788003918708,17.802516992806158,128.67487003693023,78.29918364155569,91.8015899876451,1050.3615396989878,958.5599497113427,1044.1648666873289,167.84991999773902,0.7317073170731707,0.05263157894736842,-0.6790757381258024,-92.80701754385966,-173.15875613747957,-6.278171235903244,-8.254981673778095,-1.9768104378748514,31.487042382182594,-27.20415109040776,0.9808435759633688,0.05271323692306059,-0.9281303390403082,-94.62572440551628,-179.5992881026646,1640.8378038979624,578.6334664195099,-1062.2043374784525,-64.73548664926464,-95.71688101432511,0.13505226911726964,0.03865472581655236,-0.09639754330071729,-71.37795161147024,-110.98867185796672
3d2d3fba-5e87-4b9f-97a7-05ca1da9dd0f,jitter_sigma_0p004,2744903654,True,7.599513485852509,7.284987993226603,-0.314525492625906,-4.1387582667158425,-4.226214671253677,13.83527101111255,14.036293123257156,0.20102211214460652,1.452968373247945,1.4424889193550277,91.8015899876451,62.6637456926799,-29.1378442949652,-31.740021386216345,-37.72735697188094,0.7317073170731707,0.9189189189189189,0.18721160184574814,25.58558558558558,22.683706070287535,-6.278171235903244,-6.057248365737807,0.22092287016543732,-3.5189048190026475,3.581927122058284,0.9808435759633688,0.9519359879325971,-0.028907588030771647,-2.947216940517664,-2.991296945679795,1640.8378038979624,158.16672064079532,-1482.671083257167,-90.36061210528818,-164.83239069532695,0.13505226911726964,0.4529638391837086,0.31791157006643894,235.39891046953642,108.1302248623824
3d2d3fba-5e87-4b9f-97a7-05ca1da9dd0f,jitter_sigma_0p008,2744903654,True,7.599513485852509,7.050960345107168,-0.5485531407453417,-7.218266560965321,-7.488537873582329,13.83527101111255,14.761520237971029,0.926249226858479,6.69483977664414,6.477994113330193,91.8015899876451,57.85588876460062,-33.94570122304448,-36.97724759191315,-45.36452371917979,0.7317073170731707,0.26785714285714285,-0.46385017421602787,-63.39285714285714,-92.81045751633988,-6.278171235903244,-6.093275516977657,0.18489571892558665,-2.945056959711702,2.989071894643697,0.9808435759633688,0.8396603061610922,-0.14118326980227658,-14.394065808465802,-15.510350863687353,1640.8378038979624,60.20619016051063,-1580.6316137374517,-96.33076529456565,-185.84253191080228,0.13505226911726964,1.0334390544192091,0.8983867853019395,665.2141361074395,153.76867028553386
3d2d3fba-5e87-4b9f-97a7-05ca1da9dd0f,scale_minus_10pct,2744903654,True,7.599513485852509,6.839562137267256,-0.7599513485852532,-10.00000000000003,-10.526315789473717,13.83527101111255,13.83527101111255,0.0,0.0,0.0,91.8015899876451,82.62143098888055,-9.180158998764554,-10.000000000000048,-10.526315789473736,0.7317073170731707,0.7317073170731707,0.0,0.0,0.0,-6.278171235903244,-6.1866562547818935,0.09151498112135048,-1.4576694021660301,1.468371402488143,0.9808435759633688,0.9808435759633692,4.440892098500626e-16,4.527625206841828e-14,4.5276252068418276e-14,1640.8378038979624,1823.1531154408985,182.31531154293612,11.111111111032985,10.526315789403563,0.13505226911726964,0.12154704220554266,-0.01350522691172698,-10.000000000000012,-10.526315789473696
3d2d3fba-5e87-4b9f-97a7-05ca1da9dd0f,scale_minus_5pct,2744903654,True,7.599513485852509,7.219537811559882,-0.379975674292627,-5.00000000000002,-5.12820512820515,13.83527101111255,13.83527101111255,0.0,0.0,0.0,91.8015899876451,87.21151048826282,-4.590079499382284,-5.000000000000031,-5.1282051282051615,0.7317073170731707,0.7317073170731707,0.0,0.0,0.0,-6.278171235903244,-6.233618446480939,0.044552789422304784,-0.709645974093839,0.7121729273475932,0.9808435759633688,0.9808435759633696,7.771561172376096e-16,7.9233441119732e-14,7.923344111973197e-14,1640.8378038979624,1727.1976883129462,86.35988441498375,5.263157894694274,5.128205128164715,0.13505226911726964,0.12829965566140616,-0.0067526134558634765,-4.9999999999999964,-5.128205128205124
3d2d3fba-5e87-4b9f-97a7-05ca1da9dd0f,scale_plus_5pct,2744903654,True,7.599513485852509,7.979489160145134,0.37997567429262435,4.999999999999986,4.878048780487791,13.83527101111255,13.83527101111255,0.0,0.0,0.0,91.8015899876451,96.39166948702736,4.590079499382256,5.000000000000001,4.878048780487806,0.7317073170731707,0.7317073170731707,0.0,0.0,0.0,-6.278171235903244,-6.32054983404312,-0.042378598139875656,0.6750150091084386,-0.6727444461163242,0.9808435759633688,0.9808435759633699,1.1102230246251565e-15,1.1319063017104571e-13,1.1319063017104564e-13,1640.8378038979624,1562.7026703795727,-78.1351335183897,-4.7619047618705785,-4.878048780451933,0.13505226911726964,0.1418048825731331,0.006752613455863449,4.999999999999975,4.878048780487782
3d2d3fba-5e87-4b9f-97a7-05ca1da9dd0f,scale_plus_10pct,2744903654,True,7.599513485852509,8.359464834437759,0.7599513485852496,9.999999999999982,9.52380952380951,13.83527101111255,13.83527101111255,0.0,0.0,0.0,91.8015899876451,100.98174898640956,9.180158998764455,9.99999999999994,9.523809523809469,0.7317073170731707,0.7317073170731707,0.0,0.0,0.0,-6.278171235903244,-6.360956606219694,-0.08278537031644984,1.318622369568731,-1.309985488722531,0.9808435759633688,0.9808435759633695,6.661338147750939e-16,6.791437810262743e-14,6.79143781026274e-14,1640.8378038979624,1491.6707308153375,-149.16707308262494,-9.090909090969546,-9.523809523875874,0.13505226911726964,0.14855749602899657,0.013505226911726925,9.999999999999972,9.523809523809497
3d2d3fba-5e87-4b9f-97a7-05ca1da9dd0f,combined_degradation,2744903654,True,7.599513485852509,6.866466972604329,-0.7330465132481807,-9.64596634525148,-10.13476432314189,13.83527101111255,10.920152641630498,-2.9151183694820517,-21.070193472470585,-23.551351092786,91.8015899876451,49.768260477586786,-42.033329510058316,-45.78714760356032,-59.381753066669056,0.7317073170731707,0.02777777777777778,-0.7039295392953929,-96.2037037037037,-185.3702051739518,-6.278171235903244,-5.0361516768942165,1.2420195590090275,-19.783142452474657,21.954819012708178,0.9808435759633688,0.9594207607339101,-0.021422815229458658,-2.184121480167468,-2.2082367669473952,1640.8378038979624,319.43344122347105,-1321.4043626744915,-80.53229633881989,-134.81852227982196,0.13505226911726964,0.0,-0.13505226911726964,-100.0,-200.0
3d47c3b9-21d9-4794-995d-52804115fb8b,frame_thinning_2x,409493683,True,8.687222334084668,10.609549197164796,1.9223268630801282,22.128210711700117,19.923818447734487,4.689851545978954,10.428106129373749,5.738254583394795,122.35471692733503,75.91309231868082,204.27443530500014,178.7346173872582,-25.539817917741942,-12.5026990673643,-13.33640431640804,0.28571428571428575,0.2,-0.08571428571428574,-30.000000000000004,-35.29411764705883,-6.912769478258284,-6.8468804909042404,0.06588898735404314,-0.9531489160932398,0.9577131322629633,0.7747108586288803,0.8252479128129232,0.05053705418404286,6.523343983261795,6.317294556096765,9.352129885611216,4.796137733258738,-4.555992152352478,-48.71609150084764,-64.40353370579476,1.0136178292345428,0.9656803072862098,-0.047937521948333006,-4.729348731418245,-4.843890979718547
3d47c3b9-21d9-4794-995d-52804115fb8b,frame_thinning_3x,409493683,True,8.687222334084668,21.924456517592674,13.237234183508006,152.3759111306635,86.48486251045773,4.689851545978954,38.85408640014906,34.164234854170104,728.4715628890701,156.91844360258665,204.27443530500014,196.41637458726655,-7.8580607177335935,-3.8468155381268345,-3.922256524848365,0.28571428571428575,0.25,-0.035714285714285754,-12.50000000000001,-13.333333333333346,-6.912769478258284,-5.965993680269995,0.9467757979882885,-13.696041810247586,14.702899437378601,0.7747108586288803,0.900196969542709,0.12548611091382866,16.197799413308843,14.98424078067811,9.352129885611216,2.784756665452438,-6.567373220158778,-70.22328924519168,-108.22171225755135,1.0136178292345428,1.1279588027414702,0.1143409735069274,11.280481677524818,10.678205187682314
3d47c3b9-21d9-4794-995d-52804115fb8b,landmark_dropout_5pct,409493683,True,8.687222334084668,8.687222334084668,0.0,0.0,0.0,4.689851545978954,4.689851545978954,0.0,0.0,0.0,204.27443530500014,204.27443530500014,0.0,0.0,0.0,0.28571428571428575,0.28571428571428575,0.0,0.0,0.0,-6.912769478258284,-6.912769478258284,0.0,-0.0,0.0,0.7747108586288803,0.7747108586288803,0.0,0.0,0.0,9.352129885611216,9.352129885611216,0.0,0.0,0.0,1.0136178292345428,1.0136178292345428,0.0,0.0,0.0
3d47c3b9-21d9-4794-995d-52804115fb8b,landmark_dropout_10pct,409493683,True,8.687222334084668,8.687222334084668,0.0,0.0,0.0,4.689851545978954,4.689851545978954,0.0,0.0,0.0,204.27443530500014,204.27443530500014,0.0,0.0,0.0,0.28571428571428575,0.28571428571428575,0.0,0.0,0.0,-6.912769478258284,-6.912769478258284,0.0,-0.0,0.0,0.7747108586288803,0.7747108586288803,0.0,0.0,0.0,9.352129885611216,9.352129885611216,0.0,0.0,0.0,1.0136178292345428,1.0136178292345428,0.0,0.0,0.0
3d47c3b9-21d9-4794-995d-52804115fb8b,landmark_dropout_20pct,409493683,True,8.687222334084668,4.696113655085788,-3.99110867899888,-45.9422877130657,-59.64295721527742,4.689851545978954,3.352563547041711,-1.3372879989372426,-28.51450596733332,-33.25588106233816,204.27443530500014,107.23814282921936,-97.03629247578078,-47.50290575073521,-62.300079859999336,0.28571428571428575,0.14285714285714285,-0.1428571428571429,-50.000000000000014,-66.66666666666669,-6.912769478258284,-6.990377264133489,-0.07760778587520534,1.1226728465240114,-1.1164060527186004,0.7747108586288803,0.869665790926974,0.09495493229809371,12.256822173133006,11.54904897533555,9.352129885611216,24.642726825102955,15.290596939491738,163.49855195036577,89.95829615997525,1.0136178292345428,0.5037011344941562,-0.5099166947403866,-50.30660274844042,-67.21285463767012
3d47c3b9-21d9-4794-995d-52804115fb8b,jitter_sigma_0p004,409493683,True,8.687222334084668,2.6828556109366346,-6.004366723148033,-69.11722173369108,-105.61698437216445,4.689851545978954,3.395562953114595,-1.2942885928643584,-27.597645259668667,-32.01539248258603,204.27443530500014,32.62490826908199,-171.64952703591814,-84.02888338897128,-144.9134678435617,0.28571428571428575,0.16666666666666666,-0.1190476190476191,-41.66666666666668,-52.63157894736844,-6.912769478258284,-6.719169581494249,0.19359989676403444,-2.800612654203727,2.8403867698561873,0.7747108586288803,0.9241701480298863,0.14945928940100595,19.292267268013514,17.595027411007607,9.352129885611216,13.169441798093644,3.8173119124824275,40.81756732608664,33.89916091197477,1.0136178292345428,0.628322201916415,-0.38529562731812783,-38.01192285746324,-46.93175390188221
3d47c3b9-21d9-4794-995d-52804115fb8b,jitter_sigma_0p008,409493683,True,8.687222334084668,13.549862011241515,4.862639677156848,55.974619851481,43.734507650764776,4.689851545978954,10.313108478056067,5.623256932077114,119.9026638038992,74.96196647952874,204.27443530500014,223.07784331410906,18.80340800910892,9.204973682112369,8.799956827125301,0.28571428571428575,1.4999999999999996,1.2142857142857137,424.9999999999997,135.99999999999997,-6.912769478258284,-7.419159508418804,-0.50639003016052,7.325429146063586,-7.066599766594692,0.7747108586288803,0.7370560860994957,-0.03765477252938465,-4.860493706778272,-4.981557859918706,9.352129885611216,16.367729781431855,7.015599895820639,75.01606566237429,54.553951589481585,1.0136178292345428,2.9816374040998954,1.9680195748653526,194.15794771008996,98.51783978380998
3d47c3b9-21d9-4794-995d-52804115fb8b,scale_minus_10pct,409493683,True,8.687222334084668,7.818500100676201,-0.8687222334084668,-10.0,-10.526315789473683,4.689851545978954,4.689851545978954,0.0,0.0,0.0,204.27443530500014,183.84699177450017,-20.42744353049997,-9.99999999999998,-10.52631578947366,0.28571428571428575,0.28571428571428575,0.0,0.0,0.0,-6.912769478258284,-6.821254497136934,0.09151498112134959,-1.3238540849536238,1.3326754239733458,0.7747108586288803,0.7747108586288813,9.992007221626409e-16,1.2897724499835632e-13,1.2897724499835622e-13,9.352129885611216,10.391255428456805,1.0391255428455892,11.111111111110027,10.52631578947271,1.0136178292345428,0.9122560463110886,-0.10136178292345421,-9.999999999999993,-10.526315789473678
3d47c3b9-21d9-4794-995d-52804115fb8b,scale_minus_5pct,409493683,True,8.687222334084668,8.252861217380431,-0.4343611167042365,-5.0000000000000355,-5.128205128205165,4.689851545978954,4.689851545978954,0.0,0.0,0.0,204.27443530500014,194.06071353975008,-10.213721765250057,-5.000000000000025,-5.1282051282051535,0.28571428571428575,0.28571428571428575,0.0,0.0,0.0,-6.912769478258284,-6.86821668883598,0.044552789422303896,-0.6444998572920625,0.6465834720694434,0.7747108586288803,0.7747108586288803,0.0,0.0,0.0,9.352129885611216,9.844347248011571,0.4922173624003552,5.263157894734328,5.128205128202742,1.0136178292345428,0.9629369377728154,-0.050680891461727384,-5.000000000000024,-5.1282051282051535
3d47c3b9-21d9-4794-995d-52804115fb8b,scale_plus_5pct,409493683,True,8.687222334084668,9.1215834507889,0.43436111670423294,4.999999999999995,4.878048780487799,4.689851545978954,4.689851545978954,0.0,0.0,0.0,204.27443530500014,214.48815707025014,10.21372176525,4.9999999999999964,4.878048780487801,0.28571428571428575,0.28571428571428575,0.0,0.0,0.0,-6.912769478258284,-6.95514807639816,-0.042378598139876544,0.6130480449718989,-0.6111746478568737,0.7747108586288803,0.7747108586288768,-3.552713678800501e-15,-4.585857599941558e-13,-4.585857599941568e-13,9.352129885611216,8.906790367248673,-0.4453395183625428,-4.761904761905873,-4.878048780488972,1.0136178292345428,1.06429872069627,0.05068089146172716,5.000000000000003,4.8780487804878065
3d47c3b9-21d9-4794-995d-52804115fb8b,scale_plus_10pct,409493683,True,8.687222334084668,9.555944567493132,0.8687222334084641,9.999999999999968,9.523809523809494,4.689851545978954,4.689851545978954,0.0,0.0,0.0,204.27443530500014,224.70187883550014,20.4274435305,9.999999999999993,9.523809523809517,0.28571428571428575,0.28571428571428575,0.0,0.0,0.0,-6.912769478258284,-6.995554848574734,-0.08278537031645072,1.1975716907214013,-1.1904434836443203,0.7747108586288803,0.7747108586288816,1.2212453270876722e-15,1.5763885499799108e-13,1.5763885499799095e-13,9.352129885611216,8.501936259646559,-0.850193625964657,-9.0909090909091,-9.523809523809534,1.0136178292345428,1.1149796121579971,0.10136178292345432,10.000000000000005,9.523809523809527
3d47c3b9-21d9-4794-995d-52804115fb8b,combined_degradation,409493683,True,8.687222334084668,1.4493736322777886,-7.237848701806879,-83.31602926068655,-142.80629761361988,4.689851545978954,0.0,-4.689851545978954,-100.0,-200.0,204.27443530500014,36.234340806944715,-168.04009449805542,-82.26193074388209,-139.73718316194928,0.28571428571428575,1.0,0.7142857142857142,249.99999999999991,111.11111111111109,-6.912769478258284,-5.9141207469962325,0.9986487312620511,-14.446434737957834,15.571174520474788,0.7747108586288803,1.0,0.22528914137111966,29.08041611419349,25.38882773785193,9.352129885611216,0.0,-9.352129885611216,-100.0,-200.0,1.0136178292345428,0.0,-1.0136178292345428,-100.0,-200.0
3fcbd2bc-bf2f-453f-821f-e9d90e2b2ead,frame_thinning_2x,2006346983,True,9.399757437706164,10.934612868239364,1.5348554305332005,16.32867061416165,15.09616877670834,8.764614885886248,16.64681450839092,7.8821996225046735,89.93207032059632,62.03664894411488,99.39220603580158,90.61117435526754,-8.781031680534042,-8.834728627887653,-9.24302679506094,0.303030303030303,1.0,0.696969696969697,230.00000000000006,106.97674418604653,-4.662671290385965,-4.513023764163121,0.14964752622284383,-3.209480508124268,3.2618243159389273,0.7372473823173569,0.7971197284461417,0.05987234612878478,8.121065949476918,7.80417485604112,101.68682254889838,39.51893666075659,-62.16788588814179,-61.13661960304343,-88.05290412530292,0.06656264782710639,0.051413437066534076,-0.01514921076057231,-22.759327122805768,-25.681833355005548
3fcbd2bc-bf2f-453f-821f-e9d90e2b2ead,frame_thinning_3x,2006346983,True,9.399757437706164,11.559649036615712,2.1598915989095477,22.978163141161108,20.61023628274693,8.764614885886248,20.627538178827365,11.862923292941117,135.35019447396493,80.72170328469745,99.39220603580158,76.95074982199459,-22.441456213806987,-22.578688117379606,-25.452058580558088,0.303030303030303,0.7777777777777778,0.4747474747474748,156.6666666666667,87.85046728971963,-4.662671290385965,-5.082620640614777,-0.4199493502288121,9.006625688898813,-8.618507340819857,0.7372473823173569,0.8358668453979251,0.09861946308056824,13.376712545330724,12.53811850952471,101.68682254889838,18.779423375276657,-82.90739917362171,-81.5320973705849,-137.64419823592084,0.06656264782710639,0.04904293519391839,-0.017519712633187995,-26.320636580886468,-30.309457684239604
3fcbd2bc-bf2f-453f-821f-e9d90e2b2ead,landmark_dropout_5pct,2006346983,True,9.399757437706164,9.407778191503207,0.008020753797042701,0.0853293699353163,0.08529297995411936,8.764614885886248,8.804380094536087,0.03976520864983968,0.45370172183918794,0.4526748251012794,99.39220603580158,99.61859965454762,0.22639361874604447,0.2277780399244749,0.22751892085528416,0.303030303030303,0.303030303030303,0.0,0.0,0.0,-4.662671290385965,-4.665129185961957,-0.00245789557599263,0.052714322389841285,-0.052700432052014926,0.7372473823173569,0.7375859773534938,0.0003385950361369794,0.04592692280204355,0.04591637881211828,101.68682254889838,101.68682148589596,-1.063002414980474e-06,-1.045368896711573e-06,-1.0453689021755538e-06,0.06656264782710639,0.06656264782710639,0.0,0.0,0.0
3fcbd2bc-bf2f-453f-821f-e9d90e2b2ead,landmark_dropout_10pct,2006346983,True,9.399757437706164,9.515918198422106,0.1161607607159425,1.2357846623783664,1.228195735119073,8.764614885886248,9.019453790706983,0.2548389048207351,2.907588161473072,2.8659235347662055,99.39220603580158,95.44012242707488,-3.9520836087266957,-3.9762510224424794,-4.056907434106583,0.303030303030303,0.22857142857142856,-0.07445887445887442,-24.571428571428562,-28.0130293159609,-4.662671290385965,-4.72378986737613,-0.06111857699016543,1.3108060419396663,-1.302270918995359,0.7372473823173569,0.7425004340414034,0.0052530517240465535,0.7125222618674982,0.7099928333697865,101.68682254889838,121.14614518076829,19.45932263186991,19.136523439418575,17.465389282502663,0.06656264782710639,0.053303340937409835,-0.013259306889696551,-19.920041228132977,-22.1235515200984
3fcbd2bc-bf2f-453f-821f-e9d90e2b2ead,landmark_dropout_20pct,2006346983,True,9.399757437706164,27.86211094246752,18.462353504761357,196.41308434940584,99.09515709944817,8.764614885886248,0.9251591038459928,-7.839455782040255,-89.44438385609178,-161.80884694209232,99.39220603580158,517.3407837198195,417.9485776840179,420.50437791215813,135.5363129997729,0.303030303030303,0.09523809523809525,-0.20779220779220775,-68.57142857142857,-104.34782608695652,-4.662671290385965,-6.843304638357518,-2.180633347971553,46.76789788865957,-37.90436137666578,0.7372473823173569,0.7005999595871609,-0.036647422730195944,-4.970844740744108,-5.0975401438172385,101.68682254889838,88.98220867431037,-12.704613874588006,-12.493864550127633,-13.326352783232231,0.06656264782710639,0.04579812979352662,-0.020764518033579767,-31.19545076919823,-36.96043846134212
3fcbd2bc-bf2f-453f-821f-e9d90e2b2ead,jitter_sigma_0p004,2006346983,True,9.399757437706164,9.871493216101255,0.4717357783950913,5.018595229944674,4.895746382727791,8.764614885886248,8.79073468154916,0.026119795662912892,0.29801418548319647,0.29757078390924496,99.39220603580158,124.09329908308787,24.701093047286292,24.852142871634054,22.105320015403993,0.303030303030303,0.04878048780487805,-0.25424981522542495,-83.90243902439025,-144.53781512605042,-4.662671290385965,-5.077101854606018,-0.4144305642200532,8.888264653666967,-8.510066056993248,0.7372473823173569,0.7199601652937341,-0.017287217023622792,-2.34483260819247,-2.372649942962897,101.68682254889838,348.60706470452396,246.9202421556256,242.8242283181663,109.67070579692793,0.06656264782710639,0.14172809912213977,0.07516545129503338,112.92437087279401,72.17358658121171
3fcbd2bc-bf2f-453f-821f-e9d90e2b2ead,jitter_sigma_0p008,2006346983,True,9.399757437706164,10.260090386358096,0.8603329486519318,9.15271435835987,8.752183194407616,8.764614885886248,8.987510651877205,0.22289576599095717,2.54313245810593,2.5112008758252533,99.39220603580158,142.9429365655503,43.55073052974872,43.81704790218815,35.942562900495936,0.303030303030303,0.04878048780487805,-0.25424981522542495,-83.90243902439025,-144.53781512605042,-4.662671290385965,-5.416401367812547,-0.7537300774265825,16.16519867014238,-14.95633780977824,0.7372473823173569,0.593884425212684,-0.14336295710467284,-19.44570581641761,-21.540009230293663,101.68682254889838,142.01556065680592,40.32873810790754,39.659748526919074,33.0967121268296,0.06656264782710639,0.537032464016696,0.4704698161895896,706.8075437918496,155.88920684014326
3fcbd2bc-bf2f-453f-821f-e9d90e2b2ead,scale_minus_10pct,2006346983,True,9.399757437706164,8.459781693935549,-0.9399757437706153,-9.999999999999988,-10.526315789473674,8.764614885886248,8.764614885886248,0.0,0.0,0.0,99.39220603580158,89.45298543222147,-9.939220603580111,-9.999999999999954,-10.526315789473632,0.303030303030303,0.303030303030303,0.0,0.0,0.0,-4.662671290385965,-4.571156309264617,0.09151498112134782,-1.962715692827071,1.9821678525774262,0.7372473823173569,0.7372473823173581,1.2212453270876722e-15,1.6564932699374072e-13,1.6564932699374057e-13,101.68682254889838,112.9853583876913,11.29853583879293,11.111111111137117,10.526315789497023,0.06656264782710639,0.059906383044395745,-0.006656264782710641,-10.000000000000005,-10.526315789473689
3fcbd2bc-bf2f-453f-821f-e9d90e2b2ead,scale_minus_5pct,2006346983,True,9.399757437706164,8.929769565820855,-0.46998787188530855,-5.0000000000000036,-5.128205128205132,8.764614885886248,8.764614885886248,0.0,0.0,0.0,99.39220603580158,94.42259573401151,-4.96961030179007,-4.99999999999999,-5.128205128205119,0.303030303030303,0.303030303030303,0.0,0.0,0.0,-4.662671290385965,-4.618118500963662,0.04455278942230301,-0.955520701495023,0.9601077154840736,0.7372473823173569,0.7372473823173576,7.771561172376096e-16,1.0541320808692591e-13,1.0541320808692584e-13,101.68682254889838,107.03876057780936,5.351938028910979,5.263157894758075,5.128205128225286,0.06656264782710639,0.06323451543575105,-0.0033281323913553346,-5.000000000000023,-5.128205128205152
3fcbd2bc-bf2f-453f-821f-e9d90e2b2ead,scale_plus_5pct,2006346983,True,9.399757437706164,9.869745309591472,0.46998787188530855,5.0000000000000036,4.878048780487808,8.764614885886248,8.764614885886248,0.0,0.0,0.0,99.39220603580158,104.36181633759165,4.96961030179007,4.99999999999999,4.878048780487796,0.303030303030303,0.303030303030303,0.0,0.0,0.0,-4.662671290385965,-4.705049888525839,-0.04237859813987477,0.9088909661561574,-0.904779237778246,0.7372473823173569,0.7372473823173568,-1.1102230246251565e-16,-1.50590297267037e-14,-1.50590297267037e-14,101.68682254889838,96.84459290373204,-4.842229645166341,-4.761904761885787,-4.878048780467892,0.06656264782710639,0.0698907802184617,0.0033281323913553207,5.000000000000003,4.8780487804878065
3fcbd2bc-bf2f-453f-821f-e9d90e2b2ead,scale_plus_10pct,2006346983,True,9.399757437706164,10.339733181476781,0.9399757437706171,10.000000000000007,9.52380952380953,8.764614885886248,8.764614885886248,0.0,0.0,0.0,99.39220603580158,109.33142663938175,9.939220603580168,10.00000000000001,9.523809523809533,0.303030303030303,0.303030303030303,0.0,0.0,0.0,-4.662671290385965,-4.745456660702413,-0.08278537031644806,1.7754923124678448,-1.7598691418067085,0.7372473823173569,0.7372473823173565,-3.3306690738754696e-16,-4.51770891801111e-14,-4.5177089180111116e-14,101.68682254889838,92.44256595356065,-9.244256595337731,-9.0909090908927,-9.523809523791535,0.06656264782710639,0.07321891260981704,0.006656264782710655,10.000000000000025,9.523809523809547
3fcbd2bc-bf2f-453f-821f-e9d90e2b2ead,combined_degradation,2006346983,True,9.399757437706164,0.34788857911000565,-9.051868858596158,-96.29896216561413,-185.72420137088093,8.764614885886248,0.30605169683709416,-8.458563189049153,-96.50809874909697,-186.50367339396982,99.39220603580158,2.5950629327153854,-96.7971431030862,-97.38906798005809,-189.82201226109325,0.303030303030303,0.5555555555555555,0.2525252525252525,83.33333333333334,58.82352941176471,-4.662671290385965,-3.0345761591650984,1.6280951312208662,-34.917647627827876,42.303307562648875,0.7372473823173569,0.8613249301677167,0.12407754785035985,16.829839050815266,15.523545213600514,101.68682254889838,369.56147664610336,267.874654097205,263.43103991511924,113.68726616299529,0.06656264782710639,0.06242401423365435,-0.004138633593452033,-6.217651683872246,-6.417149691806863
42f8729a-ed28-45a2-bf9b-397d2d698bb0,frame_thinning_2x,666352644,True,4.915602947283028,12.51983349539216,7.604230548109132,154.69578462011813,87.22730369395198,1.7024557249739811,41.777695123708085,40.075239398734105,2353.9666148643355,184.33808814602506,66.53303391396473,152.01822114662903,85.4851872326643,128.48532857107796,78.22896025828209,0.07142857142857144,0.25,0.17857142857142855,249.99999999999991,111.11111111111109,-5.57765078858502,-6.2289559813171875,-0.6513051927321678,11.677052175175632,-11.032893792863442,0.9422774463465007,0.978884010072283,0.036606563725782304,3.8849028879675727,3.810878424973214,205.82015009923813,84.8578869297854,-120.96226316945274,-58.77085558004386,-83.22765930703939,0.2682496781379212,0.32082861339899904,0.05257893526107782,19.60074495748108,17.8512554329232
42f8729a-ed28-45a2-bf9b-397d2d698bb0,frame_thinning_3x,666352644,True,4.915602947283028,13.58988858136814,8.674285634085113,176.4643264948728,93.74823274113128,1.7024557249739811,41.307252660058445,39.604796935084465,2326.333446098268,184.16677732633553,66.53303391396473,119.73487173527717,53.20183782131244,79.96304195312791,57.123998507285485,0.07142857142857144,0.16666666666666666,0.09523809523809522,133.3333333333333,79.99999999999999,-5.57765078858502,-5.664135318499338,-0.08648452991431821,1.5505547620749893,-1.538626141620277,0.9422774463465007,0.9783095032596314,0.03603205691313072,3.823932861052557,3.752192205671298,205.82015009923813,28.466511461837563,-177.35363863740056,-86.16923005443725,-151.39883547417966,0.2682496781379212,0.2636333365569459,-0.004616341580975347,-1.720912253472246,-1.7358484679657122
42f8729a-ed28-45a2-bf9b-397d2d698bb0,landmark_dropout_5pct,666352644,True,4.915602947283028,0.6004210244917827,-4.315181922791245,-87.78540433531863,-156.45986837155866,1.7024557249739811,0.09016113651441059,-1.6122945884595705,-94.70405396206186,-179.88167166082533,66.53303391396473,13.912492938160545,-52.62054097580418,-79.08934536766942,-130.8227891217149,0.07142857142857144,0.2,0.12857142857142856,179.99999999999997,94.73684210526314,-5.57765078858502,-5.345855009178131,0.23179577940688834,-4.155795839375093,4.2439814414590975,0.9422774463465007,0.6323543850926882,-0.3099230612538125,-32.890849977942224,-39.364511127727894,205.82015009923813,335.7569342880048,129.93678418876667,63.13122603696305,47.984594597750075,0.2682496781379212,0.2782498587632109,0.010000180625289679,3.7279376045133823,3.659721536817633
42f8729a-ed28-45a2-bf9b-397d2d698bb0,landmark_dropout_10pct,666352644,True,4.915602947283028,0.6015521508318529,-4.314050796451175,-87.76239339744994,-156.38678702091278,1.7024557249739811,0.09131843667438132,-1.6111372882995998,-94.63607567969046,-179.6365810977084,66.53303391396473,13.944257194632153,-52.58877671933258,-79.04160328437185,-130.69221390259955,0.07142857142857144,0.16666666666666666,0.09523809523809522,133.3333333333333,79.99999999999999,-5.57765078858502,-5.623127591330275,-0.04547680274525501,0.815339727584342,-0.8120293287259723,0.9422774463465007,0.5227300816255522,-0.41954736472094845,-44.524822953967806,-57.275796432487944,205.82015009923813,302.97001318803837,97.14986308880023,47.2013372072455,38.18857757041455,0.2682496781379212,0.2788851438926431,0.010635465754721851,3.9647636591957442,3.8876947057585483
42f8729a-ed28-45a2-bf9b-397d2d698bb0,landmark_dropout_20pct,666352644,True,4.915602947283028,0.6015521508318529,-4.314050796451175,-87.76239339744994,-156.38678702091278,1.7024557249739811,0.09131843667438132,-1.6111372882995998,-94.63607567969046,-179.6365810977084,66.53303391396473,13.944257194632153,-52.58877671933258,-79.04160328437185,-130.69221390259955,0.07142857142857144,0.16666666666666666,0.09523809523809522,133.3333333333333,79.99999999999999,-5.57765078858502,-5.623127591330275,-0.04547680274525501,0.815339727584342,-0.8120293287259723,0.9422774463465007,0.5227300816255522,-0.41954736472094845,-44.524822953967806,-57.275796432487944,205.82015009923813,302.97001318803837,97.14986308880023,47.2013372072455,38.18857757041455,0.2682496781379212,0.2788851438926431,0.010635465754721851,3.9647636591957442,3.8876947057585483
42f8729a-ed28-45a2-bf9b-397d2d698bb0,jitter_sigma_0p004,666352644,True,4.915602947283028,0.7095503467684595,-4.206052600514568,-85.56534458991149,-149.54446148027307,1.7024557249739811,1.2377864214083767,-0.46466930356560443,-27.29406097023205,-31.607553421226104,66.53303391396473,15.48202097611725,-51.05101293784748,-76.73032467430032,-124.49180947636246,0.07142857142857144,1.4999999999999996,1.4285714285714282,1999.9999999999993,181.8181818181818,-5.57765078858502,-5.560990881397234,0.016659907187785983,-0.29869039528041863,0.29913714223670734,0.9422774463465007,0.9839059692831166,0.0416285229366159,4.41786260490713,4.3223841093044255,205.82015009923813,38.735289450823586,-167.08486064841455,-81.18003051103257,-136.6437491276586,0.2682496781379212,0.6212254106404754,0.3529757325025542,131.5847739139023,79.36719913928795
42f8729a-ed28-45a2-bf9b-397d2d698bb0,jitter_sigma_0p008,666352644,True,4.915602947283028,1.0292885271746846,-3.8863144201083433,-79.06078789899829,-130.74467168344228,1.7024557249739811,2.452018279762369,0.749562554788388,44.02831414601655,36.08459477343421,66.53303391396473,34.68631642416628,-31.84671748979845,-47.86602326143749,-62.92614481996189,0.07142857142857144,1.0,0.9285714285714286,1299.9999999999998,173.33333333333334,-5.57765078858502,-6.174749852643638,-0.597099064058618,10.705207025162194,-10.161312267792024,0.9422774463465007,0.9945425564422895,0.052265110095788825,5.5466795155117765,5.397002304863982,205.82015009923813,11.829247495623402,-193.99090260361473,-94.25262905992449,-178.25999497109993,0.2682496781379212,0.9122595566663315,0.6440098785284103,240.07852795904978,109.10713098067333
42f8729a-ed28-45a2-bf9b-397d2d698bb0,scale_minus_10pct,666352644,True,4.915602947283028,4.424042652554725,-0.49156029472830287,-10.000000000000002,-10.526315789473687,1.7024557249739811,1.7024557249739811,0.0,0.0,0.0,66.53303391396473,59.879730522568245,-6.653303391396484,-10.000000000000018,-10.526315789473704,0.07142857142857144,0.07142857142857144,0.0,0.0,0.0,-5.57765078858502,-5.486135807463669,0.09151498112135048,-1.6407441876540765,1.654315732265372,0.9422774463465007,0.9422774463464996,-1.1102230246251565e-15,-1.178233681523242e-13,-1.1782336815232427e-13,205.82015009923813,228.6890556658186,22.86890556658045,11.111111111110352,10.526315789473003,0.2682496781379212,0.24142471032412904,-0.026824967813792178,-10.000000000000021,-10.526315789473706
42f8729a-ed28-45a2-bf9b-397d2d698bb0,scale_minus_5pct,666352644,True,4.915602947283028,4.669822799918876,-0.24578014736415188,-5.00000000000001,-5.128205128205139,1.7024557249739811,1.7024557249739811,0.0,0.0,0.0,66.53303391396473,63.20638221826648,-3.326651695698253,-5.000000000000025,-5.1282051282051535,0.07142857142857144,0.07142857142857144,0.0,0.0,0.0,-5.57765078858502,-5.533097999162715,0.044552789422304784,-0.798773374508935,0.8019763613310188,0.9422774463465007,0.9422774463464995,-1.2212453270876722e-15,-1.296057049675566e-13,-1.2960570496755671e-13,205.82015009923813,216.65278957814567,10.832639478907538,5.263157894736972,5.128205128205252,0.2682496781379212,0.2548371942310252,-0.013412483906896033,-4.99999999999999,-5.128205128205118
42f8729a-ed28-45a2-bf9b-397d2d698bb0,scale_plus_5pct,666352644,True,4.915602947283028,5.16138309464718,0.24578014736415188,5.00000000000001,4.878048780487814,1.7024557249739811,1.7024557249739811,0.0,0.0,0.0,66.53303391396473,69.85968560966299,3.32665169569826,5.000000000000035,4.8780487804878385,0.07142857142857144,0.07142857142857144,0.0,0.0,0.0,-5.57765078858502,-5.620029386724896,-0.042378598139876544,0.759792962058628,-0.7569174592665778,0.9422774463465007,0.9422774463465019,1.2212453270876722e-15,1.296057049675566e-13,1.296057049675565e-13,205.82015009923813,196.0191905706964,-9.800959528541739,-4.761904761907964,-4.878048780491165,0.2682496781379212,0.2816621620448173,0.013412483906896089,5.000000000000011,4.8780487804878145
42f8729a-ed28-45a2-bf9b-397d2d698bb0,scale_plus_10pct,666352644,True,4.915602947283028,5.4071632420113325,0.49156029472830465,10.000000000000037,9.52380952380956,1.7024557249739811,1.7024557249739811,0.0,0.0,0.0,66.53303391396473,73.18633730536123,6.653303391396506,10.00000000000005,9.523809523809566,0.07142857142857144,0.07142857142857144,0.0,0.0,0.0,-5.57765078858502,-5.66043615890147,-0.08278537031644984,1.4842336577591917,-1.473300050147158,0.9422774463465007,0.942277446346501,3.3306690738754696e-16,3.534701044569726e-14,3.5347010445697246e-14,205.82015009923813,187.10922736295137,-18.71092273628676,-9.090909090905392,-9.523809523805463,0.2682496781379212,0.29507464595171334,0.026824967813792122,10.0,9.523809523809524
42f8729a-ed28-45a2-bf9b-397d2d698bb0,combined_degradation,666352644,True,4.915602947283028,26.707183827839863,21.791580880556836,443.3145051432921,137.8220144576246,1.7024557249739811,4.756555479533733,3.0540997545597524,179.3937845054049,94.56864705323039,66.53303391396473,377.12336749412486,310.5903335801601,466.8212394790098,140.01390832833673,0.07142857142857144,5.000000000000003,4.9285714285714315,6900.000000000003,194.36619718309862,-5.57765078858502,-7.1731828863894815,-1.5955320978044618,28.605808400013306,-25.02631809770905,0.9422774463465007,0.903624442517031,-0.03865300382946968,-4.102083094457928,-4.187980310618482,205.82015009923813,47.09614721858239,-158.72400288065575,-77.11781514303894,-125.51504554188493,0.2682496781379212,8.716676589910353,8.448426911772431,3149.463951054082,188.05779056454332
451867f4-8a40-46f3-a665-55aa1285c898,frame_thinning_2x,3093901289,True,4.220637771583041,14.0661863203344,9.84554854875136,233.27158314887976,107.67915193216055,0.3507096698497581,48.4139975808251,48.06328791097534,13704.580182110563,197.12325007471543,140.87198219834673,141.66484832100235,0.7928661226556244,0.5628274056222724,0.5612479769085016,0.33333333333333337,0.6666666666666666,0.33333333333333326,99.99999999999997,66.66666666666666,-7.251103702233318,-6.576416787975501,0.6746869142578173,-9.304609918211703,9.758610225680867,0.8577361140629097,0.9934509287822594,0.13571481471934965,15.822443813925247,14.662463768195321,126.13590140146168,6.7718543156699935,-119.36404708579168,-94.6313030307551,-179.6193855531424,0.35569867859987425,3.446693440300624,3.09099476170075,868.9924780906517,162.58158890748717
451867f4-8a40-46f3-a665-55aa1285c898,frame_thinning_3x,3093901289,True,4.220637771583041,10.67949558432696,6.4588578127439185,153.0303750828962,86.69530209515973,0.3507096698497581,49.470060470363435,49.11935080051368,14005.701873448803,197.18422923722184,140.87198219834673,111.28232034397617,-29.58966185437056,-21.004646483009324,-23.46948797306687,0.33333333333333337,0.3333333333333333,-5.551115123125783e-17,-1.6653345369377345e-14,-1.6653345369377345e-14,-7.251103702233318,-6.058964508643287,1.1921391935900312,-16.44079636073686,17.913344615557257,0.8577361140629097,0.9991806863409588,0.14144457227804907,16.490453177732817,15.23434676742498,126.13590140146168,1.0724548259530486,-125.06344657550864,-99.14976242763774,-196.62772208443357,0.35569867859987425,0.9000256759070745,0.5443269973072002,153.03036813344875,86.69529986474242
451867f4-8a40-46f3-a665-55aa1285c898,landmark_dropout_5pct,3093901289,True,4.220637771583041,4.220637771583041,0.0,0.0,0.0,0.3507096698497581,0.3507096698497581,0.0,0.0,0.0,140.87198219834673,140.87198219834673,0.0,0.0,0.0,0.33333333333333337,0.33333333333333337,0.0,0.0,0.0,-7.251103702233318,-7.251103702233318,0.0,-0.0,0.0,0.8577361140629097,0.8577361140629097,0.0,0.0,0.0,126.13590140146168,126.13590140146168,0.0,0.0,0.0,0.35569867859987425,0.35569867859987425,0.0,0.0,0.0
451867f4-8a40-46f3-a665-55aa1285c898,landmark_dropout_10pct,3093901289,True,4.220637771583041,4.220637771583041,0.0,0.0,0.0,0.3507096698497581,0.3507096698497581,0.0,0.0,0.0,140.87198219834673,140.87198219834673,0.0,0.0,0.0,0.33333333333333337,0.33333333333333337,0.0,0.0,0.0,-7.251103702233318,-7.251103702233318,0.0,-0.0,0.0,0.8577361140629097,0.8577361140629097,0.0,0.0,0.0,126.13590140146168,126.13590140146168,0.0,0.0,0.0,0.35569867859987425,0.35569867859987425,0.0,0.0,0.0
451867f4-8a40-46f3-a665-55aa1285c898,landmark_dropout_20pct,3093901289,True,4.220637771583041,4.220637771583041,0.0,0.0,0.0,0.3507096698497581,0.3507096698497581,0.0,0.0,0.0,140.87198219834673,140.87198219834673,0.0,0.0,0.0,0.33333333333333337,0.33333333333333337,0.0,0.0,0.0,-7.251103702233318,-7.251103702233318,0.0,-0.0,0.0,0.8577361140629097,0.8577361140629097,0.0,0.0,0.0,126.13590140146168,126.13590140146168,0.0,0.0,0.0,0.35569867859987425,0.35569867859987425,0.0,0.0,0.0
451867f4-8a40-46f3-a665-55aa1285c898,jitter_sigma_0p004,3093901289,True,4.220637771583041,0.8607063829933621,-3.359931388589679,-79.60719612594151,-132.24577144862857,0.3507096698497581,0.0,-0.3507096698497581,-100.0,-200.0,140.87198219834673,43.035319149668105,-97.83666304867862,-69.45076055714564,-106.39780186164393,0.33333333333333337,0.0,-0.33333333333333337,-100.0,-200.0,-7.251103702233318,-6.665590064749816,0.5855136374835022,-8.07482090351522,8.414550859380302,0.8577361140629097,1.0,0.14226388593709027,16.585973658403763,15.315833595542912,126.13590140146168,0.0,-126.13590140146168,-100.0,-200.0,0.35569867859987425,0.0,-0.35569867859987425,-100.0,-200.0
451867f4-8a40-46f3-a665-55aa1285c898,jitter_sigma_0p008,3093901289,True,4.220637771583041,2.2115862466993232,-2.0090515248837177,-47.600662118184566,-62.46833192293595,0.3507096698497581,0.0,-0.3507096698497581,-100.0,-200.0,140.87198219834673,110.57931233496616,-30.292669863380567,-21.503686815969346,-24.094264393908155,0.33333333333333337,0.0,-0.33333333333333337,-100.0,-200.0,-7.251103702233318,-7.485287778357158,-0.23418407612383962,3.229633525330932,-3.1783096483598037,0.8577361140629097,1.0,0.14226388593709027,16.585973658403763,15.315833595542912,126.13590140146168,0.0,-126.13590140146168,-100.0,-200.0,0.35569867859987425,0.0,-0.35569867859987425,-100.0,-200.0
451867f4-8a40-46f3-a665-55aa1285c898,scale_minus_10pct,3093901289,True,4.220637771583041,3.7985739944247374,-0.42206377715830357,-9.999999999999988,-10.52631578947367,0.3507096698497581,0.3507096698497581,0.0,0.0,0.0,140.87198219834673,126.78478397851207,-14.087198219834661,-9.999999999999993,-10.526315789473674,0.33333333333333337,0.33333333333333337,0.0,0.0,0.0,-7.251103702233318,-7.159588721111969,0.09151498112134959,-1.2620834686609606,1.2700983191216482,0.8577361140629097,0.8577361140629125,2.7755575615628914e-15,3.2359108075975463e-13,3.235910807597541e-13,126.13590140146168,140.15100155718514,14.01510015572346,11.111111111115466,10.526315789477595,0.35569867859987425,0.32012881073988686,-0.03556986785998739,-9.999999999999991,-10.526315789473674
451867f4-8a40-46f3-a665-55aa1285c898,scale_minus_5pct,3093901289,True,4.220637771583041,4.009605883003888,-0.21103188857915267,-5.000000000000015,-5.128205128205145,0.3507096698497581,0.3507096698497581,0.0,0.0,0.0,140.87198219834673,133.8283830884294,-7.043599109917324,-4.999999999999991,-5.128205128205119,0.33333333333333337,0.33333333333333337,0.0,0.0,0.0,-7.251103702233318,-7.206550912811014,0.044552789422303896,-0.6144276961393031,0.6163211199684241,0.8577361140629097,0.8577361140629103,5.551115123125783e-16,6.471821615195092e-14,6.47182161519509e-14,126.13590140146168,132.77463305417166,6.6387316527099784,5.263157894738007,5.1282051282062335,0.35569867859987425,0.33791374466988056,-0.017784933929993696,-4.999999999999996,-5.128205128205123
451867f4-8a40-46f3-a665-55aa1285c898,scale_plus_5pct,3093901289,True,4.220637771583041,4.431669660162193,0.21103188857915178,4.999999999999994,4.8780487804877986,0.3507096698497581,0.3507096698497581,0.0,0.0,0.0,140.87198219834673,147.91558130826405,7.043599109917324,4.999999999999991,4.878048780487796,0.33333333333333337,0.33333333333333337,0.0,0.0,0.0,-7.251103702233318,-7.293482300373195,-0.042378598139876544,0.5844434155151313,-0.5827405212122496,0.8577361140629097,0.8577361140629117,1.9984014443252818e-15,2.3298557814702335e-13,2.3298557814702305e-13,126.13590140146168,120.1294299061565,-6.006471495305178,-4.7619047619027635,-4.878048780485707,0.35569867859987425,0.373483612529868,0.01778493392999375,5.000000000000011,4.8780487804878145
451867f4-8a40-46f3-a665-55aa1285c898,scale_plus_10pct,3093901289,True,4.220637771583041,4.642701548741345,0.42206377715830445,10.000000000000009,9.52380952380953,0.3507096698497581,0.3507096698497581,0.0,0.0,0.0,140.87198219834673,154.95918041818143,14.087198219834704,10.000000000000023,9.523809523809543,0.33333333333333337,0.33333333333333337,0.0,0.0,0.0,-7.251103702233318,-7.333889072549769,-0.08278537031645072,1.141693371327086,-1.1352130452828686,0.8577361140629097,0.8577361140629117,1.9984014443252818e-15,2.3298557814702335e-13,2.3298557814702305e-13,126.13590140146168,114.66900127405866,-11.466900127403022,-9.090909090907042,-9.523809523807275,0.35569867859987425,0.39126854645986175,0.0355698678599875,10.000000000000021,9.523809523809543
451867f4-8a40-46f3-a665-55aa1285c898,combined_degradation,3093901289,True,4.220637771583041,13.422912620289088,9.202274848706047,218.03043394682354,104.31318690761093,0.3507096698497581,34.46607268550652,34.11536301565676,9727.522776965796,195.97079745887774,140.87198219834673,161.88800090476747,21.016018706420738,14.91852274558779,13.882956717739733,0.33333333333333337,0.6666666666666666,0.33333333333333326,99.99999999999997,66.66666666666666,-7.251103702233318,-6.854772164211953,0.3963315380213652,-5.465809817328862,5.6193821890089,0.8577361140629097,0.9942402114073865,0.13650409734447677,15.914463097267353,14.741451655416009,126.13590140146168,6.261309298571641,-119.87459210289003,-95.03606092396856,-181.0832591850968,0.35569867859987425,3.8185678706429966,3.4628691920431223,973.5400777067566,165.91509675735574
48c9026f-11c4-410d-82ec-f33d477d9db6,frame_thinning_2x,2129366121,True,2.246212290363994,2.3303615003621556,0.08414920999816156,3.7462714614799544,3.677388974637723,12.87454679553065,12.237969622422506,-0.6365771731081438,-4.944462769975943,-5.069799955635264,17.57924068590354,5.046825018002207,-12.532415667901333,-71.29099539521545,-110.77856691398159,0.3253012048192771,0.21276595744680848,-0.11253524737246862,-34.59416863672183,-41.829442591710354,-4.396951886982159,-2.9466774043069184,1.450274482675241,-32.983633206653856,39.49748619243454,0.9678009500989575,0.9708480939532367,0.0030471438542791773,0.31485233135673274,0.3143574504759242,866.7230805912271,447.27797179908214,-419.445108792145,-48.39436241919673,-63.842431180573136,0.023325705609407017,0.010940323807582742,-0.012385381801824275,-53.09756544654915,-72.2895649863848
48c9026f-11c4-410d-82ec-f33d477d9db6,frame_thinning_3x,2129366121,True,2.246212290363994,2.8259446381405904,0.5797323477765963,25.809330233993684,22.85940107722644,12.87454679553065,13.718241732067368,0.8436949365367177,6.553201055819715,6.3452912105184485,17.57924068590354,4.877049881720566,-12.702190804182973,-72.25676598403149,-113.12813009728413,0.3253012048192771,0.11428571428571428,-0.21101549053356283,-64.86772486772487,-96.00626468285044,-4.396951886982159,-1.8574580403215228,2.5394938466606365,-57.75577972957111,81.20650472795056,0.9678009500989575,0.9567732773984968,-0.011027672700460678,-1.1394566929628556,-1.145985698332881,866.7230805912271,345.99994014602765,-520.7231404451995,-60.07952852599622,-85.87668107902076,0.023325705609407017,0.011212789924159614,-0.012112915685247402,-51.929471665639085,-70.14153626625298
48c9026f-11c4-410d-82ec-f33d477d9db6,landmark_dropout_5pct,2129366121,True,2.246212290363994,2.8446083916456066,0.5983961012816126,26.64022914702527,23.508826519711388,12.87454679553065,12.87033711223613,-0.004209683294519095,-0.032697720248921466,-0.03270306682757352,17.57924068590354,38.694387227829324,21.115146541925785,120.11409889198241,75.04455399355157,0.3253012048192771,0.1702127659574468,-0.1550884388618303,-47.67533490937746,-62.59699948266943,-4.396951886982159,-4.874516256400628,-0.47756436941846836,10.861259838488792,-10.301806834321372,0.9678009500989575,0.9656293769285269,-0.0021715731704305963,-0.22438221105368344,-0.22463423068047558,866.7230805912271,849.2156295586263,-17.507451032600784,-2.019959018589679,-2.0405683407039463,0.023325705609407017,0.015991332895980644,-0.007334372713426372,-31.44330480818765,-37.3088767223469
48c9026f-11c4-410d-82ec-f33d477d9db6,landmark_dropout_10pct,2129366121,True,2.246212290363994,9.09325275135787,6.847040460993876,304.8260616490673,120.76478803543581,12.87454679553065,14.879931420696204,2.0053846251655543,15.576351206876781,14.450890480031376,17.57924068590354,45.720958987973816,28.141718302070277,160.08494795020692,88.9151012068095,0.3253012048192771,0.07547169811320754,-0.24982950670606957,-76.79944095038435,-124.6738513896767,-4.396951886982159,-5.6264982478586125,-1.2295463608764532,27.963607346187047,-24.533396072927843,0.9678009500989575,0.05163550578894097,-0.9161654443100166,-94.66465642716499,-179.73958828303114,866.7230805912271,834.1251618561935,-32.59791873503366,-3.7610534973635743,-3.833136657521799,0.023325705609407017,0.015991308263155805,-0.007334397346251211,-31.44341041195909,-37.309025400677655
48c9026f-11c4-410d-82ec-f33d477d9db6,landmark_dropout_20pct,2129366121,True,2.246212290363994,18.173450795430366,15.927238505066372,709.0709356988424,155.99903326658412,12.87454679553065,14.88010463398149,2.005557838450841,15.577696600140229,14.452048468663428,17.57924068590354,507.14160770284406,489.5623670169405,2784.889152860347,186.59916735545474,0.3253012048192771,0.05747126436781609,-0.267829940451461,-82.33290762026395,-139.94211287988423,-4.396951886982159,-6.967512154420074,-2.570560267437915,58.46232420801435,-45.238565726866256,0.9678009500989575,0.21144766437720597,-0.7563532857217515,-78.15174035987611,-128.27715486572487,866.7230805912271,855.6245138532137,-11.09856673801346,-1.2805205014781278,-1.2887719962930486,0.023325705609407017,0.01599138870318243,-0.007334316906224585,-31.443065556253657,-37.30853988300002
48c9026f-11c4-410d-82ec-f33d477d9db6,jitter_sigma_0p004,2129366121,True,2.246212290363994,2.4558170504846757,0.20960476012068163,9.331475970453159,8.91550200675056,12.87454679553065,14.04949237069478,1.1749455751641307,9.126112117375724,8.727855192233031,17.57924068590354,18.49450370857873,0.915263022675191,5.2064991829204725,5.074399888552667,0.3253012048192771,0.19565217391304346,-0.12964903090623364,-39.855072463768124,-49.7737556561086,-4.396951886982159,-4.612566414037359,-0.2156145270551999,4.903727231893515,-4.786371920256845,0.9678009500989575,0.8453494128903967,-0.12245153720856083,-12.652553936430852,-13.507047149324572,866.7230805912271,299.66303038034164,-567.0600502108855,-65.42574703607417,-97.23367671765905,0.023325705609407017,0.10736389735443255,0.08403819174502554,360.2814557992784,128.60731051157606
48c9026f-11c4-410d-82ec-f33d477d9db6,jitter_sigma_0p008,2129366121,True,2.246212290363994,2.6706186295441743,0.4244063391801802,18.89431114774134,17.26340995220177,12.87454679553065,21.41025883935932,8.535712043828669,66.2991263256879,49.7929732180969,17.57924068590354,25.868682550875143,8.289441864971604,47.1547208044017,38.15805795732298,0.3253012048192771,11.222222222222223,10.896921017402946,3349.794238683128,188.73174124739162,-4.396951886982159,-5.142659419238682,-0.7457075322565228,16.95964730622372,-15.633918580524181,0.9678009500989575,0.6242863330056101,-0.3435146170933474,-35.49434592497797,-43.152736754921435,866.7230805912271,164.4571760091059,-702.2659045821213,-81.02540711193211,-136.2062355416696,0.023325705609407017,2.0898198234940333,2.066494117884626,8859.29948910626,195.5846475714706
48c9026f-11c4-410d-82ec-f33d477d9db6,scale_minus_10pct,2129366121,True,2.246212290363994,2.021591061327595,-0.22462122903639914,-9.999999999999988,-10.526315789473673,12.87454679553065,12.87454679553065,0.0,0.0,0.0,17.57924068590354,15.821316617313187,-1.757924068590352,-9.99999999999999,-10.526315789473673,0.3253012048192771,0.3253012048192771,0.0,0.0,0.0,-4.396951886982159,-4.305436905860813,0.09151498112134604,-2.081327780553842,2.1032151814823505,0.9678009500989575,0.9678009500989565,-9.992007221626409e-16,-1.0324444526123608e-13,-1.0324444526123612e-13,866.7230805912271,963.025645102349,96.30256451112189,11.111111111224819,10.52631578957574,0.023325705609407017,0.020993135048466317,-0.0023325705609406992,-9.99999999999999,-10.526315789473673
48c9026f-11c4-410d-82ec-f33d477d9db6,scale_minus_5pct,2129366121,True,2.246212290363994,2.1339016758457943,-0.11231061451819979,-5.0000000000000036,-5.128205128205132,12.87454679553065,12.87454679553065,0.0,0.0,0.0,17.57924068590354,16.700278651608357,-0.8789620342951814,-5.000000000000025,-5.128205128205154,0.3253012048192771,0.3253012048192771,0.0,0.0,0.0,-4.396951886982159,-4.352399097559856,0.04455278942230301,-1.0132653385225403,1.0184250123470187,0.9678009500989575,0.9678009500989563,-1.2212453270876722e-15,-1.2618765531928855e-13,-1.2618765531928863e-13,866.7230805912271,912.3400848347171,45.61700424348999,5.26315789494988,5.128205128407383,0.023325705609407017,0.02215942032893667,-0.0011662852804703479,-4.999999999999987,-5.128205128205115
48c9026f-11c4-410d-82ec-f33d477d9db6,scale_plus_5pct,2129366121,True,2.246212290363994,2.3585229048821947,0.11231061451820068,5.0000000000000435,4.8780487804878465,12.87454679553065,12.87454679553065,0.0,0.0,0.0,17.57924068590354,18.45820272019873,0.878962034295192,5.000000000000085,4.8780487804878865,0.3253012048192771,0.3253012048192771,0.0,0.0,0.0,-4.396951886982159,-4.439330485122034,-0.04237859813987477,0.9638176452497242,-0.9591951989597433,0.9678009500989575,0.9678009500989573,-2.220446049250313e-16,-2.2943210058052464e-14,-2.2943210058052464e-14,866.7230805912271,825.4505529441202,-41.27252764710693,-4.761904761893875,-4.878048780476379,0.023325705609407017,0.024491990889877368,0.0011662852804703513,5.000000000000003,4.878048780487807
48c9026f-11c4-410d-82ec-f33d477d9db6,scale_plus_10pct,2129366121,True,2.246212290363994,2.4708335194003923,0.22462122903639825,9.999999999999948,9.523809523809478,12.87454679553065,12.87454679553065,0.0,0.0,0.0,17.57924068590354,19.337164754493884,1.757924068590345,9.999999999999948,9.523809523809476,0.3253012048192771,0.3253012048192771,0.0,0.0,0.0,-4.396951886982159,-4.479737257298606,-0.08278537031644628,1.8827899973512308,-1.865230807812725,0.9678009500989575,0.9678009500989578,3.3306690738754696e-16,3.4414815087078695e-14,3.441481508707869e-14,866.7230805912271,787.9300732652999,-78.79300732592719,-9.090909090845864,-9.523809523740132,0.023325705609407017,0.025658276170347712,0.0023325705609406958,9.999999999999973,9.5238095238095
48c9026f-11c4-410d-82ec-f33d477d9db6,combined_degradation,2129366121,True,2.246212290363994,2.407941437543462,0.16172914717946796,7.200082907268755,6.949884195259818,12.87454679553065,13.61304062121195,0.7384938256812994,5.736076286100142,5.576150172246365,17.57924068590354,5.554062849880832,-12.025177836022706,-68.40555886845254,-103.9642074243416,0.3253012048192771,0.6285714285714284,0.30327022375215135,93.22751322751319,63.587152652472014,-4.396951886982159,-2.9415158264954564,1.455436060486703,-33.101023115484644,39.665938921109955,0.9678009500989575,0.8942306174135523,-0.07357033268540525,-7.601804139361787,-7.902157403667214,866.7230805912271,270.8124833310065,-595.9105972602206,-68.7544396364437,-104.7722139263084,0.023325705609407017,0.09697933114287624,0.07365362553346923,315.7616183913659,122.44479121040852
511a396b-aa38-4056-a980-76723ed0c05f,frame_thinning_2x,3212475891,True,9.794077924533617,5.950365868405218,-3.8437120561283997,-39.24526724971338,-48.82626667132251,5.856787082191696,6.0931725542752755,0.23638547208357963,4.03609468410316,3.956255573654263,312.31813036558265,51.99212652228981,-260.3260038432928,-83.35283114642411,-142.914452130518,0.9215686274509802,0.25,-0.6715686274509802,-72.87234042553192,-114.64435146443513,-7.22193872027598,-5.352794174805978,1.869144545470002,-25.881478891842136,29.72857652031772,0.7488234755667698,0.7786347876158354,0.02981131204906562,3.9810867342936893,3.9033881013483014,1337.158921625581,108.53860834785986,-1228.620313277721,-91.88289390344792,-169.9692069474992,0.11018441643570397,0.14328329750563146,0.03309888106992749,30.039530217271437,26.116841908779087
511a396b-aa38-4056-a980-76723ed0c05f,frame_thinning_3x,3212475891,True,9.794077924533617,4.100868684655944,-5.693209239877674,-58.12909886714811,-81.94647162029992,5.856787082191696,5.797933660473035,-0.058853421718660925,-1.0048755553640019,-1.0099499253245035,312.31813036558265,10.356911285953391,-301.96121907962925,-96.68385845105112,-187.16118701596008,0.9215686274509802,0.35999999999999993,-0.5615686274509804,-60.93617021276596,-87.63769889840883,-7.22193872027598,-3.3001986049178993,3.9217401153580806,-54.303148603955684,74.54265220371127,0.7488234755667698,0.8091673166994279,0.060343841132658116,8.058486826549482,7.746366850459254,1337.158921625581,71.47618120706827,-1265.6827404185126,-94.65462331731109,-179.70342182632376,0.11018441643570397,0.15546107792236052,0.04527666148665656,41.091710562425035,34.08803269640853
511a396b-aa38-4056-a980-76723ed0c05f,landmark_dropout_5pct,3212475891,True,9.794077924533617,2.4713759240521274,-7.32270200048149,-74.76662996665088,-119.4036860091537,5.856787082191696,1.2878366589187527,-4.568950423272943,-78.01120920317244,-127.89897939573838,312.31813036558265,73.70512155715333,-238.6130088084293,-76.40062667163185,-123.62623630567653,0.9215686274509802,0.078125,-0.8434436274509802,-91.52260638297872,-168.74042292368986,-7.22193872027598,-5.654965278882163,1.5669734413938166,-21.6974070549014,24.337735864090636,0.7488234755667698,0.8969774175035471,0.14815394193677733,19.784895475484728,18.003871860877336,1337.158921625581,1501.2882698961992,164.12934827061827,12.274483280647495,11.564727979499482,0.11018441643570397,0.01908358017021325,-0.09110083626549072,-82.68032741150006,-140.9487864861373
511a396b-aa38-4056-a980-76723ed0c05f,landmark_dropout_10pct,3212475891,True,9.794077924533617,4.123838270439356,-5.670239654094261,-57.89457361668144,-81.48115816564983,5.856787082191696,1.2872973503055072,-4.569489731886189,-78.02041747053265,-127.92373256677571,312.31813036558265,134.0539452554423,-178.26418511014035,-57.07775751009842,-79.87246283814972,0.9215686274509802,0.07692307692307691,-0.8446455505279034,-91.65302782324059,-169.18429003021149,-7.22193872027598,-6.314851243245767,0.9070874770302133,-12.560165797080453,13.401810613514526,0.7488234755667698,0.8874002440782274,0.13857676851145762,18.50593271085306,16.938608925865456,1337.158921625581,1240.7803829308148,-96.37853869476612,-7.207710103567866,-7.477176714317614,0.11018441643570397,0.019453435731476718,-0.09073098070422725,-82.34465783750063,-139.97606283575385
511a396b-aa38-4056-a980-76723ed0c05f,landmark_dropout_20pct,3212475891,True,9.794077924533617,4.154912111095802,-5.639165813437815,-57.57730188476467,-80.85410913670296,5.856787082191696,1.2872971031287626,-4.569489979062933,-78.02042169087974,-127.92374391254354,312.31813036558265,136.0538482001823,-176.26428216540035,-56.437415899959106,-78.62412933530226,0.9215686274509802,0.07692307692307691,-0.8446455505279034,-91.65302782324059,-169.18429003021149,-7.22193872027598,-6.3002316206635065,0.9217070996124734,-12.762599286874746,13.632532002971878,0.7488234755667698,0.8891068326826972,0.14028335711592743,18.733835368843067,17.12934383219941,1337.158921625581,6449.539337052208,5112.380415426627,382.3315488342641,131.31060805468348,0.11018441643570397,0.01974315250324594,-0.09044126393245802,-82.08171977317075,-139.21797301534116
511a396b-aa38-4056-a980-76723ed0c05f,jitter_sigma_0p004,3212475891,True,9.794077924533617,0.7425197236914471,-9.05155820084217,-92.41868678794685,-171.81178408889787,5.856787082191696,0.0,-5.856787082191696,-100.0,-200.0,312.31813036558265,44.50667674474208,-267.81145362084055,-85.74956993606328,-150.10809130097132,0.9215686274509802,0.0,-0.9215686274509802,-100.0,-200.0,-7.22193872027598,-6.852284680394692,0.3696540398812882,-5.118487627753814,5.252922727710479,0.7488234755667698,1.0,0.25117652443323024,33.54282185706313,28.725200449613975,1337.158921625581,0.0,-1337.158921625581,-100.0,-200.00000000000003,0.11018441643570397,0.0,-0.11018441643570397,-100.0,-200.0
511a396b-aa38-4056-a980-76723ed0c05f,jitter_sigma_0p008,3212475891,True,9.794077924533617,1.2666008086149663,-8.527477115918652,-87.0676870413477,-154.19446349819404,5.856787082191696,0.0,-5.856787082191696,-100.0,-200.0,312.31813036558265,75.92012838850945,-236.3980019770732,-75.69141173468172,-121.77985896377427,0.9215686274509802,0.0,-0.9215686274509802,-100.0,-200.0,-7.22193872027598,-7.316148213518936,-0.09420949324295602,1.3044903438249595,-1.29603700503343,0.7488234755667698,1.0,0.25117652443323024,33.54282185706313,28.725200449613975,1337.158921625581,0.0,-1337.158921625581,-100.0,-200.00000000000003,0.11018441643570397,0.0,-0.11018441643570397,-100.0,-200.0
511a396b-aa38-4056-a980-76723ed0c05f,scale_minus_10pct,3212475891,True,9.794077924533617,8.814670132080254,-0.9794077924533635,-10.000000000000018,-10.526315789473706,5.856787082191696,5.856787082191696,0.0,0.0,0.0,312.31813036558265,281.0863173290243,-31.23181303655832,-10.000000000000018,-10.526315789473706,0.9215686274509802,0.9215686274509802,0.0,0.0,0.0,-7.22193872027598,-7.1304237391546295,0.09151498112135048,-1.2671802498741407,1.2752601723936825,0.7488234755667698,0.7488234755667699,1.1102230246251565e-16,1.482623155991271e-14,1.482623155991271e-14,1337.158921625581,1485.7321351459389,148.57321352035797,11.111111111590077,10.52631578990356,0.11018441643570397,0.09916597479213357,-0.011018441643570395,-10.0,-10.526315789473683
511a396b-aa38-4056-a980-76723ed0c05f,scale_minus_5pct,3212475891,True,9.794077924533617,9.304374028306935,-0.48970389622668264,-5.000000000000019,-5.128205128205147,5.856787082191696,5.856787082191696,0.0,0.0,0.0,312.31813036558265,296.70222384730346,-15.61590651827919,-5.000000000000019,-5.128205128205147,0.9215686274509802,0.9215686274509802,0.0,0.0,0.0,-7.22193872027598,-7.177385930853675,0.044552789422304784,-0.6169089928334678,0.6188177640513096,0.7488234755667698,0.7488234755667703,5.551115123125783e-16,7.413115779956355e-14,7.413115779956352e-14,1337.158921625581,1407.5357069879205,70.37678536233966,5.263157895755785,5.128205129172486,0.11018441643570397,0.10467519561391876,-0.0055092208217852046,-5.000000000000006,-5.128205128205134
511a396b-aa38-4056-a980-76723ed0c05f,scale_plus_5pct,3212475891,True,9.794077924533617,10.283781820760296,0.4897038962266791,4.999999999999981,4.878048780487788,5.856787082191696,5.856787082191696,0.0,0.0,0.0,312.31813036558265,327.93403688386167,15.615906518279019,4.999999999999964,4.878048780487771,0.9215686274509802,0.9215686274509802,0.0,0.0,0.0,-7.22193872027598,-7.264317318415856,-0.042378598139875656,0.5868036240863617,-0.5850869683192843,0.7488234755667698,0.7488234755667703,5.551115123125783e-16,7.413115779956355e-14,7.413115779956352e-14,1337.158921625581,1273.4846872636576,-63.674234361923254,-4.761904761815046,-4.878048780393659,0.11018441643570397,0.11569363725748917,0.0055092208217852046,5.000000000000006,4.87804878048781
511a396b-aa38-4056-a980-76723ed0c05f,scale_plus_10pct,3212475891,True,9.794077924533617,10.773485716986979,0.9794077924533617,10.0,9.523809523809524,5.856787082191696,5.856787082191696,0.0,0.0,0.0,312.31813036558265,343.5499434021409,31.231813036558265,10.0,9.523809523809524,0.9215686274509802,0.9215686274509802,0.0,0.0,0.0,-7.22193872027598,-7.30472409059243,-0.08278537031644984,1.1463039707610019,-1.139771348647431,0.7488234755667698,0.7488234755667703,5.551115123125783e-16,7.413115779956355e-14,7.413115779956352e-14,1337.158921625581,1215.599019659608,-121.55990196597281,-9.090909090909907,-9.523809523810419,0.11018441643570397,0.12120285807927438,0.011018441643570409,10.000000000000012,9.523809523809534
511a396b-aa38-4056-a980-76723ed0c05f,combined_degradation,3212475891,True,9.794077924533617,6.492896166269646,-3.3011817582639713,-33.70589639678786,-40.53769275814154,5.856787082191696,7.916590648717208,2.0598035665255123,35.16951423398345,29.90992633423676,312.31813036558265,117.58712863007595,-194.7310017355067,-62.35020730546932,-90.59251900776269,0.9215686274509802,0.03773584905660377,-0.8838327783943765,-95.90525893215576,-184.26532973389897,-7.22193872027598,-6.065247111455852,1.156691608820128,-16.016358676274205,17.41063342484112,0.7488234755667698,0.6671160171919915,-0.08170745837477822,-10.91144455813641,-11.541094629062519,1337.158921625581,648.5837133704932,-688.5752082550877,-51.49539049688936,-69.35190856255639,0.11018441643570397,0.1148004530481891,0.004616036612485136,4.189373381288212,4.103419597125933
57660e2f-8425-445f-bca0-17c6e557f1b0,frame_thinning_2x,295327475,True,1.1994957540215758,43.668286059626496,42.46879030560492,3540.553617069412,189.3063957651973,0.0,53.03610486408005,53.03610486408005,,200.0,59.97478770107879,1080.9413815572186,1020.9665938561399,1702.326315759139,178.97311325158338,0.0,0.05161290322580645,0.05161290322580645,,200.0,-6.953877447323573,-7.499244848271367,-0.5453674009477938,7.842637508052378,-7.5467070684652295,1.0,0.038205443947194676,-0.9617945560528053,-96.17945560528052,-185.28019895486585,0.0,82.75693424194756,82.75693424194756,,200.0,0.0,0.951339352590947,0.951339352590947,,200.0
57660e2f-8425-445f-bca0-17c6e557f1b0,frame_thinning_3x,295327475,True,1.1994957540215758,31.64531132349404,30.445815569472465,2538.21786925015,185.39195859862173,0.0,44.023113939413584,44.023113939413584,,200.00000000000003,59.97478770107879,520.3334601986472,460.3586724975684,767.5869980433258,158.66004805677545,0.0,0.17586206896551723,0.17586206896551723,,200.0,-6.953877447323573,-6.470974441200074,0.48290300612349935,-6.944370385896868,7.194165122019904,1.0,0.03973485746054355,-0.9602651425394565,-96.02651425394565,-184.7134652934144,0.0,213.27356433977135,213.27356433977135,,200.0,0.0,28.46149417520109,28.46149417520109,,200.0
57660e2f-8425-445f-bca0-17c6e557f1b0,landmark_dropout_5pct,295327475,True,1.1994957540215758,1.1994957762297422,2.220816641695933e-08,1.851458526843594e-06,1.851458509704101e-06,0.0,0.0,0.0,,,59.97478770107879,59.97478881148711,1.110408319959788e-06,1.8514585253626745e-06,1.8514585082231813e-06,0.0,0.0,0.0,,,-6.953877447323573,-6.953877463405138,-1.6081564524483838e-08,2.3126039603521275e-07,-2.312603957678059e-07,1.0,1.0,0.0,0.0,0.0,0.0,0.0,0.0,,,0.0,0.0,0.0,,
57660e2f-8425-445f-bca0-17c6e557f1b0,landmark_dropout_10pct,295327475,True,1.1994957540215758,99.59628618384492,98.39679042982335,8203.179552735079,195.23989702362357,0.0,65.39261305496429,65.39261305496429,,200.0,59.97478770107879,4952.724260527135,4892.749472826056,8158.010491361936,195.2141720758379,0.0,0.05128205128205128,0.05128205128205128,,200.0,-6.953877447323573,-9.218082158690482,-2.264204711366909,32.56031945513164,-28.001612253902643,1.0,0.011152676638363801,-0.9888473233616362,-98.88473233616362,-195.58813346548553,0.0,63.143434191202914,63.143434191202914,,200.0,0.0,3.5907291300215105,3.5907291300215105,,200.0
57660e2f-8425-445f-bca0-17c6e557f1b0,landmark_dropout_20pct,295327475,True,1.1994957540215758,56.20552569094187,55.00602993692029,4585.762788446759,191.6418757535239,0.0,65.41679122797834,65.41679122797834,,200.0,59.97478770107879,2477.75647954862,2417.7816918475414,4031.3301380874277,190.54670784490477,0.0,0.06956521739130433,0.06956521739130433,,200.0,-6.953877447323573,-9.489372261321181,-2.535494813997608,36.461597622395196,-30.83933965516093,1.0,0.0071617305833064325,-0.9928382694166936,-99.28382694166936,-197.15567803428803,0.0,109.71773616353276,109.71773616353276,,199.99999999999997,0.0,42.07162687970123,42.07162687970123,,200.0
57660e2f-8425-445f-bca0-17c6e557f1b0,jitter_sigma_0p004,295327475,True,1.1994957540215758,1.413147210323022,0.21365145630144622,17.811772620714354,16.35519733979743,0.0,0.0,0.0,,,59.97478770107879,70.6573605161511,10.682572815072312,17.811772620714354,16.355197339797435,0.0,0.0,0.0,,,-6.953877447323573,-7.096254828374325,-0.1423773810507516,2.0474531242357483,-2.026705204719212,1.0,1.0,0.0,0.0,0.0,0.0,0.0,0.0,,,0.0,0.0,0.0,,
57660e2f-8425-445f-bca0-17c6e557f1b0,jitter_sigma_0p008,295327475,True,1.1994957540215758,2.0645074063826643,0.8650116523610885,72.1146072806798,53.00311365225263,0.0,0.0,0.0,,,59.97478770107879,103.2253703191332,43.250582618054416,72.11460728067979,53.003113652252615,0.0,0.0,0.0,,,-6.953877447323573,-7.425512907818171,-0.47163546049459804,6.782337826159453,-6.5598811750172965,1.0,1.0,0.0,0.0,0.0,0.0,0.0,0.0,,,0.0,0.0,0.0,,
57660e2f-8425-445f-bca0-17c6e557f1b0,scale_minus_10pct,295327475,True,1.1994957540215758,1.0795461786194183,-0.11994957540215756,-9.999999999999998,-10.526315789473681,0.0,0.0,0.0,,,59.97478770107879,53.97730893097091,-5.997478770107875,-9.999999999999993,-10.526315789473678,0.0,0.0,0.0,,,-6.953877447323573,-6.862362466202223,0.09151498112135048,-1.3160280982025792,1.3247451071222254,1.0,1.0,0.0,0.0,0.0,0.0,0.0,0.0,,,0.0,0.0,0.0,,
57660e2f-8425-445f-bca0-17c6e557f1b0,scale_minus_5pct,295327475,True,1.1994957540215758,1.139520966320497,-0.05997478770107878,-4.999999999999999,-5.128205128205127,0.0,0.0,0.0,,,59.97478770107879,56.97604831602485,-2.9987393850539377,-4.9999999999999964,-5.128205128205125,0.0,0.0,0.0,,,-6.953877447323573,-6.909324657901268,0.044552789422304784,-0.6406898850288537,0.6427488986186457,1.0,1.0,0.0,0.0,0.0,0.0,0.0,0.0,,,0.0,0.0,0.0,,
57660e2f-8425-445f-bca0-17c6e557f1b0,scale_plus_5pct,295327475,True,1.1994957540215758,1.2594705417226546,0.05997478770107878,4.999999999999999,4.878048780487805,0.0,0.0,0.0,,,59.97478770107879,62.97352708613273,2.9987393850539377,4.9999999999999964,4.878048780487802,0.0,0.0,0.0,,,-6.953877447323573,-6.996256045463449,-0.042378598139875656,0.6094240006514128,-0.6075726538643906,1.0,1.0,0.0,0.0,0.0,0.0,0.0,0.0,,,0.0,0.0,0.0,,
57660e2f-8425-445f-bca0-17c6e557f1b0,scale_plus_10pct,295327475,True,1.1994957540215758,1.3194453294237336,0.11994957540215778,10.000000000000018,9.52380952380954,0.0,0.0,0.0,,,59.97478770107879,65.97226647118669,5.997478770107897,10.00000000000003,9.523809523809552,0.0,0.0,0.0,,,-6.953877447323573,-7.036662817640023,-0.08278537031644984,1.190492224569078,-1.1834477975631665,1.0,1.0,0.0,0.0,0.0,0.0,0.0,0.0,,,0.0,0.0,0.0,,
57660e2f-8425-445f-bca0-17c6e557f1b0,combined_degradation,295327475,True,1.1994957540215758,42.83338400149211,41.63388824747053,3470.949197434312,189.10363564062487,0.0,56.22386539890022,56.22386539890022,,200.0,59.97478770107879,1054.1399079425073,994.1651202414286,1657.6384149894143,178.46728422644728,0.0,0.0718954248366013,0.0718954248366013,,200.0,-6.953877447323573,-7.597196399769042,-0.643318952445469,9.25122648937495,-8.842219608060166,1.0,0.0226633574793744,-0.9773366425206256,-97.73366425206255,-191.1355550920552,0.0,37.24110958314254,37.24110958314254,,200.0,0.0,1.2289654521382436,1.2289654521382436,,200.0
57699afd-a167-4185-8c9c-bf0424673650,frame_thinning_2x,1063597015,True,0.43272214991852365,0.3849785998239497,-0.04774355009457393,-11.03330395810879,-11.67751163481513,0.0,0.3084363134196935,0.3084363134196935,,200.0,4.9334197602734005,2.7186778521489487,-2.2147419081244517,-44.89263058373357,-57.88587705752887,1.0,2.999999999999999,1.9999999999999991,199.99999999999991,99.99999999999999,-5.02640608783671,-4.187172941378844,0.8392331464578664,-16.696485158425784,18.21731042403223,0.8088136385127055,0.7196842927893409,-0.08912934572336462,-11.019762956428497,-11.662344305227819,144.54375483704715,92.28952586909624,-52.25422896795091,-36.15114954420565,-44.12743750553083,0.275924131864964,0.3782894579860271,0.10236532612106308,37.099084240721716,31.294160717260134
57699afd-a167-4185-8c9c-bf0424673650,frame_thinning_3x,1063597015,True,0.43272214991852365,0.3266738432279586,-0.10604830669056503,-24.507251757399672,-27.92964609970204,0.0,0.21567099651169652,0.21567099651169652,,200.0,4.9334197602734005,2.2967166739682687,-2.6367030863051317,-53.44574786717542,-72.93646835812943,1.0,0.6666666666666666,-0.33333333333333337,-33.333333333333336,-40.00000000000001,-5.02640608783671,-2.711508290586501,2.314897797250209,-46.05473089116256,59.83260305141619,0.8088136385127055,0.9479675694680865,0.13915393095538098,17.204696400924384,15.841919337846475,144.54375483704715,30.906765239544082,-113.63698959750306,-78.6177097209166,-129.53736420718036,0.275924131864964,0.18436331778503817,-0.09156081407992583,-33.18332958450161,-39.78418883658363
57699afd-a167-4185-8c9c-bf0424673650,landmark_dropout_5pct,1063597015,True,0.43272214991852365,0.7245512767546964,0.2918291268361728,67.44030248766343,50.433911314301135,0.0,0.6683823953858853,0.6683823953858853,,200.0,4.9334197602734005,20.851046615858436,15.917626855585036,322.64894594541687,123.46679293948594,1.0,2.1999999999999997,1.1999999999999997,119.99999999999997,74.99999999999999,-5.02640608783671,-5.835192555550302,-0.8087864677135919,16.09075059953386,-14.89258615178189,0.8088136385127055,0.588224627434229,-0.2205890110784765,-27.273156704442904,-31.57952311763741,144.54375483704715,141.28377860456712,-3.259976232480028,-2.255355989717574,-2.281079218105446,0.275924131864964,0.43363388736735803,0.15770975550239402,57.15692731782389,44.452955566064006
57699afd-a167-4185-8c9c-bf0424673650,landmark_dropout_10pct,1063597015,True,0.43272214991852365,2.579377748998104,2.1466555990795806,496.0817465627239,142.5354849519882,0.0,1.1021754112063344,1.1021754112063344,,200.0,4.9334197602734005,96.73614471060802,91.80272495033462,1860.8334463971719,180.59037712633716,1.0,2.1999999999999997,1.1999999999999997,119.99999999999997,74.99999999999999,-5.02640608783671,-7.061124054625003,-2.0347179667882926,40.480572624485355,-33.666397399757095,0.8088136385127055,0.39943260879091563,-0.40938102972178986,-50.615000814598524,-67.76450258138749,144.54375483704715,138.03646712692586,-6.50728771012129,-4.501950096327127,-4.605621486808035,0.275924131864964,0.43495385769378053,0.15902972582881653,57.63530893580737,44.74177796038651
57699afd-a167-4185-8c9c-bf0424673650,landmark_dropout_20pct,1063597015,True,0.43272214991852365,0.4347715367837212,0.0020493868651975666,0.4736034117004275,0.47248456020199026,0.0,0.0,0.0,,,4.9334197602734005,4.569465389044443,-0.36395437122895746,-7.377324227703418,-7.6598709867620265,1.0,0.1111111111111111,-0.8888888888888888,-88.88888888888889,-160.0,-5.02640608783671,-4.3492308487680615,0.6771752390686485,-13.472354346922547,14.445423679425799,0.8088136385127055,0.8706775845097087,0.06186394599700318,7.6487268576185565,7.366986519366592,144.54375483704715,338.316941951211,193.77318711416385,134.05849829528503,80.26049268579686,0.275924131864964,0.09138930778088886,-0.18453482408407515,-66.87882746492998,-100.47812258761637
57699afd-a167-4185-8c9c-bf0424673650,jitter_sigma_0p004,1063597015,True,0.43272214991852365,0.7174897027466558,0.28476755282813215,65.80840682219537,49.51567003387966,0.0,0.9799907505819716,0.9799907505819716,,200.0,4.9334197602734005,10.63002137289071,5.696601612617309,115.469631400301,73.20491096893001,1.0,1.2500000000000002,0.2500000000000002,25.00000000000002,22.222222222222243,-5.02640608783671,-5.669633259233827,-0.6432271713971174,12.796959898517724,-12.027389775324384,0.8088136385127055,0.7684618596394647,-0.04035177887324082,-4.9890082154700135,-5.116643087464967,144.54375483704715,222.1231428148692,77.57938797782205,53.671905828987185,42.31600314870507,0.275924131864964,0.3273592174419289,0.05143508557696491,18.64102470099897,17.051717285437512
57699afd-a167-4185-8c9c-bf0424673650,jitter_sigma_0p008,1063597015,True,0.43272214991852365,5.323589070661868,4.890866920743344,1130.2557360801234,169.93059385869037,0.0,4.773111238342516,4.773111238342516,,200.0,4.9334197602734005,122.85850451594762,117.92508475567422,2390.331463486477,184.5579608000585,1.0,0.14285714285714285,-0.8571428571428572,-85.71428571428572,-150.00000000000003,-5.02640608783671,-7.493549430131284,-2.467143342294574,49.08364543534913,-39.41137552372063,0.8088136385127055,0.04814551933073437,-0.7606681191819711,-94.04739027159987,-177.5272747177852,144.54375483704715,109.906360896704,-34.637393940343145,-23.96325872355534,-27.22529234499281,0.275924131864964,0.1838581989291914,-0.09206593293577262,-33.366393984281615,-40.04761678281654
57699afd-a167-4185-8c9c-bf0424673650,scale_minus_10pct,1063597015,True,0.43272214991852365,0.3894499349266713,-0.043272214991852354,-9.999999999999998,-10.52631578947368,0.0,0.0,0.0,,,4.9334197602734005,4.440077784246061,-0.49334197602733987,-9.999999999999996,-10.52631578947368,1.0,1.0,0.0,0.0,0.0,-5.02640608783671,-4.934891106715361,0.0915149811213487,-1.8206841930818882,1.8374109181563045,0.8088136385127055,0.8088136385127086,3.1086244689504383e-15,3.843437252945884e-13,3.843437252945877e-13,144.54375483704715,160.60417204116266,16.06041720411551,11.11111111111053,10.526315789473164,0.275924131864964,0.24833171867846762,-0.027592413186496384,-9.999999999999993,-10.526315789473678
57699afd-a167-4185-8c9c-bf0424673650,scale_minus_5pct,1063597015,True,0.43272214991852365,0.41108604242259744,-0.021636107495926205,-5.000000000000005,-5.128205128205133,0.0,0.0,0.0,,,4.9334197602734005,4.6867487722597305,-0.24667098801366993,-4.999999999999998,-5.128205128205126,1.0,1.0,0.0,0.0,0.0,-5.02640608783671,-4.981853298414406,0.044552789422303896,-0.886374651067613,0.8903204384072712,0.8088136385127055,0.8088136385127168,1.1324274851176597e-14,1.400109285001715e-12,1.4001092850017053e-12,144.54375483704715,152.1513208810763,7.6075660440291415,5.263157894718875,5.128205128188069,0.275924131864964,0.2621279252717158,-0.013796206593248206,-5.000000000000002,-5.12820512820513
57699afd-a167-4185-8c9c-bf0424673650,scale_plus_5pct,1063597015,True,0.43272214991852365,0.4543582574144499,0.02163610749592626,5.000000000000018,4.878048780487822,0.0,0.0,0.0,,,4.9334197602734005,5.180090748287071,0.24667098801367082,5.000000000000016,4.87804878048782,1.0,1.0,0.0,0.0,0.0,-5.02640608783671,-5.068784685976587,-0.042378598139876544,0.8431192665158429,-0.8395799364149849,0.8088136385127055,0.8088136385127116,6.106226635438361e-15,7.549608889715131e-13,7.549608889715102e-13,144.54375483704715,137.66071889240644,-6.88303594464071,-4.761904761918196,-4.878048780501902,0.275924131864964,0.2897203384582122,0.013796206593248206,5.000000000000002,4.8780487804878065
57699afd-a167-4185-8c9c-bf0424673650,scale_plus_10pct,1063597015,True,0.43272214991852365,0.4759943649103761,0.043272214991852465,10.000000000000023,9.523809523809545,0.0,0.0,0.0,,,4.9334197602734005,5.426761736300742,0.49334197602734164,10.000000000000032,9.523809523809554,1.0,1.0,0.0,0.0,0.0,-5.02640608783671,-5.10919145815316,-0.08278537031644984,1.6470091924482653,-1.6335567773052257,0.8088136385127055,0.8088136385127028,-2.6645352591003757e-15,-3.2943747882393295e-13,-3.294374788239335e-13,144.54375483704715,131.4034134882281,-13.14034134881905,-9.090909090906726,-9.523809523806928,0.275924131864964,0.3035165450514605,0.027592413186496467,10.000000000000025,9.523809523809545
57699afd-a167-4185-8c9c-bf0424673650,combined_degradation,1063597015,True,0.43272214991852365,0.6248686354769443,0.19214648555842062,44.40412527868044,36.33664139510647,0.0,0.1462539620426446,0.1462539620426446,,200.0,4.9334197602734005,7.0520825516252295,2.118662791351829,42.94511503789852,35.353758836599155,1.0,2.999999999999999,1.9999999999999991,199.99999999999991,99.99999999999999,-5.02640608783671,-4.684516213540633,0.3418898742960774,-6.801875302582679,7.041347128224591,0.8088136385127055,0.5212104014936405,-0.287603237019065,-35.55865323289144,-43.247825357757094,144.54375483704715,81.97788160850067,-62.56587322854648,-43.28507537325341,-55.24052731588518,0.275924131864964,0.3983482789131477,0.12242414704818372,44.36877130706985,36.312963452532784
59b735c5-5858-4400-acef-0620ed6302ef,frame_thinning_2x,3300531655,True,1.474056713175802,3.558511011909446,2.084454298733644,141.40936913090422,82.83859900557364,0.5405007534013718,19.286074515329325,18.745573761927954,3468.186426006261,189.09542881560958,19.322352949677377,36.596310810883594,17.273957861206217,89.39883204801224,61.78244149456738,0.125,0.07692307692307691,-0.04807692307692309,-38.46153846153847,-47.61904761904763,-5.890854144745315,-5.148465517003174,0.742388627742141,-12.602393634280643,13.449898191000585,0.9468451505536866,0.9903897822680676,0.043544631714381055,4.598917963398499,4.495544755736408,55.0428336338616,0.9582342626332573,-54.08459937122834,-98.25911167835704,-193.15560007245338,0.07225643445501984,0.4634928648350713,0.39123643038005146,541.4554888168459,146.05205490645332
59b735c5-5858-4400-acef-0620ed6302ef,frame_thinning_3x,3300531655,True,1.474056713175802,12.675969941259849,11.201913228084047,759.9377369918101,158.33063077054416,0.5405007534013718,18.72305215549678,18.18255140209541,3364.019622113863,188.77671723471727,19.322352949677377,69.37550126214009,50.05314831246271,259.0427182591054,112.86214025636255,0.125,1.3157894736842102,1.1907894736842102,952.6315789473681,165.296803652968,-5.890854144745315,-5.031491552601218,0.8593625921440973,-14.588081304145936,15.735861434103304,0.9468451505536866,0.12638598298784218,-0.8204591675658444,-86.65188463879913,-152.8951484771843,55.0428336338616,12.500423106799044,-42.54241052706256,-77.28964466119173,-125.9708595053643,0.07225643445501984,3.5528504447439704,3.4805940102889505,4817.002162562624,192.02711127005605
59b735c5-5858-4400-acef-0620ed6302ef,landmark_dropout_5pct,3300531655,True,1.474056713175802,1.474056713175802,0.0,0.0,0.0,0.5405007534013718,0.5405007534013718,0.0,0.0,0.0,19.322352949677377,19.322352949677377,0.0,0.0,0.0,0.125,0.125,0.0,0.0,0.0,-5.890854144745315,-5.890854144745315,0.0,-0.0,0.0,0.9468451505536866,0.9468451505536866,0.0,0.0,0.0,55.0428336338616,55.0428336338616,0.0,0.0,0.0,0.07225643445501984,0.07225643445501984,0.0,0.0,0.0
59b735c5-5858-4400-acef-0620ed6302ef,landmark_dropout_10pct,3300531655,True,1.474056713175802,1.474056713175802,0.0,0.0,0.0,0.5405007534013718,0.5405007534013718,0.0,0.0,0.0,19.322352949677377,19.322352949677377,0.0,0.0,0.0,0.125,0.125,0.0,0.0,0.0,-5.890854144745315,-5.890854144745315,0.0,-0.0,0.0,0.9468451505536866,0.9468451505536866,0.0,0.0,0.0,55.0428336338616,55.0428336338616,0.0,0.0,0.0,0.07225643445501984,0.07225643445501984,0.0,0.0,0.0
59b735c5-5858-4400-acef-0620ed6302ef,landmark_dropout_20pct,3300531655,True,1.474056713175802,1.474056713175802,0.0,0.0,0.0,0.5405007534013718,0.5405007534013718,0.0,0.0,0.0,19.322352949677377,19.322352949677377,0.0,0.0,0.0,0.125,0.125,0.0,0.0,0.0,-5.890854144745315,-5.890854144745315,0.0,-0.0,0.0,0.9468451505536866,0.9468451505536866,0.0,0.0,0.0,55.0428336338616,55.0428336338616,0.0,0.0,0.0,0.07225643445501984,0.07225643445501984,0.0,0.0,0.0
59b735c5-5858-4400-acef-0620ed6302ef,jitter_sigma_0p004,3300531655,True,1.474056713175802,2.62898870359803,1.1549319904222282,78.35058041518423,56.296329828604975,0.5405007534013718,0.6809961146494371,0.14049536124806528,25.993555117902762,23.003802125544425,19.322352949677377,45.727089561603705,26.404736611926328,136.65383652132908,81.1835907966379,0.125,0.19999999999999998,0.07499999999999998,59.999999999999986,46.153846153846146,-5.890854144745315,-6.350374066277409,-0.45951992153209353,7.800565253206764,-7.507742092714434,0.9468451505536866,0.8631329837056032,-0.08371216684808336,-8.841167618499286,-9.25007493334625,55.0428336338616,46.87988088732821,-8.162952746533385,-14.83018261892616,-16.017926494366083,0.07225643445501984,0.26833851524618324,0.1960820807911634,271.3697157492956,115.14092088751298
59b735c5-5858-4400-acef-0620ed6302ef,jitter_sigma_0p008,3300531655,True,1.474056713175802,4.735640038584946,3.261583325409144,221.26579637374877,105.04807097011067,0.5405007534013718,2.3730785662650726,1.832577812863701,339.0518517007214,125.79563566325012,19.322352949677377,119.81765677514852,100.49530382547114,520.0986861548304,144.45205807332985,0.125,0.125,0.0,0.0,0.0,-5.890854144745315,-6.994074537191702,-1.1032203924463868,18.72768134024278,-17.12419866154102,0.9468451505536866,0.7934746083571189,-0.15337054219656765,-16.198059641207557,-17.625558913674112,55.0428336338616,35.751550839092054,-19.291282794769543,-35.04776466105083,-42.494440392436694,0.07225643445501984,0.3785762911849636,0.3063198567299438,423.9343652095512,135.89069262667425
59b735c5-5858-4400-acef-0620ed6302ef,scale_minus_10pct,3300531655,True,1.474056713175802,1.3266510418582218,-0.1474056713175802,-10.0,-10.526315789473685,0.5405007534013718,0.5405007534013718,0.0,0.0,0.0,19.322352949677377,17.390117654709634,-1.932235294967743,-10.000000000000027,-10.526315789473715,0.125,0.125,0.0,0.0,0.0,-5.890854144745315,-5.799339163623966,0.09151498112134959,-1.5535095399192937,1.5656709638125812,0.9468451505536866,0.9468451505536885,1.887379141862766e-15,1.993334539189522e-13,1.99333453918952e-13,55.0428336338616,61.15870403762526,6.115870403763665,11.11111111111341,10.526315789475747,0.07225643445501984,0.06503079100951784,-0.007225643445502,-10.000000000000023,-10.52631578947371
59b735c5-5858-4400-acef-0620ed6302ef,scale_minus_5pct,3300531655,True,1.474056713175802,1.400353877517012,-0.0737028356587901,-5.0,-5.128205128205129,0.5405007534013718,0.5405007534013718,0.0,0.0,0.0,19.322352949677377,18.356235302193504,-0.9661176474838733,-5.000000000000023,-5.128205128205153,0.125,0.125,0.0,0.0,0.0,-5.890854144745315,-5.846301355323011,0.044552789422303896,-0.7563044055681689,0.7591752434743586,0.9468451505536866,0.9468451505536872,6.661338147750939e-16,7.035298373610077e-14,7.035298373610074e-14,55.0428336338616,57.939824877749736,2.896991243888138,5.263157894738088,5.128205128206311,0.07225643445501984,0.06864361273226885,-0.0036128217227509862,-4.999999999999993,-5.12820512820512
59b735c5-5858-4400-acef-0620ed6302ef,scale_plus_5pct,3300531655,True,1.474056713175802,1.5477595488345923,0.07370283565879032,5.000000000000015,4.87804878048782,0.5405007534013718,0.5405007534013718,0.0,0.0,0.0,19.322352949677377,20.288470597161247,0.9661176474838697,5.000000000000004,4.878048780487809,0.125,0.125,0.0,0.0,0.0,-5.890854144745315,-5.933232742885192,-0.042378598139876544,0.7193964932518073,-0.7168181110747744,0.9468451505536866,0.946845150553687,4.440892098500626e-16,4.690198915740051e-14,4.69019891574005e-14,55.0428336338616,52.42174631796124,-2.621087315900361,-4.76190476190874,-4.878048780491979,0.07225643445501984,0.07586925617777082,0.0036128217227509862,4.999999999999993,4.878048780487798
59b735c5-5858-4400-acef-0620ed6302ef,scale_plus_10pct,3300531655,True,1.474056713175802,1.6214623844933824,0.14740567131758042,10.000000000000014,9.523809523809538,0.5405007534013718,0.5405007534013718,0.0,0.0,0.0,19.322352949677377,21.25458824464511,1.9322352949677324,9.999999999999973,9.523809523809499,0.125,0.125,0.0,0.0,0.0,-5.890854144745315,-5.973639515061766,-0.08278537031645072,1.405320319979334,-1.3955145948941714,0.9468451505536866,0.9468451505536902,3.6637359812630166e-15,3.8694141054855424e-13,3.869414105485535e-13,55.0428336338616,50.038939667145044,-5.003893966716554,-9.090909090912476,-9.523809523813238,0.07225643445501984,0.07948207790052182,0.007225643445501986,10.000000000000004,9.523809523809527
59b735c5-5858-4400-acef-0620ed6302ef,combined_degradation,3300531655,True,1.474056713175802,3.6081296420406996,2.1340729288648976,144.77549674917964,83.98247445902585,0.5405007534013718,16.862831201798546,16.322330448397175,3019.853412910293,187.57707421101335,19.322352949677377,32.6013360076291,13.278983057951724,68.723426657898,51.14807258347988,0.125,0.2727272727272727,0.1477272727272727,118.18181818181816,74.28571428571428,-5.890854144745315,-5.016548962216348,0.8743051825289676,-14.841738753774003,16.031408648882543,0.9468451505536866,0.9901213282207455,0.043276177667058935,4.570565487054808,4.468448797775878,55.0428336338616,1.237080443304755,-53.80575319055684,-97.75251315814577,-191.20765933218325,0.07225643445501984,0.6133635081818352,0.5411070737268153,748.8704332119494,157.8446133424149
5f639758-d852-4d8c-9ab6-59ec429710dd,frame_thinning_2x,612094311,True,12.218764660545562,4.410876328640987,-7.807888331904574,-63.90079970290512,-93.9032699140248,4.674097040353284,6.365881135175165,1.6917840948218812,36.194885990086554,30.648323174622593,462.2328543829515,10.946078796428397,-451.28677558652305,-97.6319124240875,-190.74677418719418,1.3095238095238095,0.14285714285714285,-1.1666666666666667,-89.0909090909091,-160.65573770491804,-6.874717818071076,-4.262887032901062,2.6118307851700138,-37.991825327062614,46.90112138323963,0.7428979437441349,0.7524872726719782,0.009589328927843366,1.2908003055593424,1.282522900798157,634.2362165868662,239.09336041759715,-395.14285616926907,-62.302159011941185,-90.49111963541104,0.1079964647489512,0.14133125197519672,0.03333478722624553,30.8665541077994,26.739736491572323
5f639758-d852-4d8c-9ab6-59ec429710dd,frame_thinning_3x,612094311,True,12.218764660545562,4.204997578300005,-8.013767082245558,-65.5857388605089,-97.5874707110817,4.674097040353284,6.409413607914816,1.735316567561532,37.12624176562605,31.31348221030836,462.2328543829515,9.772290943268665,-452.4605634396828,-97.88585107038443,-191.71848778342053,1.3095238095238095,0.35714285714285715,-0.9523809523809523,-72.72727272727272,-114.28571428571426,-6.874717818071076,-3.469443255009993,3.405274563061083,-49.53329944844984,65.8395502352092,0.7428979437441349,0.7353027692064683,-0.00759517453766656,-1.022371188616784,-1.0276242557759296,634.2362165868662,99.87818908481117,-534.358027502055,-84.2522097488686,-145.57895155677937,0.1079964647489512,0.15679413112094762,0.04879766637199642,45.18450347928664,36.85755244568616
5f639758-d852-4d8c-9ab6-59ec429710dd,landmark_dropout_5pct,612094311,True,12.218764660545562,5.83877185226649,-6.379992808279072,-52.21471225221394,-70.66293681590938,4.674097040353284,3.4566183513974464,-1.2174786889558376,-26.04735585172653,-29.94764003647375,462.2328543829515,236.72077274010596,-225.51208164284552,-48.78754928484873,-64.52848168799672,1.3095238095238095,0.1282051282051282,-1.1813186813186813,-90.20979020979021,-164.3312101910828,-6.874717818071076,-6.726686353882862,0.14803146418821456,-2.15327331398381,2.17670855621591,0.7428979437441349,0.9555980941532418,0.21270015040910695,28.63114001058052,25.045704630835097,634.2362165868662,827.2097827132177,192.97356612635144,30.42613478694675,26.40857975166655,0.1079964647489512,0.07448474432981637,-0.03351172041913482,-31.03038650111023,-36.72895482040517
5f639758-d852-4d8c-9ab6-59ec429710dd,landmark_dropout_10pct,612094311,True,12.218764660545562,1.8748839117321368,-10.343880748813424,-84.65569995151682,-146.7878341902168,4.674097040353284,0.9849092407302826,-3.689187799623001,-78.9283527443444,-130.38288407471455,462.2328543829515,45.9609280374765,-416.271926345475,-90.05675870902098,-163.82409259824192,1.3095238095238095,0.1694915254237288,-1.1400322841000807,-87.05701078582435,-154.16098226466576,-6.874717818071076,-5.064543023281712,1.810174794789364,-26.330895939191684,30.323063024465434,0.7428979437441349,0.8544604903932143,0.11156254664907939,15.01721031650926,13.968379828204128,634.2362165868662,988.7520813151208,354.51586472825454,55.89650282604121,43.68680478923131,0.1079964647489512,0.01399859537542528,-0.09399786937352592,-87.03791331691603,-154.10110750007934
5f639758-d852-4d8c-9ab6-59ec429710dd,landmark_dropout_20pct,612094311,True,12.218764660545562,1.8773720526515087,-10.341392607894052,-84.63533667430758,-146.72662188658038,4.674097040353284,0.986786895564934,-3.68731014478835,-78.88818124558344,-130.27329959522493,462.2328543829515,46.09328021653119,-416.1395741664203,-90.02812548275858,-163.72936421783726,1.3095238095238095,0.11290322580645162,-1.1966205837173578,-91.3782991202346,-168.25053995680344,-6.874717818071076,-5.070759151726306,1.8039586663447702,-26.24047581419028,30.203208643838163,0.7428979437441349,0.8573799467922448,0.11448200304810996,15.410192478273876,14.307765385640364,634.2362165868662,1091.5914636381453,457.3552470512791,72.11118430173072,53.00126452852461,0.1079964647489512,0.013988042847873921,-0.09400842190107728,-87.04768449560774,-154.13173976450767
5f639758-d852-4d8c-9ab6-59ec429710dd,jitter_sigma_0p004,612094311,True,12.218764660545562,0.8015290081807708,-11.417235652364791,-93.4401796707902,-175.37600829677208,4.674097040353284,0.8364367477225969,-3.8376602926306873,-82.1048484765867,-139.28452089105826,462.2328543829515,48.04369679405219,-414.18915758889926,-89.60617006374694,-162.33909108052515,1.3095238095238095,0.0,-1.3095238095238095,-100.0,-200.00000000000003,-6.874717818071076,-6.918707180717819,-0.04398936264674269,0.6398715381613339,-0.637830889001174,0.7428979437441349,1.0,0.25710205625586513,34.607991369594494,29.502823981024658,634.2362165868662,0.0,-634.2362165868662,-100.0,-200.0,0.1079964647489512,0.0,-0.1079964647489512,-100.0,-200.0
5f639758-d852-4d8c-9ab6-59ec429710dd,jitter_sigma_0p008,612094311,True,12.218764660545562,2.7312634922852794,-9.487501168260282,-77.64697522078856,-126.92285353942682,4.674097040353284,3.29743808535481,-1.376658954998474,-29.452939104884766,-34.53936872356662,462.2328543829515,119.17309728398335,-343.05975709896813,-74.21795180633123,-118.01040430198206,1.3095238095238095,1.3333333333333333,0.023809523809523725,1.818181818181812,1.8018018018017954,-6.874717818071076,-7.611350524790596,-0.7366327067195195,10.71509734964228,-10.170222717229018,0.7428979437441349,0.5800529540143906,-0.16284498972974426,-21.92023697212312,-24.618448047565845,634.2362165868662,81.19100254707621,-553.04521403979,-87.1986177352021,-154.60558369844432,0.1079964647489512,1.0517014056950176,0.9437049409460664,873.8294750108764,162.7501377724849
5f639758-d852-4d8c-9ab6-59ec429710dd,scale_minus_10pct,612094311,True,12.218764660545562,10.996888194491005,-1.2218764660545567,-10.000000000000005,-10.526315789473689,4.674097040353284,4.674097040353284,0.0,0.0,0.0,462.2328543829515,416.00956894465634,-46.223285438295136,-9.999999999999998,-10.52631578947368,1.3095238095238095,1.3095238095238095,0.0,0.0,0.0,-6.874717818071076,-6.783202836949726,0.09151498112135048,-1.3311816360053592,1.3401012267223644,0.7428979437441349,0.7428979437441351,2.220446049250313e-16,2.988897826341363e-14,2.9888978263413625e-14,634.2362165868662,704.7069073167565,70.4706907298903,11.111111110798335,10.526315789192966,0.1079964647489512,0.09719681827405607,-0.01079964647489512,-10.0,-10.526315789473685
5f639758-d852-4d8c-9ab6-59ec429710dd,scale_minus_5pct,612094311,True,12.218764660545562,11.607826427518285,-0.6109382330272766,-4.999999999999988,-5.128205128205115,4.674097040353284,4.674097040353284,0.0,0.0,0.0,462.2328543829515,439.121211663804,-23.111642719147483,-4.9999999999999805,-5.128205128205108,1.3095238095238095,1.3095238095238095,0.0,0.0,0.0,-6.874717818071076,-6.830165028648771,0.044552789422304784,-0.6480671731018846,0.6501739550873743,0.7428979437441349,0.7428979437441351,2.220446049250313e-16,2.988897826341363e-14,2.9888978263413625e-14,634.2362165868662,667.6170700904532,33.38085350358699,5.26315789458155,5.128205128057698,0.1079964647489512,0.10259664151150363,-0.00539982323744756,-5.0,-5.128205128205129
5f639758-d852-4d8c-9ab6-59ec429710dd,scale_plus_5pct,612094311,True,12.218764660545562,12.829702893572835,0.610938233027273,4.999999999999958,4.878048780487766,4.674097040353284,4.674097040353284,0.0,0.0,0.0,462.2328543829515,485.3444971020989,23.111642719147426,4.999999999999968,4.878048780487775,1.3095238095238095,1.3095238095238095,0.0,0.0,0.0,-6.874717818071076,-6.917096416210952,-0.042378598139875656,0.6164412745564346,-0.6145471135267476,0.7428979437441349,0.7428979437441352,3.3306690738754696e-16,4.4833467395120445e-14,4.4833467395120445e-14,634.2362165868662,604.0344919866977,-30.201724600168518,-4.761904762029942,-4.8780487806191655,0.1079964647489512,0.11339628798639875,0.00539982323744756,5.0,4.878048780487805
5f639758-d852-4d8c-9ab6-59ec429710dd,scale_plus_10pct,612094311,True,12.218764660545562,13.440641126600116,1.221876466054555,9.99999999999999,9.523809523809513,4.674097040353284,4.674097040353284,0.0,0.0,0.0,462.2328543829515,508.45613982124655,46.22328543829508,9.999999999999986,9.523809523809511,1.3095238095238095,1.3095238095238095,0.0,0.0,0.0,-6.874717818071076,-6.957503188387526,-0.08278537031644984,1.2042002669380536,-1.1969931694670772,0.7428979437441349,0.7428979437441354,5.551115123125783e-16,7.472244565853408e-14,7.472244565853404e-14,634.2362165868662,576.5783787138067,-57.65783787305952,-9.090909091149731,-9.523809524073629,0.1079964647489512,0.11879611122384634,0.010799646474895147,10.000000000000025,9.523809523809549
5f639758-d852-4d8c-9ab6-59ec429710dd,combined_degradation,612094311,True,12.218764660545562,5.5052712426872565,-6.713493417858305,-54.944125730943995,-75.75580928081715,4.674097040353284,4.302460987269722,-0.37163605308356207,-7.950969992173559,-8.280145952155591,462.2328543829515,107.91607101916418,-354.3167833637873,-76.65331012369846,-124.28920500512885,1.3095238095238095,0.0975609756097561,-1.2119628339140534,-92.54988913525499,-172.26578621543538,-6.874717818071076,-6.02155482371984,0.8531629943512362,-12.410152924511141,13.231156289089695,0.7428979437441349,0.8316896337130135,0.08879168996887865,11.952071037022527,11.278088464570661,634.2362165868662,604.5712300678308,-29.664986519035438,-4.677277289316143,-4.789281271943177,0.1079964647489512,0.16118396027598075,0.05318749552702956,49.249293160354206,39.518100561809604
663f8c26-38d2-4a43-af41-406c1a9ed3a1,frame_thinning_2x,2915491749,True,14.782535240722204,7.918318774931172,-6.864216465791032,-46.434636238050864,-60.47540291706921,7.459834104957521,5.6451896070293754,-1.8146444979281453,-24.32553421961759,-27.693875841954064,532.4860699539487,97.65404099183654,-434.83202896211213,-81.66073320936226,-138.01122049173074,0.5,0.8846153846153846,0.3846153846153846,76.92307692307692,55.55555555555556,-7.697695490325671,-5.990293007481744,1.7074024828439267,-22.180696612249214,24.94745642308837,0.5794392306165753,0.7595300496289972,0.18009081901242185,31.080190897808052,26.899917969647884,2584.4679280324076,1450.1992163179943,-1134.2687117144133,-43.88790046150614,-56.22613569511867,0.13619481949515982,0.14800194264316768,0.011807123148007859,8.669289472076775,8.309118695913194
663f8c26-38d2-4a43-af41-406c1a9ed3a1,frame_thinning_3x,2915491749,True,14.782535240722204,5.926817698162255,-8.85571754255995,-59.906622229214456,-85.52384585548502,7.459834104957521,5.524320875314904,-1.9355132296426172,-25.945794536588274,-29.81346468188887,532.4860699539487,28.088204877537404,-504.3978650764113,-94.72508175097114,-179.95754986367794,0.5,0.7368421052631581,0.23684210526315808,47.36842105263162,38.29787234042556,-7.697695490325671,-4.918121821937421,2.7795736683882497,-36.10916633272346,44.064900427598765,0.5794392306165753,0.7829336288998378,0.20349439828326243,35.119195858852386,29.873524984268208,2584.4679280324076,1048.3219350693867,-1536.145992963021,-59.43761097985498,-84.57114508965347,0.13619481949515982,0.16197789748457433,0.02578307798941451,18.931026954612474,17.294055774503946
663f8c26-38d2-4a43-af41-406c1a9ed3a1,landmark_dropout_5pct,2915491749,True,14.782535240722204,5.91378737658762,-8.868747864134583,-59.99476896022132,-85.70361052177464,7.459834104957521,3.544684799911081,-3.9151493050464397,-52.4830612847621,-71.15530154279267,532.4860699539487,236.51740737696989,-295.9686625769788,-55.582423518154236,-76.97459668303091,0.5,0.5283018867924529,0.028301886792452935,5.660377358490587,5.504587155963322,-7.697695490325671,-6.76241435017265,0.9352811401530214,-12.150144693674443,12.936017090735875,0.5794392306165753,0.9655132136291138,0.3860739830125385,66.62889956583042,49.978752996638164,2584.4679280324076,7350.386352972376,4765.918424939968,184.40617402315104,95.94339866770459,0.13619481949515982,0.06516603535672334,-0.07102878413843648,-52.15233912840623,-70.54875108737869
663f8c26-38d2-4a43-af41-406c1a9ed3a1,landmark_dropout_10pct,2915491749,True,14.782535240722204,5.911392252154601,-8.871142988567602,-60.010971353072186,-85.73667798557038,7.459834104957521,3.5446848001896463,-3.9151493047678745,-52.4830612810279,-71.15530153592873,532.4860699539487,236.39688734030076,-296.08918261364795,-55.60505698097508,-77.01801159843771,0.5,0.20895522388059704,-0.29104477611940294,-58.20895522388059,-82.10526315789471,-7.697695490325671,-6.762177195653644,0.9355182946720273,-12.153225544551226,12.939509427066136,0.5794392306165753,0.9655361349052596,0.38609690428868426,66.63285533460386,49.98097871395834,2584.4679280324076,6324.838047909774,3740.3701198773665,144.72495786492362,83.96546554754087,0.13619481949515982,0.058515835777496014,-0.07767898371766381,-57.03519708429469,-79.78914518970615
663f8c26-38d2-4a43-af41-406c1a9ed3a1,landmark_dropout_20pct,2915491749,True,14.782535240722204,1.8084796110563501,-12.974055629665854,-87.76610654663322,-156.39857773106675,7.459834104957521,1.0805669272788838,-6.379267177678637,-85.51486652282549,-149.3903425284035,532.4860699539487,44.137723459970815,-488.3483464939779,-91.71100880370673,-169.38196171292063,0.5,0.04761904761904761,-0.4523809523809524,-90.47619047619048,-165.21739130434784,-7.697695490325671,-5.009511187239084,2.6881843030865875,-34.92193613614686,42.30960227998367,0.5794392306165753,0.9108911625898974,0.3314519319733221,57.202190404095965,44.48032912489925,2584.4679280324076,9224.77664099582,6640.308712963413,256.93136451566556,112.4595002525185,0.13619481949515982,0.01187450888443463,-0.1243203106107252,-91.28123306859214,-167.92175931535846
663f8c26-38d2-4a43-af41-406c1a9ed3a1,jitter_sigma_0p004,2915491749,True,14.782535240722204,3.010069836721175,-11.772465404001029,-79.63766168857705,-132.32986797335937,7.459834104957521,4.339747082949723,-3.120087022007798,-41.82515292041558,-52.88470789463964,532.4860699539487,56.33666704361393,-476.14940291033474,-89.4200674491849,-161.7292855701344,0.5,0.04225352112676056,-0.45774647887323944,-91.54929577464789,-168.83116883116884,-7.697695490325671,-6.528753091102825,1.1689423992228463,-15.18561497648163,16.433369052467643,0.5794392306165753,0.47576902275090904,-0.10367020786566628,-17.891472028111018,-19.649241281959977,2584.4679280324076,205.5231154657965,-2378.9448125666113,-92.04775910598109,-170.53422577183574,0.13619481949515982,1.262912826630707,1.1267180071355472,827.2840415751564,161.0623757586391
663f8c26-38d2-4a43-af41-406c1a9ed3a1,jitter_sigma_0p008,2915491749,True,14.782535240722204,0.7459693295458583,-14.036565911176346,-94.95371181330995,-180.7845159546363,7.459834104957521,1.5695493549361503,-5.890284750021371,-78.95999652468025,-130.46925686974276,532.4860699539487,44.713446326425064,-487.7726236275236,-91.60288900509791,-169.0135247412747,0.5,0.0,-0.5,-100.0,-200.0,-7.697695490325671,-6.856310635348662,0.8413848549770089,-10.93034734920921,11.562244068219048,0.5794392306165753,1.0,0.4205607693834247,72.5806516303548,53.254441352485316,2584.4679280324076,0.0,-2584.4679280324076,-100.0,-200.0,0.13619481949515982,0.0,-0.13619481949515982,-100.0,-200.0
663f8c26-38d2-4a43-af41-406c1a9ed3a1,scale_minus_10pct,2915491749,True,14.782535240722204,13.304281716649985,-1.478253524072219,-9.999999999999991,-10.526315789473673,7.459834104957521,7.459834104957521,0.0,0.0,0.0,532.4860699539487,479.23746295855364,-53.24860699539505,-10.000000000000034,-10.52631578947372,0.5,0.5,0.0,0.0,0.0,-7.697695490325671,-7.606180509204321,0.09151498112135048,-1.1888620592535117,1.195971283669066,0.5794392306165753,0.5794392306165752,-1.1102230246251565e-16,-1.9160301304483298e-14,-1.9160301304483298e-14,2584.4679280324076,2871.631031196221,287.1631031638135,11.111111113010983,10.526315791178831,0.13619481949515982,0.12257533754564383,-0.013619481949515996,-10.00000000000001,-10.526315789473696
663f8c26-38d2-4a43-af41-406c1a9ed3a1,scale_minus_5pct,2915491749,True,14.782535240722204,14.043408478686093,-0.7391267620361113,-5.000000000000007,-5.128205128205136,7.459834104957521,7.459834104957521,0.0,0.0,0.0,532.4860699539487,505.86176645625113,-26.624303497697554,-5.000000000000022,-5.128205128205153,0.5,0.5,0.0,0.0,0.0,-7.697695490325671,-7.653142700903366,0.044552789422304784,-0.5787808764103225,0.5804606740987053,0.5794392306165753,0.5794392306165752,-1.1102230246251565e-16,-1.9160301304483298e-14,-1.9160301304483298e-14,2584.4679280324076,2720.4925558582136,136.02462782580596,5.263157896076639,5.128205129477098,0.13619481949515982,0.12938507852040185,-0.006809740974757977,-4.99999999999999,-5.128205128205117
663f8c26-38d2-4a43-af41-406c1a9ed3a1,scale_plus_5pct,2915491749,True,14.782535240722204,15.521662002758317,0.739126762036113,5.000000000000019,4.878048780487823,7.459834104957521,7.459834104957521,0.0,0.0,0.0,532.4860699539487,559.1103734516462,26.624303497697497,5.000000000000012,4.878048780487815,0.5,0.5,0.0,0.0,0.0,-7.697695490325671,-7.740074088465548,-0.042378598139876544,0.5505361727173701,-0.5490248824298724,0.5794392306165753,0.5794392306165753,0.0,0.0,0.0,2584.4679280324076,2461.3980267142415,-123.0699013181661,-4.76190476125819,-4.878048779809308,0.13619481949515982,0.14300456046991783,0.006809740974758005,5.00000000000001,4.8780487804878145
663f8c26-38d2-4a43-af41-406c1a9ed3a1,scale_plus_10pct,2915491749,True,14.782535240722204,16.260788764794423,1.478253524072219,9.999999999999991,9.523809523809515,7.459834104957521,7.459834104957521,0.0,0.0,0.0,532.4860699539487,585.7346769493435,53.248606995394766,9.99999999999998,9.523809523809506,0.5,0.5,0.0,0.0,0.0,-7.697695490325671,-7.780480860642122,-0.08278537031645072,1.075456549567256,-1.0697044463028678,0.5794392306165753,0.579439230616576,6.661338147750939e-16,1.1496180782689976e-13,1.149618078268997e-13,2584.4679280324076,2349.516298222765,-234.95162980964278,-9.090909090464699,-9.5238095233218,0.13619481949515982,0.1498143014446758,0.013619481949515982,10.0,9.523809523809524
663f8c26-38d2-4a43-af41-406c1a9ed3a1,combined_degradation,2915491749,True,14.782535240722204,7.8879033493333655,-6.894631891388839,-46.6403886688925,-60.824865509334984,7.459834104957521,5.515944205516524,-1.9438898994409968,-26.05808483259918,-29.96182352887286,532.4860699539487,127.12129197960473,-405.36477797434395,-76.12683239007573,-122.91093197809973,0.5,0.1395348837209302,-0.3604651162790698,-72.09302325581396,-112.72727272727273,-7.697695490325671,-6.187952354737921,1.5097431355877502,-19.612923601422906,21.745375547954293,0.5794392306165753,0.7227730559096756,0.14333382529310024,24.73664496975467,22.013895395727527,2584.4679280324076,384.6671966021404,-2199.800731430267,-85.11619384284668,-148.1778793547516,0.13619481949515982,0.22467792764013253,0.0884831081449727,64.96804245048196,49.038398630750635
6d81c012-de25-4065-b7ef-1b93ed31c31a,frame_thinning_2x,2099075623,True,7.7290822675246735,6.941203869105409,-0.7878783984192648,-10.193686276696752,-10.741145620220994,1.0241938495589302,0.5218597295446521,-0.5023341200142781,-49.04678154732218,-64.98275697605986,201.73885515776348,120.2708125307667,-81.46804262699678,-40.38292106063915,-50.59974951174339,0.5,0.0,-0.5,-100.0,-200.0,-7.811570164452717,-6.398702625000919,1.4128675394517982,-18.086857183734768,19.88515717306115,0.994965527661576,0.9738549621147617,-0.02111056554681423,-2.1217383879047014,-2.1444886069031552,15.01668385799291,65.06409644973549,50.04741259174258,333.2787256162679,124.9923200034369,0.11297531592281441,6.941203869105409,6.828228553182594,6044.000406113218,193.59385051275174
6d81c012-de25-4065-b7ef-1b93ed31c31a,frame_thinning_3x,2099075623,True,7.7290822675246735,14.438256775795,6.709174508270327,86.80428382112456,60.5320692317574,1.0241938495589302,0.3478366187122199,-0.6763572308467103,-66.03800941960196,-98.59215906465481,201.73885515776348,165.23658694454548,-36.502268213218,-18.093821432996908,-19.89357544150954,0.5,0.25,-0.25,-50.0,-66.66666666666667,-7.811570164452717,-6.351094692850309,1.4604754716024075,-18.69631125184586,20.62430321295513,0.994965527661576,0.9970682478456917,0.002102720184115725,0.21133598357499445,0.2111129048080795,15.01668385799291,0.9147546190569732,-14.101929238935936,-93.90841128635682,-177.032717532074,0.11297531592281441,0.37185958420840565,0.25888426828559125,229.1511788844768,106.79275283834745
6d81c012-de25-4065-b7ef-1b93ed31c31a,landmark_dropout_5pct,2099075623,True,7.7290822675246735,0.9488661457493578,-6.780216121775315,-87.72343063630964,-156.26311194484882,1.0241938495589302,0.21127607125775993,-0.8129177783011703,-79.37147627387667,-131.5965309400333,201.73885515776348,47.44330728746789,-154.2955478702956,-76.48281128076871,-123.84156743499548,0.5,0.33333333333333337,-0.16666666666666663,-33.33333333333333,-39.99999999999999,-7.811570164452717,-6.666476395637711,1.1450937688150056,-14.658944933066879,15.818346267396635,0.994965527661576,0.3230042588220179,-0.6719612688395581,-67.53613569093588,-101.96914614141235,15.01668385799291,161.59347196649188,146.57678810849896,976.0929210111907,165.98908191233014,0.11297531592281441,0.9488661457493578,0.8358908298265434,739.888021554753,157.44173871496687
6d81c012-de25-4065-b7ef-1b93ed31c31a,landmark_dropout_10pct,2099075623,True,7.7290822675246735,0.9488661457493578,-6.780216121775315,-87.72343063630964,-156.26311194484882,1.0241938495589302,0.21127607125775993,-0.8129177783011703,-79.37147627387667,-131.5965309400333,201.73885515776348,47.44330728746789,-154.2955478702956,-76.48281128076871,-123.84156743499548,0.5,0.33333333333333337,-0.16666666666666663,-33.33333333333333,-39.99999999999999,-7.811570164452717,-6.666476395637711,1.1450937688150056,-14.658944933066879,15.818346267396635,0.994965527661576,0.3230042588220179,-0.6719612688395581,-67.53613569093588,-101.96914614141235,15.01668385799291,161.59347196649188,146.57678810849896,976.0929210111907,165.98908191233014,0.11297531592281441,0.9488661457493578,0.8358908298265434,739.888021554753,157.44173871496687
6d81c012-de25-4065-b7ef-1b93ed31c31a,landmark_dropout_20pct,2099075623,True,7.7290822675246735,0.9212205515629376,-6.807861715961736,-88.08111338866667,-157.40169698891057,1.0241938495589302,0.2143347990552824,-0.8098590505036478,-79.0728289231979,-130.77760476672017,201.73885515776348,46.06102757814688,-155.6778275796166,-77.16799396817915,-125.64802360744319,0.5,0.33333333333333337,-0.16666666666666663,-33.33333333333333,-39.99999999999999,-7.811570164452717,-6.663579944104522,1.1479902203481949,-14.696023925794485,15.861531130783098,0.994965527661576,0.39203036273386827,-0.6029351649277077,-60.59859846046726,-86.94116098005247,15.01668385799291,76.28627862824038,61.26959477024747,408.0101529049344,134.21162490644426,0.11297531592281441,0.9212205515629376,0.8082452356401232,715.417548548678,156.3040930737926
6d81c012-de25-4065-b7ef-1b93ed31c31a,jitter_sigma_0p004,2099075623,True,7.7290822675246735,57.33780421222694,49.60872194470227,641.8449206206991,152.48531051240687,1.0241938495589302,13.453386209694505,12.429192360135575,1213.5585822438022,171.70262308017948,201.73885515776348,2246.802461274775,2045.0636061170114,1013.7182569603333,167.04342233412802,0.5,0.05555555555555556,-0.4444444444444444,-88.88888888888889,-160.0,-7.811570164452717,-9.245375194961943,-1.4338050305092258,18.35488897013164,-16.811978936402358,0.994965527661576,0.05205142239966626,-0.9429141052619097,-94.76852001877889,-180.11439169284827,15.01668385799291,41.10485578391754,26.088171925924634,173.72791604744825,92.9702645094309,0.11297531592281441,0.413331499611467,0.3003561836886526,265.8600077682971,114.13729589792426
6d81c012-de25-4065-b7ef-1b93ed31c31a,jitter_sigma_0p008,2099075623,True,7.7290822675246735,0.8815986400342284,-6.847483627490445,-88.593747491362,-159.04627522497947,1.0241938495589302,0.0,-1.0241938495589302,-100.0,-200.0,201.73885515776348,44.07993200171142,-157.65892315605205,-78.15000389129793,-128.27247663033245,0.5,0.0,-0.5,-100.0,-200.0,-7.811570164452717,-6.686421840463656,1.1251483239890607,-14.403612849938336,15.521436673540926,0.994965527661576,1.0,0.005034472338424023,0.5059946499107686,0.5047177275614625,15.01668385799291,0.0,-15.01668385799291,-100.0,-200.0,0.11297531592281441,0.0,-0.11297531592281441,-100.0,-200.0
6d81c012-de25-4065-b7ef-1b93ed31c31a,scale_minus_10pct,2099075623,True,7.7290822675246735,6.956174040772206,-0.7729082267524676,-10.000000000000004,-10.526315789473689,1.0241938495589302,1.0241938495589302,0.0,0.0,0.0,201.73885515776348,181.56496964198712,-20.173885515776362,-10.000000000000007,-10.526315789473692,0.5,0.5,0.0,0.0,0.0,-7.811570164452717,-7.720055183331367,0.09151498112134959,-1.1715311927657912,1.1784340540303613,0.994965527661576,0.9949655276615761,1.1102230246251565e-16,1.1158406937318374e-14,1.1158406937318373e-14,15.01668385799291,16.68520428666046,1.6685204286675521,11.111111111122254,10.526315789483684,0.11297531592281441,0.10167778433053298,-0.011297531592281432,-9.999999999999991,-10.526315789473674
6d81c012-de25-4065-b7ef-1b93ed31c31a,scale_minus_5pct,2099075623,True,7.7290822675246735,7.3426281541484375,-0.38645411337623603,-5.00000000000003,-5.12820512820516,1.0241938495589302,1.0241938495589302,0.0,0.0,0.0,201.73885515776348,191.65191239987524,-10.086942757888238,-5.000000000000031,-5.1282051282051615,0.5,0.5,0.0,0.0,0.0,-7.811570164452717,-7.767017375030413,0.044552789422303896,-0.5703435863003004,0.5719746967995287,0.994965527661576,0.9949655276615758,-2.220446049250313e-16,-2.231681387463675e-14,-2.231681387463675e-14,15.01668385799291,15.807035639997531,0.7903517820046222,5.263157894770107,5.12820512823671,0.11297531592281441,0.10732655012667368,-0.005648765796140737,-5.000000000000014,-5.128205128205143
6d81c012-de25-4065-b7ef-1b93ed31c31a,scale_plus_5pct,2099075623,True,7.7290822675246735,8.115536380900906,0.3864541133762325,4.999999999999984,4.87804878048779,1.0241938495589302,1.0241938495589302,0.0,0.0,0.0,201.73885515776348,211.82579791565158,10.086942757888096,4.999999999999962,4.878048780487768,0.5,0.5,0.0,0.0,0.0,-7.811570164452717,-7.8539487625925934,-0.042378598139876544,0.5425106252354275,-0.5410430173074339,0.994965527661576,0.994965527661576,0.0,0.0,0.0,15.01668385799291,14.301603674290387,-0.715080183702522,-4.761904761828673,-4.878048780407959,0.11297531592281441,0.11862408171895515,0.005648765796140737,5.000000000000014,4.878048780487818
6d81c012-de25-4065-b7ef-1b93ed31c31a,scale_plus_10pct,2099075623,True,7.7290822675246735,8.501990494277143,0.7729082267524694,10.000000000000027,9.523809523809549,1.0241938495589302,1.0241938495589302,0.0,0.0,0.0,201.73885515776348,221.91274067353993,20.173885515776448,10.00000000000005,9.523809523809568,0.5,0.5,0.0,0.0,0.0,-7.811570164452717,-7.894355534769168,-0.08278537031645072,1.059778873819419,-1.054192817435169,0.994965527661576,0.9949655276615758,-2.220446049250313e-16,-2.231681387463675e-14,-2.231681387463675e-14,15.01668385799291,13.65153078000211,-1.365153077990799,-9.090909090852112,-9.523809523746987,0.11297531592281441,0.12427284751509587,0.01129753159228146,10.000000000000016,9.52380952380954
6d81c012-de25-4065-b7ef-1b93ed31c31a,combined_degradation,2099075623,True,7.7290822675246735,0.9197664322284163,-6.809315835296257,-88.09992699789206,-157.46178645698012,1.0241938495589302,1.4265727024608403,0.4023788529019101,39.28737251011562,32.8369793173727,201.73885515776348,22.994160805710404,-178.74469435205307,-88.60201680646568,-159.07292801259308,0.5,0.0,-0.5,-100.0,-200.0,-7.811570164452717,-5.519115145742598,2.292455018710119,-29.34691707874751,34.393655920402665,0.994965527661576,1.0,0.005034472338424023,0.5059946499107686,0.5047177275614625,15.01668385799291,0.0,-15.01668385799291,-100.0,-200.0,0.11297531592281441,0.0,-0.11297531592281441,-100.0,-200.0
710ec72e-e54b-4ace-b3e8-2670fb2657d8,frame_thinning_2x,1682785127,True,3.576465996315504,12.736868019445943,9.16040202313044,256.12999068263304,112.30570053037516,1.1341758923562935,50.309308652317064,49.17513275996077,4335.7589498572015,191.18118920290962,121.34279731585715,196.72664196817266,75.3838446523155,62.1246965784794,47.40087247740843,0.09999999999999999,0.14285714285714285,0.04285714285714286,42.85714285714286,35.294117647058826,-6.408873287096312,-6.6803858137665815,-0.2715125266702696,4.236509515907196,-4.148630943555399,0.8496203098050042,0.9386022019455681,0.08898189214056385,10.473136189621693,9.951993284488452,142.43435640673104,31.619877120951198,-110.81447928577984,-77.80038614373453,-127.33327657687279,0.17395776228260026,0.2187079166835927,0.04475015440099245,25.724724101873825,22.793005244975976
710ec72e-e54b-4ace-b3e8-2670fb2657d8,frame_thinning_3x,1682785127,True,3.576465996315504,16.6446313581166,13.068165361801098,365.3932506352359,129.2527812189855,1.1341758923562935,28.941261527271905,27.807085634915612,2451.7436688894295,184.9155857448498,121.34279731585715,219.37764276279515,98.034845446938,80.79164780728748,57.545620347465814,0.09999999999999999,0.2,0.10000000000000002,100.00000000000003,66.66666666666669,-6.408873287096312,-6.563770679935808,-0.1548973928394961,2.416920820565575,-2.3880620362840888,0.8496203098050042,0.9652361546623603,0.1156158448573561,13.607942691940947,12.741045600131,142.43435640673104,7.625193706053726,-134.80916270067732,-94.64652075635497,-179.67421946734447,0.17395776228260026,0.2367480180189809,0.06279025573638064,36.095115798498114,30.57675774140494
710ec72e-e54b-4ace-b3e8-2670fb2657d8,landmark_dropout_5pct,1682785127,True,3.576465996315504,3.576465996315504,0.0,0.0,0.0,1.1341758923562935,1.1341758923562935,0.0,0.0,0.0,121.34279731585715,121.34279731585715,0.0,0.0,0.0,0.09999999999999999,0.09999999999999999,0.0,0.0,0.0,-6.408873287096312,-6.408873287096312,0.0,-0.0,0.0,0.8496203098050042,0.8496203098050042,0.0,0.0,0.0,142.43435640673104,142.43435640673104,0.0,0.0,0.0,0.17395776228260026,0.17395776228260026,0.0,0.0,0.0
710ec72e-e54b-4ace-b3e8-2670fb2657d8,landmark_dropout_10pct,1682785127,True,3.576465996315504,3.5334966219025508,-0.04296937441295334,-1.2014478666152744,-1.2087088700818684,1.1341758923562935,1.1043685271719066,-0.02980736518438687,-2.628107808080891,-2.6631024092583457,121.34279731585715,130.95170148737202,9.608904171514865,7.918808849035136,7.617212596465761,0.09999999999999999,0.09999999999999999,0.0,0.0,0.0,-6.408873287096312,-6.698185672350211,-0.2893123852538988,4.514247236505724,-4.41460416328387,0.8496203098050042,0.8781730760447476,0.028552766239743343,3.360650152807254,3.305113501832363,142.43435640673104,38.84688674373511,-103.58746966299593,-72.72646310641152,-114.28371503059121,0.17395776228260026,0.0,-0.17395776228260026,-100.0,-200.0
710ec72e-e54b-4ace-b3e8-2670fb2657d8,landmark_dropout_20pct,1682785127,True,3.576465996315504,2.3815704088514296,-1.1948955874640745,-33.40995241378117,-40.11038222015012,1.1341758923562935,0.8131920215488257,-0.3209838708074677,-28.30106626059663,-32.96591964112097,121.34279731585715,78.41155378379557,-42.931243532061586,-35.380133375622535,-42.984038440939095,0.09999999999999999,0.09999999999999999,0.0,0.0,0.0,-6.408873287096312,-6.379500505660326,0.02937278143598565,-0.4583142795961514,0.4593669517639914,0.8496203098050042,0.8576021247017949,0.007981814896790618,0.9394566966769565,0.9350644339554371,142.43435640673104,132.46345146881103,-9.970904937920011,-7.000351031493701,-7.25426296773837,0.17395776228260026,0.0,-0.17395776228260026,-100.0,-200.0
710ec72e-e54b-4ace-b3e8-2670fb2657d8,jitter_sigma_0p004,1682785127,True,3.576465996315504,4.687070220489367,1.1106042241738625,31.053118506313588,26.87963590975298,1.1341758923562935,2.7902134821336424,1.656037589777349,146.0124131484463,84.39721096699732,121.34279731585715,82.37931196663443,-38.96348534922272,-32.11025805495498,-38.251602132387056,0.09999999999999999,1.0,0.9,900.0000000000002,163.63636363636363,-6.408873287096312,-6.695082008865506,-0.286208721769194,4.465819637056164,-4.368279886568196,0.8496203098050042,0.920000878151952,0.07038056834694773,8.283767176316761,7.9543089589928275,142.43435640673104,63.13710541150374,-79.2972509952273,-55.67283975278309,-77.14811218820006,0.17395776228260026,1.353555789915477,1.1795980276328768,678.0945053297363,154.44681664990097
710ec72e-e54b-4ace-b3e8-2670fb2657d8,jitter_sigma_0p008,1682785127,True,3.576465996315504,12.912706237642247,9.336240241326744,261.04652612229484,113.24086023068784,1.1341758923562935,3.910635442116941,2.7764595497606477,244.7997324288429,110.07188834944046,121.34279731585715,487.0871339159071,365.7443366000499,301.4141297962761,120.22562264798572,0.09999999999999999,0.857142857142857,0.757142857142857,757.142857142857,158.2089552238806,-6.408873287096312,-7.644706809589955,-1.2358335224936434,19.283163625373632,-17.587454783639707,0.8496203098050042,0.9002977884934237,0.05067747868841943,5.964720723313498,5.79198292053746,142.43435640673104,67.04863725577145,-75.38571915095959,-52.926640069682705,-71.97311613028914,0.17395776228260026,1.517942592467321,1.3439848301847208,772.5926182019817,158.87281144088115
710ec72e-e54b-4ace-b3e8-2670fb2657d8,scale_minus_10pct,1682785127,True,3.576465996315504,3.218819396683954,-0.3576465996315501,-9.999999999999991,-10.526315789473674,1.1341758923562935,1.1341758923562935,0.0,0.0,0.0,121.34279731585715,109.20851758427146,-12.134279731585693,-9.99999999999998,-10.526315789473665,0.09999999999999999,0.09999999999999999,0.0,0.0,0.0,-6.408873287096312,-6.317358305974962,0.09151498112134959,-1.4279418085173685,1.4382102109657413,0.8496203098050042,0.8496203098049976,-6.661338147750939e-15,-7.840370658370653e-13,-7.840370658370684e-13,142.43435640673104,158.26039600753424,15.826039600803199,11.11111111114994,10.526315789508534,0.17395776228260026,0.15656198605434024,-0.017395776228260024,-9.999999999999998,-10.526315789473681
710ec72e-e54b-4ace-b3e8-2670fb2657d8,scale_minus_5pct,1682785127,True,3.576465996315504,3.3976426964997284,-0.17882329981577572,-5.000000000000014,-5.128205128205143,1.1341758923562935,1.1341758923562935,0.0,0.0,0.0,121.34279731585715,115.27565745006429,-6.067139865792868,-5.000000000000008,-5.128205128205136,0.09999999999999999,0.09999999999999999,0.0,0.0,0.0,-6.408873287096312,-6.364320497674008,0.044552789422303896,-0.6951735106388657,0.6975982698301326,0.8496203098050042,0.8496203098050013,-2.9976021664879227e-15,-3.528166796266794e-13,-3.5281667962667997e-13,142.43435640673104,149.93090148074322,7.496545074012175,5.263157894718377,5.128205128187598,0.17395776228260026,0.16525987416847024,-0.008697888114130026,-5.000000000000007,-5.128205128205136
710ec72e-e54b-4ace-b3e8-2670fb2657d8,scale_plus_5pct,1682785127,True,3.576465996315504,3.7552892961312785,0.17882329981577438,4.999999999999977,4.8780487804877835,1.1341758923562935,1.1341758923562935,0.0,0.0,0.0,121.34279731585715,127.40993718165001,6.0671398657928535,4.9999999999999964,4.878048780487801,0.09999999999999999,0.09999999999999999,0.0,0.0,0.0,-6.408873287096312,-6.451251885236188,-0.042378598139876544,0.6612488067941994,-0.6590697613278385,0.8496203098050042,0.8496203098050041,-1.1102230246251565e-16,-1.3067284430617755e-14,-1.3067284430617757e-14,142.43435640673104,135.651768006417,-6.78258840031404,-4.761904761900208,-4.878048780483027,0.17395776228260026,0.18265565039673026,0.008697888114129998,4.999999999999991,4.878048780487796
710ec72e-e54b-4ace-b3e8-2670fb2657d8,scale_plus_10pct,1682785127,True,3.576465996315504,3.9341125959470555,0.35764659963155143,10.000000000000028,9.523809523809549,1.1341758923562935,1.1341758923562935,0.0,0.0,0.0,121.34279731585715,133.47707704744292,12.134279731585764,10.000000000000039,9.52380952380956,0.09999999999999999,0.09999999999999999,0.0,0.0,0.0,-6.408873287096312,-6.491658657412763,-0.08278537031645072,1.2917304900243791,-1.2834411894416047,0.8496203098050042,0.8496203098049997,-4.551914400963142e-15,-5.357586616553279e-13,-5.357586616553294e-13,142.43435640673104,129.48577855160033,-12.948577855130708,-9.090909090890374,-9.523809523788982,0.17395776228260026,0.1913535385108603,0.017395776228260024,9.999999999999998,9.523809523809524
710ec72e-e54b-4ace-b3e8-2670fb2657d8,combined_degradation,1682785127,True,3.576465996315504,4.999423274837514,1.4229572785220097,39.78668551547669,33.185066493534485,1.1341758923562935,2.488998956583095,1.3548230642268015,119.45440503166623,74.78651297347125,121.34279731585715,114.01713504087806,-7.325662274979095,-6.037162845282266,-6.225071703263055,0.09999999999999999,0.5000000000000001,0.40000000000000013,400.00000000000017,133.33333333333337,-6.408873287096312,-6.140354465309043,0.2685188217872687,-4.189797640841287,4.279447741089897,0.8496203098050042,0.9136922514392471,0.0640719416342429,7.541244117498557,7.26722454571884,142.43435640673104,30.396757314102913,-112.03759909262813,-78.6591114103799,-129.6498028400109,0.17395776228260026,0.39014451698974345,0.21618675470714319,124.27542862728971,76.6480699159771
71551702-b027-418a-a051-cdb8569f6bab,frame_thinning_2x,2309419397,True,0.9985791448513144,14.891313724163188,13.892734579311874,1391.2502229736094,174.86253298035615,0.7012019676920997,33.20811971710196,32.50691774940986,4635.8851297011415,191.72850493194574,12.743792701510136,99.93876220166044,87.19496950015031,684.2152218139717,154.7621449923246,0.423076923076923,1.222222222222222,0.7991452991452991,188.8888888888889,97.14285714285714,-3.9488140483205125,-4.548231000182109,-0.5994169518615964,15.179670263696945,-14.108833092916878,0.6278181606331452,0.7976204206922267,0.1698022600590815,27.0464078146192,23.824563511000164,2108.8653894058866,847.8251753142088,-1261.0402140916779,-59.79709375603819,-85.30079062981406,0.008539273029039843,0.004889763708739651,-0.003649509320300192,-42.73793925887088,-54.35251078036208
71551702-b027-418a-a051-cdb8569f6bab,frame_thinning_3x,2309419397,True,0.9985791448513144,13.672353166014812,12.673774021163497,1269.1807240827752,172.7739417320681,0.7012019676920997,23.842852042593552,23.141650074901452,3300.283105460855,188.57235292265497,12.743792701510136,70.06805986945905,57.32426716794891,449.8210894560142,138.44459552169158,0.423076923076923,1.4545454545454546,1.0314685314685317,243.8016528925621,109.86964618249539,-3.9488140483205125,-4.253287392068434,-0.30447334374792145,7.710500925649268,-7.424276472578793,0.6278181606331452,0.8270194638060273,0.1992013031728821,31.7291400063978,27.384678513476373,2108.8653894058866,289.09420947434313,-1819.7711799315434,-86.29148114779449,-151.77663383330713,0.008539273029039843,0.0033319707427257564,-0.0052073022863140875,-60.98062760852603,-87.72968336643987
71551702-b027-418a-a051-cdb8569f6bab,landmark_dropout_5pct,2309419397,True,0.9985791448513144,0.9980508160643508,-0.0005283287869636277,-0.05290805337640958,-0.05292205339053745,0.7012019676920997,0.6575998453660927,-0.04360212232600702,-6.218197371795292,-6.417730960760751,12.743792701510136,11.833649761804567,-0.9101429397055689,-7.141852986966095,-7.406327497778384,0.423076923076923,0.07246376811594202,-0.350613154960981,-82.87220026350461,-141.50731158605177,-3.9488140483205125,-3.929436797218572,0.01937725110194055,-0.49071065045926826,0.4919175964779686,0.6278181606331452,0.632277418412488,0.004459257779342751,0.7102785581808683,0.7077650066386374,2108.8653894058866,4915.64804191734,2806.7826525114538,133.0944434202216,79.91393795321514,0.008539273029039843,0.008436928162610439,-0.00010234486642940466,-1.1985196641605955,-1.2057452108866713
71551702-b027-418a-a051-cdb8569f6bab,landmark_dropout_10pct,2309419397,True,0.9985791448513144,0.996002299909455,-0.002576844941859391,-0.2580511474874709,-0.25838452960926434,0.7012019676920997,0.4203961654765068,-0.2808058022155929,-40.04635114470981,-50.07244465043706,12.743792701510136,7.76766870821949,-4.9761239932906465,-39.04743360036747,-48.520423717153754,0.423076923076923,0.07246376811594202,-0.350613154960981,-82.87220026350461,-141.50731158605177,-3.9488140483205125,-3.768596835658098,0.18021721266241464,-4.563831329030639,4.670406056428759,0.6278181606331452,0.6628887337753384,0.035070573142193195,5.586103642944169,5.434320261884964,2108.8653894058866,4817.704064868215,2708.8386754623284,128.45005134374497,78.2158814213814,0.008539273029039843,0.008700159542135056,0.00016088651309521286,1.8840773980183059,1.8664942994031288
71551702-b027-418a-a051-cdb8569f6bab,landmark_dropout_20pct,2309419397,True,0.9985791448513144,0.9688223860456978,-0.029756758805616568,-2.979909900886951,-3.0249807513415266,0.7012019676920997,0.28715828688331274,-0.414043680808787,-59.04770663601375,-83.78396012831477,12.743792701510136,7.768049261309456,-4.97574344020068,-39.044447416435574,-48.51581295546123,0.423076923076923,0.07352941176470588,-0.3495475113122171,-82.62032085561498,-140.7744874715262,-3.9488140483205125,-4.008614451445619,-0.059800403125106705,1.5143889378772006,-1.5030082425965683,0.6278181606331452,0.7814348303588632,0.15361666972571797,24.468338024946245,21.801148652178252,2108.8653894058866,15450.294988211888,13341.429598806002,632.6354287868784,151.95976700357483,0.008539273029039843,0.006996574662047661,-0.0015426983669921826,-18.0659215573254,-19.85985441756341
71551702-b027-418a-a051-cdb8569f6bab,jitter_sigma_0p004,2309419397,True,0.9985791448513144,1.2541679589667798,0.2555888141154654,25.595248552233873,22.691301094763617,0.7012019676920997,0.7414068183224736,0.04020485063037382,5.733704764506296,5.57390902095444,12.743792701510136,9.698178560754974,-3.0456141407551627,-23.89880479140451,-27.142126733547588,0.423076923076923,0.5744680851063829,0.1513911620294599,35.78336557059962,30.352748154224777,-3.9488140483205125,-4.4431289040267155,-0.4943148557062029,12.51805857802907,-11.780701048925575,0.6278181606331452,0.44274983844489524,-0.18506832218824998,-29.478013506587853,-34.573856559812825,2108.8653894058866,346.50947058093124,-1762.3559188249553,-83.5689147196564,-143.55086447650743,0.008539273029039843,0.2831006749970507,0.2745614019680109,3215.278408762655,188.2879240833277
71551702-b027-418a-a051-cdb8569f6bab,jitter_sigma_0p008,2309419397,True,0.9985791448513144,1.6451080648479208,0.6465289199966064,64.74488510301032,48.91115088234361,0.7012019676920997,1.4508819610929031,0.7496799934008034,106.91356099131634,69.67014467916673,12.743792701510136,23.585156834546375,10.841364133036238,85.0717238342361,59.68443498359993,0.423076923076923,13.799999999999974,13.37692307692305,3161.818181818176,188.10167658193615,-3.9488140483205125,-5.293312882130011,-1.3444988338094985,34.04816781335483,-29.095009058568692,0.6278181606331452,0.267729361390336,-0.36008879924280923,-57.355588261362975,-80.41757481036673,2108.8653894058866,142.25770328685147,-1966.6076861190352,-93.25430138872312,-174.72235903072072,0.008539273029039843,0.9816161739570504,0.9730769009280105,11395.313132849007,196.5503303324615
71551702-b027-418a-a051-cdb8569f6bab,scale_minus_10pct,2309419397,True,0.9985791448513144,0.8987212303661828,-0.0998579144851316,-10.000000000000016,-10.526315789473703,0.7012019676920997,0.7012019676920997,0.0,0.0,0.0,12.743792701510136,11.469413431359127,-1.2743792701510088,-9.999999999999961,-10.526315789473642,0.423076923076923,0.423076923076923,0.0,0.0,0.0,-3.9488140483205125,-3.857299067199174,0.09151498112133849,-2.317530782698191,2.3447003589889936,0.6278181606331452,0.6278181606331433,-1.887379141862766e-15,-3.006251268614741e-13,-3.006251268614745e-13,2108.8653894058866,2343.183766006608,234.31837660072142,11.111111111114305,10.52631578947655,0.008539273029039843,0.00768534572613586,-0.0008539273029039831,-9.999999999999986,-10.526315789473669
71551702-b027-418a-a051-cdb8569f6bab,scale_minus_5pct,2309419397,True,0.9985791448513144,0.9486501876087489,-0.04992895724256552,-4.9999999999999805,-5.128205128205108,0.7012019676920997,0.7012019676920997,0.0,0.0,0.0,12.743792701510136,12.106603066434634,-0.6371896350755026,-4.999999999999967,-5.128205128205094,0.423076923076923,0.423076923076923,0.0,0.0,0.0,-3.9488140483205125,-3.9042612588982135,0.04455278942229901,-1.1282574686252433,1.13465840271123,0.6278181606331452,0.6278181606331508,5.551115123125783e-15,8.841915495925709e-13,8.84191549592567e-13,2108.8653894058866,2219.8583046415774,110.99291523569082,5.263157894917131,5.1282051283762895,0.008539273029039843,0.008112309377587851,-0.000426963651451992,-4.999999999999998,-5.128205128205126
71551702-b027-418a-a051-cdb8569f6bab,scale_plus_5pct,2309419397,True,0.9985791448513144,1.0485081020938805,0.049928957242566074,5.0000000000000355,4.8780487804878385,0.7012019676920997,0.7012019676920997,0.0,0.0,0.0,12.743792701510136,13.380982336585657,0.6371896350755204,5.000000000000107,4.878048780487907,0.423076923076923,0.423076923076923,0.0,0.0,0.0,-3.9488140483205125,-3.9911926464603846,-0.0423785981398721,1.0731981202785765,-1.0674700858307409,0.6278181606331452,0.627818160633151,5.773159728050814e-15,9.195592115762736e-13,9.195592115762696e-13,2108.8653894058866,2008.4432280086269,-100.42216139725974,-4.76190476176153,-4.8780487803375,0.008539273029039843,0.008966236680491837,0.00042696365145199373,5.000000000000019,4.8780487804878225
71551702-b027-418a-a051-cdb8569f6bab,scale_plus_10pct,2309419397,True,0.9985791448513144,1.098437059336446,0.0998579144851317,10.000000000000027,9.523809523809549,0.7012019676920997,0.7012019676920997,0.0,0.0,0.0,12.743792701510136,14.01817197166116,1.274379270151023,10.000000000000075,9.523809523809591,0.423076923076923,0.423076923076923,0.0,0.0,0.0,-3.9488140483205125,-4.031599418636954,-0.08278537031644184,2.0964616034946406,-2.0747138142456114,0.6278181606331452,0.6278181606331524,7.216449660063518e-15,1.1494490144703421e-12,1.1494490144703357e-12,2108.8653894058866,1917.1503540039687,-191.71503540191793,-9.09090909097466,-9.523809523881486,0.008539273029039843,0.00939320033194383,0.0008539273029039857,10.000000000000016,9.523809523809538
71551702-b027-418a-a051-cdb8569f6bab,combined_degradation,2309419397,True,0.9985791448513144,14.762058805839471,13.763479660988157,1378.306339758127,174.6563775406681,0.7012019676920997,33.14941179797676,32.44820983028466,4627.512660451173,191.71415948264718,12.743792701510136,97.59084789465702,84.84705519314689,665.7912379812373,153.79948624420376,0.423076923076923,0.5384615384615385,0.11538461538461553,27.27272727272731,24.00000000000003,-3.9488140483205125,-4.502932152091611,-0.5541181037710983,14.032519561329373,-13.11251167821576,0.6278181606331452,0.7653165607378197,0.1374984001046745,21.900991198790656,19.73942620127423,2108.8653894058866,509.49470156016497,-1599.3706878457217,-75.84034030243625,-122.1658314579359,0.008539273029039843,0.09349833496924773,0.08495906194020789,994.9214839633801,166.5249972179546
7323bdcf-1706-4d92-b9df-fa360f7b19e4,frame_thinning_2x,3041392656,True,9.959432545364288,6.529526649526028,-3.42990589583826,-34.438768275354626,-41.60245477350853,4.531551419030484,2.8665275312319025,-1.665023887798582,-36.74291062452095,-45.01233087650487,126.3596833855827,89.89630385929233,-36.46337952629037,-28.856814570374855,-33.72242312533199,0.11764705882352941,0.1111111111111111,-0.006535947712418305,-5.55555555555556,-5.714285714285719,-6.077433250849102,-5.8492794645030814,0.22815378634602013,-3.7541142276493766,3.8259291020288986,0.9213166731440879,0.9382360831820329,0.01691941003794495,1.8364380599132892,1.819728962287929,33.78081689369564,12.852751798543002,-20.92806509515264,-61.95251334806633,-89.75536585359272,0.18885395918565875,0.1720094959320416,-0.01684446325361716,-8.919306392225373,-9.335643726031009
7323bdcf-1706-4d92-b9df-fa360f7b19e4,frame_thinning_3x,3041392656,True,9.959432545364288,13.897600896864772,3.938168351500483,39.542095732487695,33.0147363966014,4.531551419030484,39.57988040679776,35.04832898776728,773.4289153286446,158.90814483716522,126.3596833855827,90.18991568648767,-36.16976769909503,-28.624452618106123,-33.405527282511656,0.11764705882352941,0.14285714285714285,0.02521008403361344,21.428571428571423,19.354838709677416,-6.077433250849102,-5.284498753012244,0.7929344978368578,-13.047193858132031,13.957740594951272,0.9213166731440879,0.9743538670158169,0.053037193871729005,5.756673619151396,5.595613029599034,33.78081689369564,4.576529792735133,-29.20428710096051,-86.45228205363729,-152.2748032584421,0.18885395918565875,0.19611671622726387,0.007262757041605117,3.845700176433811,3.7731481930747197
7323bdcf-1706-4d92-b9df-fa360f7b19e4,landmark_dropout_5pct,3041392656,True,9.959432545364288,9.960736353112463,0.0013038077481741794,0.01309118508745811,0.013090328247908364,4.531551419030484,4.531754222515456,0.00020280348497170309,0.004475365415032463,0.0044752652727953375,126.3596833855827,126.3706917961975,0.011008410614806508,0.008711964385993814,0.008711584910906367,0.11764705882352941,0.5833333333333334,0.46568627450980393,395.83333333333337,132.86713286713285,-6.077433250849102,-6.076239874251146,0.0011933765979552646,-0.019636194240200553,0.019638122330123492,0.9213166731440879,0.9203487768195782,-0.000967896324509776,-0.10505576993486185,-0.10511098251084326,33.78081689369564,44.74698815245061,10.966171258754969,32.46271780005869,27.929397115609646,0.18885395918565875,0.33394561883501966,0.1450916596493609,76.82743865947975,55.505652930585214
7323bdcf-1706-4d92-b9df-fa360f7b19e4,landmark_dropout_10pct,3041392656,True,9.959432545364288,9.960736353112463,0.0013038077481741794,0.01309118508745811,0.013090328247908364,4.531551419030484,4.531754222515456,0.00020280348497170309,0.004475365415032463,0.0044752652727953375,126.3596833855827,126.3706917961975,0.011008410614806508,0.008711964385993814,0.008711584910906367,0.11764705882352941,0.5833333333333334,0.46568627450980393,395.83333333333337,132.86713286713285,-6.077433250849102,-6.076239874251146,0.0011933765979552646,-0.019636194240200553,0.019638122330123492,0.9213166731440879,0.9203487768195782,-0.000967896324509776,-0.10505576993486185,-0.10511098251084326,33.78081689369564,44.74698815245061,10.966171258754969,32.46271780005869,27.929397115609646,0.18885395918565875,0.33394561883501966,0.1450916596493609,76.82743865947975,55.505652930585214
7323bdcf-1706-4d92-b9df-fa360f7b19e4,landmark_dropout_20pct,3041392656,True,9.959432545364288,12.694592664954055,2.735160119589766,27.463011643799646,24.147232945992915,4.531551419030484,1.1637565566946273,-3.367794862335857,-74.31880499452413,-118.26559254355611,126.3596833855827,279.5876996084907,153.22801622290802,121.26337461240499,75.4915649869555,0.11764705882352941,0.1111111111111111,-0.006535947712418305,-5.55555555555556,-5.714285714285719,-6.077433250849102,-7.925583815002266,-1.8481505641531646,30.410051215205897,-26.396462354676125,0.9213166731440879,0.9221718938042447,0.0008552206601567525,0.09282591806769587,0.09278285479930744,33.78081689369564,69.18975531543421,35.40893842173857,104.81966298555312,68.77486967795842,0.18885395918565875,0.1683443187877066,-0.020509640397952167,-10.860053178863742,-11.483616614457182
7323bdcf-1706-4d92-b9df-fa360f7b19e4,jitter_sigma_0p004,3041392656,True,9.959432545364288,8.069304570788592,-1.8901279745756963,-18.978269755493994,-20.967946477873177,4.531551419030484,3.5601625482595676,-0.9713888707709168,-21.43612156074229,-24.00947128624812,126.3596833855827,122.54057611386561,-3.819107271717087,-3.022409655826058,-3.068785287245192,0.11764705882352941,2.6000000000000005,2.482352941176471,2110.0000000000005,182.6839826839827,-6.077433250849102,-6.652395895365339,-0.574962644516237,9.460616361946991,-9.03331282631107,0.9213166731440879,0.9167627472391995,-0.004553925904888456,-0.49428454272380806,-0.4955091553050351,33.78081689369564,54.59339185757406,20.81257496387842,61.610632535539935,47.101015687632724,0.18885395918565875,2.000027392626158,1.8111734334404992,959.0338700074426,165.4884977608608
7323bdcf-1706-4d92-b9df-fa360f7b19e4,jitter_sigma_0p008,3041392656,True,9.959432545364288,1.0271751317822477,-8.932257413582041,-89.68640906895489,-162.6026463502872,4.531551419030484,2.201163559749125,-2.3303878592813594,-51.425828458985926,-69.22579870457466,126.3596833855827,51.35875658911239,-75.00092679647031,-59.35510820140889,-84.4042146747963,0.11764705882352941,0.0,-0.11764705882352941,-100.0,-200.0,-6.077433250849102,-6.819169010249082,-0.7417357593999805,12.204753697563849,-11.502808947398202,0.9213166731440879,1.0,0.07868332685591206,8.540312918401565,8.190563060815249,33.78081689369564,0.0,-33.78081689369564,-100.0,-200.0,0.18885395918565875,0.0,-0.18885395918565875,-100.0,-200.0
7323bdcf-1706-4d92-b9df-fa360f7b19e4,scale_minus_10pct,3041392656,True,9.959432545364288,8.96348929082786,-0.995943254536428,-9.999999999999991,-10.526315789473674,4.531551419030484,4.531551419030484,0.0,0.0,0.0,126.3596833855827,113.72371504702436,-12.635968338558342,-10.000000000000057,-10.526315789473747,0.11764705882352941,0.11764705882352941,0.0,0.0,0.0,-6.077433250849102,-5.985918269727751,0.09151498112135048,-1.5058163100115425,1.517239731682367,0.9213166731440879,0.9213166731440883,3.3306690738754696e-16,3.615118635060862e-14,3.6151186350608614e-14,33.78081689369564,37.534240992980294,3.7534240992846506,11.111111111067105,10.52631578943419,0.18885395918565875,0.16996856326709292,-0.018885395918565834,-9.999999999999979,-10.52631578947366
7323bdcf-1706-4d92-b9df-fa360f7b19e4,scale_minus_5pct,3041392656,True,9.959432545364288,9.461460918096076,-0.4979716272682122,-4.999999999999978,-5.128205128205105,4.531551419030484,4.531551419030484,0.0,0.0,0.0,126.3596833855827,120.04169921630354,-6.317984169279157,-5.000000000000018,-5.128205128205146,0.11764705882352941,0.11764705882352941,0.0,0.0,0.0,-6.077433250849102,-6.032880461426797,0.044552789422304784,-0.7330856232124005,0.7357825813734754,0.9213166731440879,0.921316673144088,1.1102230246251565e-16,1.2050395450202873e-14,1.2050395450202873e-14,33.78081689369564,35.55875462493105,1.7779377312354043,5.263157894702104,5.12820512817215,0.18885395918565875,0.1794112612263758,-0.009442697959282959,-5.000000000000011,-5.128205128205139
7323bdcf-1706-4d92-b9df-fa360f7b19e4,scale_plus_5pct,3041392656,True,9.959432545364288,10.457404172632502,0.497971627268214,4.999999999999996,4.8780487804878,4.531551419030484,4.531551419030484,0.0,0.0,0.0,126.3596833855827,132.67766755486184,6.317984169279143,5.000000000000006,4.878048780487812,0.11764705882352941,0.11764705882352941,0.0,0.0,0.0,-6.077433250849102,-6.119811848988977,-0.042378598139875656,0.6973107953749188,-0.6948880307478325,0.9213166731440879,0.9213166731440882,2.220446049250313e-16,2.4100790900405745e-14,2.4100790900405745e-14,33.78081689369564,32.17220656542541,-1.608610328270231,-4.761904761901832,-4.878048780484729,0.18885395918565875,0.19829665714494168,0.00944269795928293,4.9999999999999964,4.878048780487801
7323bdcf-1706-4d92-b9df-fa360f7b19e4,scale_plus_10pct,3041392656,True,9.959432545364288,10.955375799900716,0.995943254536428,9.999999999999991,9.523809523809515,4.531551419030484,4.531551419030484,0.0,0.0,0.0,126.3596833855827,138.995651724141,12.6359683385583,10.000000000000025,9.523809523809547,0.11764705882352941,0.11764705882352941,0.0,0.0,0.0,-6.077433250849102,-6.160218621165551,-0.08278537031644984,1.362176545581699,-1.3529616822286856,0.9213166731440879,0.9213166731440879,0.0,0.0,0.0,33.78081689369564,30.709833539724603,-3.070983353971041,-9.090909090905273,-9.523809523805333,0.18885395918565875,0.20773935510422464,0.01888539591856589,10.000000000000007,9.523809523809529
7323bdcf-1706-4d92-b9df-fa360f7b19e4,combined_degradation,3041392656,True,9.959432545364288,6.750813279820729,-3.2086192655435593,-32.21688837118578,-38.403016916814664,4.531551419030484,3.1981330076490426,-1.3334184113814418,-29.42520757420256,-34.501238026718354,126.3596833855827,88.2609825205996,-38.0987008649831,-30.150994244521872,-35.503292009761346,0.11764705882352941,0.4285714285714285,0.31092436974789905,264.28571428571416,113.84615384615381,-6.077433250849102,-5.8099414919220065,0.2674917589270951,-4.401393612833556,4.500434531850876,0.9213166731440879,0.9406020239725823,0.019285350828494363,2.093238013665933,2.071556707428661,33.78081689369564,57.7941942388758,24.013377345180153,71.08583969638003,52.44526219148679,0.18885395918565875,0.36081733854373377,0.171963379358075,91.0562744353276,62.56953203430096
7473617c-26a8-428f-9ba6-fc51dd7d2156,frame_thinning_2x,1067339653,True,4.09712333168003,2.8616327227918754,-1.2354906088881545,-30.155074887177978,-35.508950140426066,0.15309083978092833,0.03607634601025256,-0.11701449377067577,-76.43468017950813,-123.71542483044232,53.3326760773346,34.66236000344859,-18.670316073886006,-35.00727405242758,-42.43493020844008,0.08333333333333333,0.7499999999999998,0.6666666666666664,799.9999999999998,159.99999999999997,-6.20516364490274,-5.273981300003365,0.9311823448993746,-15.006571916347422,16.22389732630023,0.9990869569575275,0.9997283822102222,0.0006414252526947273,0.06420114367702581,0.0641805413562414,3.3767143862301507,0.4906637214961135,-2.886050664734037,-85.46919681756374,-149.25102145912618,0.04089144109882623,0.672045175884885,0.6311537347860587,1543.4861619591481,177.05746057941053
7473617c-26a8-428f-9ba6-fc51dd7d2156,frame_thinning_3x,1067339653,True,4.09712333168003,6.408911869429191,2.3117885377491607,56.42467532948805,44.00877197717905,0.15309083978092833,0.007061896419437627,-0.1460289433614907,-95.38712020291798,-182.36209611654078,53.3326760773346,52.865337979590045,-0.4673380977445518,-0.87626973202487,-0.8801258703275704,0.08333333333333333,0.16666666666666666,0.08333333333333333,100.0,66.66666666666666,-6.20516364490274,-5.396668396105196,0.8084952487975441,-13.029394469905501,13.93737206227137,0.9990869569575275,0.9999569284816239,0.0008699715240964023,0.0870766571456088,0.08703876192345686,3.3767143862301507,0.1003056739752141,-3.276408712254937,-97.02948894984281,-188.46073105838917,0.04089144109882623,0.3254868369993311,0.28459539590050487,695.9779069969584,155.35604205457736
7473617c-26a8-428f-9ba6-fc51dd7d2156,landmark_dropout_5pct,1067339653,True,4.09712333168003,4.09712333168003,0.0,0.0,0.0,0.15309083978092833,0.15309083978092833,0.0,0.0,0.0,53.3326760773346,53.3326760773346,0.0,0.0,0.0,0.08333333333333333,0.08333333333333333,0.0,0.0,0.0,-6.20516364490274,-6.20516364490274,0.0,-0.0,0.0,0.9990869569575275,0.9990869569575275,0.0,0.0,0.0,3.3767143862301507,3.3767143862301507,0.0,0.0,0.0,0.04089144109882623,0.04089144109882623,0.0,0.0,0.0
7473617c-26a8-428f-9ba6-fc51dd7d2156,landmark_dropout_10pct,1067339653,True,4.09712333168003,4.101611143420277,0.0044878117402467055,0.10953567605704642,0.10947571857281792,0.15309083978092833,0.14684422339670825,-0.006246616384220083,-4.08033321468413,-4.165312530012887,53.3326760773346,61.575301748515685,8.242625671181088,15.455113595329323,14.346481118435948,0.08333333333333333,0.08333333333333333,0.0,0.0,0.0,-6.20516364490274,-6.57232988433213,-0.3671662394293902,5.917108080316312,-5.747077681382735,0.9990869569575275,0.9989220636164391,-0.00016489334108837905,-0.016504403339477173,-0.01650576542852747,3.3767143862301507,10.183953372297209,6.807238986067058,201.59356722102964,100.39681094297823,0.04089144109882623,0.0,-0.04089144109882623,-100.0,-200.0
7473617c-26a8-428f-9ba6-fc51dd7d2156,landmark_dropout_20pct,1067339653,True,4.09712333168003,4.1260458745506225,0.028922542870592594,0.7059231692381804,0.7034402952253039,0.15309083978092833,0.15317161861275744,8.077883182910917e-05,0.052765294085983835,0.052751376876412216,53.3326760773346,61.557738126980986,8.22506204964639,15.422181399110196,14.318099741583897,0.08333333333333333,0.08333333333333333,0.0,0.0,0.0,-6.20516364490274,-6.574377101746275,-0.3692134568435348,5.9501002386428095,-5.7781960113136,0.9990869569575275,0.998908710124364,-0.00017824683316347567,-0.01784097289251802,-0.01784256453606913,3.3767143862301507,10.955694423500782,7.5789800372706315,224.4483592742351,105.76003151856669,0.04089144109882623,0.0,-0.04089144109882623,-100.0,-200.0
7473617c-26a8-428f-9ba6-fc51dd7d2156,jitter_sigma_0p004,1067339653,True,4.09712333168003,1.8233913229052396,-2.2737320087747905,-55.49581559319192,-76.80859321964013,0.15309083978092833,1.363029965707846,1.2099391259269177,790.3406419733083,159.60985714945738,53.3326760773346,41.80615938304117,-11.526516694293427,-21.612485144340965,-24.23093921323872,0.08333333333333333,1.2500000000000002,1.166666666666667,1400.0000000000005,175.00000000000003,-6.20516364490274,-6.444977550775534,-0.2398139058727944,3.864747484456604,-3.7914818840871614,0.9990869569575275,0.9532965988884639,-0.04579035806906362,-4.583220484481836,-4.69071335209255,3.3767143862301507,622.8773504571103,619.5006360708802,18346.255122942344,197.8432303591835,0.04089144109882623,0.18526558950119956,0.14437414840237334,353.06691210380825,127.67602052372975
7473617c-26a8-428f-9ba6-fc51dd7d2156,jitter_sigma_0p008,1067339653,True,4.09712333168003,2.187754878581287,-1.9093684530987431,-46.60265992812583,-60.760714502989686,0.15309083978092833,2.7137750735748365,2.560684233793908,1672.6567294674358,178.63997209388418,53.3326760773346,47.76718966330531,-5.565486414029287,-10.435415627670924,-11.009878941495144,0.08333333333333333,1.2500000000000002,1.166666666666667,1400.0000000000005,175.00000000000003,-6.20516364490274,-6.803350664724451,-0.5981870198217107,9.640148980004648,-9.196853777206693,0.9990869569575275,0.5383437650895889,-0.46074319186793855,-46.11642546821131,-59.93677441991673,3.3767143862301507,172.64468534691076,169.2679709606806,5012.800953818769,192.32658212842426,0.04089144109882623,0.6041095347919685,0.5632180936931422,1377.3495835765718,174.6410051288049
7473617c-26a8-428f-9ba6-fc51dd7d2156,scale_minus_10pct,1067339653,True,4.09712333168003,3.687410998512027,-0.4097123331680028,-9.999999999999995,-10.526315789473678,0.15309083978092833,0.15309083978092833,0.0,0.0,0.0,53.3326760773346,47.999408469601136,-5.333267607733461,-10.000000000000004,-10.526315789473687,0.08333333333333333,0.08333333333333333,0.0,0.0,0.0,-6.20516364490274,-6.11364866378139,0.09151498112134959,-1.4748197849145364,1.4857760444460417,0.9990869569575275,0.9990869569575277,2.220446049250313e-16,2.2224752648279318e-14,2.222475264827931e-14,3.3767143862301507,3.751904873592138,0.3751904873619871,11.111111111202367,10.526315789555587,0.04089144109882623,0.03680229698894361,-0.00408914410988262,-9.999999999999991,-10.526315789473674
7473617c-26a8-428f-9ba6-fc51dd7d2156,scale_minus_5pct,1067339653,True,4.09712333168003,3.892267165096028,-0.20485616658400208,-5.000000000000014,-5.128205128205143,0.15309083978092833,0.15309083978092833,0.0,0.0,0.0,53.3326760773346,50.66604227346785,-2.6666338038667448,-5.000000000000028,-5.128205128205158,0.08333333333333333,0.08333333333333333,0.0,0.0,0.0,-6.20516364490274,-6.160610855480436,0.044552789422303896,-0.7179953982180951,0.720582271994744,0.9990869569575275,0.9990869569575276,1.1102230246251565e-16,1.1112376324139659e-14,1.1112376324139656e-14,3.3767143862301507,3.5544361960326762,0.1777218098025255,5.263157894764639,5.128205128231518,0.04089144109882623,0.038846869043884916,-0.002044572054941317,-5.000000000000012,-5.128205128205141
7473617c-26a8-428f-9ba6-fc51dd7d2156,scale_plus_5pct,1067339653,True,4.09712333168003,4.301979498264032,0.20485616658400208,5.000000000000014,4.878048780487818,0.15309083978092833,0.15309083978092833,0.0,0.0,0.0,53.3326760773346,55.999309881201334,2.6666338038667377,5.000000000000015,4.878048780487819,0.08333333333333333,0.08333333333333333,0.0,0.0,0.0,-6.20516364490274,-6.247542243042616,-0.042378598139876544,0.6829569784946549,-0.6806327640147748,0.9990869569575275,0.9990869569575276,1.1102230246251565e-16,1.1112376324139659e-14,1.1112376324139656e-14,3.3767143862301507,3.215918463076927,-0.16079592315322389,-4.761904761887205,-4.878048780469381,0.04089144109882623,0.04293601315376755,0.002044572054941317,5.000000000000012,4.878048780487817
7473617c-26a8-428f-9ba6-fc51dd7d2156,scale_plus_10pct,1067339653,True,4.09712333168003,4.506835664848033,0.40971233316800326,10.000000000000005,9.523809523809527,0.15309083978092833,0.15309083978092833,0.0,0.0,0.0,53.3326760773346,58.66594368506805,5.333267607733454,9.99999999999999,9.523809523809515,0.08333333333333333,0.08333333333333333,0.0,0.0,0.0,-6.20516364490274,-6.287949015219191,-0.08278537031645072,1.3341367779148765,-1.3252961462630843,0.9990869569575275,0.9990869569575276,1.1102230246251565e-16,1.1112376324139659e-14,1.1112376324139656e-14,3.3767143862301507,3.0697403511185226,-0.30697403511162813,-9.090909090903057,-9.5238095238029,0.04089144109882623,0.044980585208708866,0.004089144109882634,10.000000000000025,9.523809523809547
7473617c-26a8-428f-9ba6-fc51dd7d2156,combined_degradation,1067339653,True,4.09712333168003,5.54090335495324,1.4437800232732103,35.238871432293124,29.96007523564033,0.15309083978092833,0.170923113321747,0.017832273540818677,11.648164949866697,11.00710223745697,53.3326760773346,77.99767392510962,24.664997847775027,46.24744089722735,37.5617636704935,0.08333333333333333,0.33333333333333337,0.25000000000000006,300.0000000000001,120.00000000000003,-6.20516364490274,-6.030715833728199,0.17444781117454067,-2.8113329665018845,2.851414342208926,0.9990869569575275,0.995474986654267,-0.0036119703032604367,-0.3615271201477597,-0.3621818128866738,3.3767143862301507,10.798536164495538,7.421821778265387,219.794182431618,104.71521122969405,0.04089144109882623,0.3864417021255347,0.34555026102670844,845.0430010318889,161.72406306677956
74790585-e2d8-469c-bb0a-b5ca9d31a966,frame_thinning_2x,3360943254,True,2.682810862167455,12.752833109552094,10.070022247384639,375.35341717116137,130.47751380939405,1.6246684795447273,13.655024820565183,12.030356341020456,740.4806883673685,157.46855783988698,61.84326021134403,169.9401566680248,108.09689645668077,174.79171713662717,93.27405550582557,0.33333333333333337,0.2,-0.13333333333333336,-40.0,-50.0,-6.836906866939281,-6.582506106986868,0.2544007599524134,-3.7209920349010472,3.7915333621032867,0.8887499229900654,0.8735372928199366,-0.01521263017012875,-1.7116884937607806,-1.7264643394847021,12.144190696799338,5.879219579241682,-6.264971117557656,-51.58821426617436,-69.52037402029117,1.2368652042268806,0.7236768648142838,-0.5131883394125968,-41.491048309776986,-52.35167839714656
74790585-e2d8-469c-bb0a-b5ca9d31a966,frame_thinning_3x,3360943254,True,2.682810862167455,13.070116453466412,10.387305591298956,387.1799439080474,131.8777822454644,1.6246684795447273,36.73830128964379,35.11363281009906,2161.2798704594047,183.0600343057946,61.84326021134403,151.2342696247818,89.39100941343777,144.5444646804707,83.9046796555102,0.33333333333333337,0.25,-0.08333333333333337,-25.000000000000007,-28.571428571428584,-6.836906866939281,-6.322291160938031,0.5146157060012504,-7.527025247188009,7.821384022203398,0.8887499229900654,0.9027737443668481,0.014023821376782708,1.577926592623679,1.5655747822156831,12.144190696799338,6.512349640682093,-5.631841056117246,-46.3747745463314,-60.37390592512744,1.2368652042268806,1.3657507976090908,0.12888559338221017,10.420342729486991,9.904311146268986
74790585-e2d8-469c-bb0a-b5ca9d31a966,landmark_dropout_5pct,3360943254,True,2.682810862167455,2.682810862167455,0.0,0.0,0.0,1.6246684795447273,1.6246684795447273,0.0,0.0,0.0,61.84326021134403,61.84326021134403,0.0,0.0,0.0,0.33333333333333337,0.33333333333333337,0.0,0.0,0.0,-6.836906866939281,-6.836906866939281,0.0,-0.0,0.0,0.8887499229900654,0.8887499229900654,0.0,0.0,0.0,12.144190696799338,12.144190696799338,0.0,0.0,0.0,1.2368652042268806,1.2368652042268806,0.0,0.0,0.0
74790585-e2d8-469c-bb0a-b5ca9d31a966,landmark_dropout_10pct,3360943254,True,2.682810862167455,2.682810862167455,0.0,0.0,0.0,1.6246684795447273,1.6246684795447273,0.0,0.0,0.0,61.84326021134403,61.84326021134403,0.0,0.0,0.0,0.33333333333333337,0.33333333333333337,0.0,0.0,0.0,-6.836906866939281,-6.836906866939281,0.0,-0.0,0.0,0.8887499229900654,0.8887499229900654,0.0,0.0,0.0,12.144190696799338,12.144190696799338,0.0,0.0,0.0,1.2368652042268806,1.2368652042268806,0.0,0.0,0.0
74790585-e2d8-469c-bb0a-b5ca9d31a966,landmark_dropout_20pct,3360943254,True,2.682810862167455,4.388187375077927,1.705376512910472,63.56678128001505,48.23580647857234,1.6246684795447273,1.7223838709152237,0.09771539137049645,6.01448188358272,5.838892323095481,61.84326021134403,147.52261556453064,85.67935535318661,138.5427531801926,81.84653304715809,0.33333333333333337,0.14285714285714285,-0.19047619047619052,-57.14285714285715,-80.00000000000001,-6.836906866939281,-7.198466622184758,-0.36155975524547657,5.288352792895922,-5.152121609384288,0.8887499229900654,0.8021545024305227,-0.08659542055954272,-9.743508080226377,-10.24249735912819,12.144190696799338,64.52019009700848,52.37599940020914,431.2843952130387,136.63711584934512,1.2368652042268806,0.5846736565320045,-0.6521915476948761,-52.72939569049784,-71.60885356276852
74790585-e2d8-469c-bb0a-b5ca9d31a966,jitter_sigma_0p004,3360943254,True,2.682810862167455,1.2797403567977979,-1.4030705053696573,-52.2985248477826,-70.81652338798251,1.6246684795447273,1.1773160093441426,-0.44735247020058466,-27.535000268235894,-31.93111681913577,61.84326021134403,63.987017839889894,2.1437576285458633,3.4664369588856667,3.4073796255508486,0.33333333333333337,0.0,-0.33333333333333337,-100.0,-200.0,-6.836906866939281,-7.010123748752059,-0.1732168818127775,2.5335562584652047,-2.5018632025914576,0.8887499229900654,1.0,0.11125007700993461,12.517590621628463,11.780286596524697,12.144190696799338,0.0,-12.144190696799338,-100.0,-199.99999999999997,1.2368652042268806,0.0,-1.2368652042268806,-100.0,-200.0
74790585-e2d8-469c-bb0a-b5ca9d31a966,jitter_sigma_0p008,3360943254,True,2.682810862167455,1.446767562559281,-1.236043299608174,-46.072696254463835,-59.862928971495,1.6246684795447273,1.5567139474793934,-0.06795453206533386,-4.182670675335341,-4.272012788409021,61.84326021134403,72.33837812796405,10.495117916620018,16.97051203438152,15.643150652372839,0.33333333333333337,0.0,-0.33333333333333337,-100.0,-200.0,-6.836906866939281,-7.116677543429468,-0.2797706764901866,4.092065051274177,-4.010018763097061,0.8887499229900654,1.0,0.11125007700993461,12.517590621628463,11.780286596524697,12.144190696799338,0.0,-12.144190696799338,-100.0,-199.99999999999997,1.2368652042268806,0.0,-1.2368652042268806,-100.0,-200.0
74790585-e2d8-469c-bb0a-b5ca9d31a966,scale_minus_10pct,3360943254,True,2.682810862167455,2.4145297759507103,-0.26828108621674485,-9.999999999999975,-10.526315789473657,1.6246684795447273,1.6246684795447273,0.0,0.0,0.0,61.84326021134403,55.65893419020963,-6.184326021134403,-10.0,-10.526315789473685,0.33333333333333337,0.33333333333333337,0.0,0.0,0.0,-6.836906866939281,-6.745391885817932,0.09151498112134959,-1.338543626561329,1.3475624824225283,0.8887499229900654,0.8887499229900658,4.440892098500626e-16,4.9967847913391804e-14,4.9967847913391785e-14,12.144190696799338,13.493545218665922,1.3493545218665837,11.111111111111033,10.526315789473616,1.2368652042268806,1.1131786838041926,-0.12368652042268802,-9.999999999999996,-10.526315789473681
74790585-e2d8-469c-bb0a-b5ca9d31a966,scale_minus_5pct,3360943254,True,2.682810862167455,2.5486703190590827,-0.13414054310837242,-4.999999999999988,-5.128205128205114,1.6246684795447273,1.6246684795447273,0.0,0.0,0.0,61.84326021134403,58.75109720077683,-3.092163010567198,-4.999999999999994,-5.1282051282051215,0.33333333333333337,0.33333333333333337,0.0,0.0,0.0,-6.836906866939281,-6.792354077516977,0.044552789422303896,-0.6516512553029571,0.6537814427924042,0.8887499229900654,0.8887499229900677,2.3314683517128287e-15,2.623312015453069e-13,2.623312015453066e-13,12.144190696799338,12.783358628209603,0.639167931410265,5.263157894734976,5.128205128203358,1.2368652042268806,1.1750219440155367,-0.0618432602113439,-4.999999999999989,-5.128205128205116
74790585-e2d8-469c-bb0a-b5ca9d31a966,scale_plus_5pct,3360943254,True,2.682810862167455,2.8169514052758284,0.1341405431083733,5.00000000000002,4.878048780487824,1.6246684795447273,1.6246684795447273,0.0,0.0,0.0,61.84326021134403,64.93542322191125,3.0921630105672193,5.000000000000028,4.878048780487832,0.33333333333333337,0.33333333333333337,0.0,0.0,0.0,-6.836906866939281,-6.879285465079158,-0.042378598139876544,0.6198504523266736,-0.617935314904413,0.8887499229900654,0.8887499229900641,-1.3322676295501878e-15,-1.4990354374017539e-13,-1.499035437401755e-13,12.144190696799338,11.565895901713688,-0.5782947950856503,-4.7619047619044945,-4.878048780487524,1.2368652042268806,1.298708464438225,0.06184326021134434,5.000000000000025,4.878048780487829
74790585-e2d8-469c-bb0a-b5ca9d31a966,scale_plus_10pct,3360943254,True,2.682810862167455,2.9510919483842017,0.2682810862167466,10.00000000000004,9.523809523809561,1.6246684795447273,1.6246684795447273,0.0,0.0,0.0,61.84326021134403,68.02758623247844,6.18432602113441,10.000000000000012,9.523809523809534,0.33333333333333337,0.33333333333333337,0.0,0.0,0.0,-6.836906866939281,-6.919692237255732,-0.08278537031645072,1.2108599974759016,-1.203573204240657,0.8887499229900654,0.8887499229900649,-4.440892098500626e-16,-4.9967847913391804e-14,-4.996784791339181e-14,12.144190696799338,11.040173360726598,-1.10401733607274,-9.090909090909692,-9.523809523810183,1.2368652042268806,1.3605517246495689,0.12368652042268824,10.000000000000014,9.523809523809536
74790585-e2d8-469c-bb0a-b5ca9d31a966,combined_degradation,3360943254,True,2.682810862167455,12.692877037925973,10.010066175758517,373.1185942668854,130.2064173102485,1.6246684795447273,14.586691030940093,12.962022551395366,797.8256927239488,159.91283819240553,61.84326021134403,205.7586839177118,143.9154237063678,232.70995612868597,107.55932597930753,0.33333333333333337,0.5000000000000001,0.16666666666666674,50.000000000000014,40.000000000000014,-6.836906866939281,-6.849048683869153,-0.01214181692987193,0.17759225284441424,-0.17743469770592246,0.8887499229900654,0.8384959194228648,-0.050254003567200556,-5.6544594004721285,-5.818975195447181,12.144190696799338,8.386140138577423,-3.7580505582219157,-30.945253183584875,-36.609741833738454,1.2368652042268806,1.512990323153711,0.27612511892683034,22.32459268667244,20.08288189524318
757750a0-6a79-4d73-b82c-bd9d28f11ccc,frame_thinning_2x,4054188314,True,14.75719632816802,7.89042118108361,-6.866775147084409,-46.53170557863589,-60.640154703065846,6.270782472890741,5.756469684152859,-0.5143127887378824,-8.201732255285703,-8.55245707036552,571.3975687845725,105.3443969874412,-466.0531717971313,-81.56373027426058,-137.7343789417484,0.13114754098360654,0.2619047619047619,0.13075722092115538,99.70238095238099,66.53426017874877,-7.6146020157637935,-5.9833651645178865,1.631236851245907,-21.422483379550382,23.992363411662776,0.36747969139085324,0.7117832064848789,0.3443035150940257,93.69320894738173,63.80345618694089,1177.1428099571058,1392.7981363117622,215.65532635465638,18.320234769349245,16.782901308899916,0.12837566705955838,0.16050696853881077,0.03213130147925239,25.02912133990739,22.245228698289946
757750a0-6a79-4d73-b82c-bd9d28f11ccc,frame_thinning_3x,4054188314,True,14.75719632816802,3.889085474139053,-10.868110854028966,-73.6461764982031,-116.57134617245003,6.270782472890741,5.318833088163592,-0.9519493847271496,-15.180711320198522,-16.427626606115805,571.3975687845725,8.243609437750585,-563.1539593468219,-98.55729007470478,-194.31123270915117,0.13114754098360654,0.34615384615384615,0.2150063051702396,163.94230769230774,90.09247027741084,-7.6146020157637935,-3.240695773029362,4.3739062427344315,-57.44103544321221,80.58565186944915,0.36747969139085324,0.802441948149602,0.4349622567587488,118.3636176226459,74.35750259814012,1177.1428099571058,699.0092231770473,-478.1335867800585,-40.61814613619237,-50.969599300684166,0.12837566705955838,0.1637285489067682,0.035352881847209805,27.538615889573727,24.20566353707489
757750a0-6a79-4d73-b82c-bd9d28f11ccc,landmark_dropout_5pct,4054188314,True,14.75719632816802,1.9487064007800257,-12.808489927387994,-86.79487378601583,-153.3408895670558,6.270782472890741,1.0789353766317853,-5.191847096258956,-82.79424647089677,-141.2801743565229,571.3975687845725,50.93409810435238,-520.4634706802201,-91.08604920866307,-167.26240953864672,0.13114754098360654,0.20754716981132076,0.07639962882771423,58.254716981132106,45.114155251141575,-7.6146020157637935,-5.265601422716084,2.34900059304771,-30.848632511387926,36.474588375367134,0.36747969139085324,0.9168917703003046,0.5494120789094513,149.50814746524154,85.55345479041232,1177.1428099571058,1576.0097985608961,398.86698860379033,33.88433291440015,28.975290898857722,0.12837566705955838,0.016727329505131144,-0.11164833755442724,-86.9700155112957,-153.88839679083043
757750a0-6a79-4d73-b82c-bd9d28f11ccc,landmark_dropout_10pct,4054188314,True,14.75719632816802,9.76091539167173,-4.996280936496289,-33.85657292476053,-40.755837917594285,6.270782472890741,3.849771155564844,-2.421011317325897,-38.607802579537505,-47.8434561231676,571.3975687845725,230.4250284035105,-340.972540381062,-59.67343212648757,-85.04937166321349,0.13114754098360654,0.1358024691358025,0.004654928152195953,3.5493827160494145,3.4874905231236095,-7.6146020157637935,-6.16704540249209,1.4475566132717033,-19.01027276638967,21.007018527468563,0.36747969139085324,0.7434403472541496,0.3759606558632964,102.30787297125022,67.68455744517101,1177.1428099571058,1572.31367203936,395.1708620822542,33.57034157110078,28.745380381165976,0.12837566705955838,0.12102079674255506,-0.007354870317003326,-5.729177877292837,-5.8981352059900365
757750a0-6a79-4d73-b82c-bd9d28f11ccc,landmark_dropout_20pct,4054188314,True,14.75719632816802,6.082797553571639,-8.67439877459638,-58.78080484732043,-83.24761344768943,6.270782472890741,2.794198668593203,-3.476583804297538,-55.440988733498244,-76.70360809439961,571.3975687845725,294.51032032228926,-276.88724846228325,-48.457897546056046,-63.95304903570697,0.13114754098360654,0.15714285714285717,0.02599531615925063,19.82142857142861,18.034118602762014,-7.6146020157637935,-7.406462336975632,0.20813967878816175,-2.733428199625795,2.771304002172161,0.36747969139085324,0.9646289044521168,0.5971492130612636,162.4985617031371,89.654734595175,1177.1428099571058,3839.9770145923826,2662.834204635277,226.21165266534726,106.14991460262304,0.12837566705955838,0.06940688143645511,-0.05896878562310327,-45.93455050616828,-59.62991787851479
757750a0-6a79-4d73-b82c-bd9d28f11ccc,jitter_sigma_0p004,4054188314,True,14.75719632816802,1.3513154950764674,-13.405880833091551,-90.84300659131894,-166.44468440277572,6.270782472890741,1.793898522398611,-4.47688395049213,-71.39274835072298,-111.02445225315459,571.3975687845725,34.398770196335605,-536.9987985882369,-93.9798885967426,-177.28690783823328,0.13114754098360654,1.4583333333333337,1.3271857923497272,1011.9791666666672,166.99613235926086,-7.6146020157637935,-5.891354553925155,1.7232474618386382,-22.63082769488361,25.51833264007491,0.36747969139085324,0.4185670276369661,0.05108733624611289,13.902084235663557,12.998549579673224,1177.1428099571058,396.38745368496546,-780.7553562721403,-66.32630719637072,-99.23614109143534,0.12837566705955838,0.8144624133283869,0.6860867462688285,534.4367526834557,145.53649466227063
757750a0-6a79-4d73-b82c-bd9d28f11ccc,jitter_sigma_0p008,4054188314,True,14.75719632816802,3.0005901877317984,-11.75660614043622,-79.66693590703014,-132.4107160530361,6.270782472890741,3.9983962000301676,-2.2723862728605737,-36.237682979506005,-44.256436570778426,571.3975687845725,131.0377546216266,-440.3598141629459,-77.06714872792358,-125.38088546788467,0.13114754098360654,1.4999999999999998,1.3688524590163933,1043.75,167.83919597989953,-7.6146020157637935,-7.239087871267651,0.37551414449614207,-4.931500605268017,5.0561732115330935,0.36747969139085324,0.3204030574676886,-0.047076633923164635,-12.810676351933061,-13.68740065113789,1177.1428099571058,92.47584263027527,-1084.6669673268304,-92.14404218009494,-170.86500188326093,0.12837566705955838,2.905324571527755,2.7769489044681968,2163.1427264014637,183.07338801287258
757750a0-6a79-4d73-b82c-bd9d28f11ccc,scale_minus_10pct,4054188314,True,14.75719632816802,13.281476695351216,-1.4757196328168032,-10.000000000000009,-10.526315789473694,6.270782472890741,6.270782472890741,0.0,0.0,0.0,571.3975687845725,514.2578119061153,-57.139756878457206,-9.999999999999993,-10.526315789473678,0.13114754098360654,0.13114754098360654,0.0,0.0,0.0,-7.6146020157637935,-7.523087034642443,0.09151498112135048,-1.2018353806527988,1.2091010829541986,0.36747969139085324,0.36747969139085357,3.3306690738754696e-16,9.063545964320933e-14,9.063545964320928e-14,1177.1428099571058,1307.9364555082877,130.79364555118195,11.111111111144448,10.526315789503604,0.12837566705955838,0.11553810035360254,-0.012837566705955844,-10.000000000000005,-10.526315789473689
757750a0-6a79-4d73-b82c-bd9d28f11ccc,scale_minus_5pct,4054188314,True,14.75719632816802,14.019336511759617,-0.7378598164084025,-5.00000000000001,-5.128205128205139,6.270782472890741,6.270782472890741,0.0,0.0,0.0,571.3975687845725,542.827690345344,-28.569878439228546,-4.999999999999987,-5.128205128205113,0.13114754098360654,0.13114754098360654,0.0,0.0,0.0,-7.6146020157637935,-7.570049226341489,0.044552789422304784,-0.5850967566009535,0.5868134698907678,0.36747969139085324,0.36747969139085324,0.0,0.0,0.0,1177.1428099571058,1239.0976946906806,61.95488473357477,5.263157894651063,5.1282051281236924,0.12837566705955838,0.12195688370658045,-0.006418783352977936,-5.000000000000012,-5.128205128205143
757750a0-6a79-4d73-b82c-bd9d28f11ccc,scale_plus_5pct,4054188314,True,14.75719632816802,15.495056144576418,0.7378598164083989,4.999999999999987,4.8780487804877914,6.270782472890741,6.270782472890741,0.0,0.0,0.0,571.3975687845725,599.9674472238013,28.569878439228773,5.000000000000026,4.878048780487829,0.13114754098360654,0.13114754098360654,0.0,0.0,0.0,-7.6146020157637935,-7.65698061390367,-0.042378598139876544,0.5565438358057864,-0.5549994282524382,0.36747969139085324,0.3674796913908534,1.6653345369377348e-16,4.531772982160467e-14,4.531772982160465e-14,1177.1428099571058,1121.088390435889,-56.05441952121669,-4.761904761858017,-4.8780487804387525,0.12837566705955838,0.1347944504125363,0.006418783352977908,4.999999999999991,4.878048780487797
757750a0-6a79-4d73-b82c-bd9d28f11ccc,scale_plus_10pct,4054188314,True,14.75719632816802,16.232915960984823,1.4757196328168032,10.000000000000009,9.523809523809533,6.270782472890741,6.270782472890741,0.0,0.0,0.0,571.3975687845725,628.53732566303,57.13975687845743,10.000000000000032,9.523809523809552,0.13114754098360654,0.13114754098360654,0.0,0.0,0.0,-7.6146020157637935,-7.697387386080243,-0.08278537031644984,1.087192346298166,-1.0813143628022615,0.36747969139085324,0.3674796913908534,1.6653345369377348e-16,4.531772982160467e-14,4.531772982160465e-14,1177.1428099571058,1070.1298272322222,-107.01298272488361,-9.090909091037398,-9.523809523950344,0.12837566705955838,0.14121323376551423,0.012837566705955844,10.000000000000005,9.523809523809527
757750a0-6a79-4d73-b82c-bd9d28f11ccc,combined_degradation,4054188314,True,14.75719632816802,5.1373155319126065,-9.619880796255412,-65.18772660016266,-96.70889000858779,6.270782472890741,2.7814987507052944,-3.489283722185447,-55.64351398362152,-77.0918100310481,571.3975687845725,98.1612279659285,-473.236340818644,-82.82085305775301,-141.3576651118175,0.13114754098360654,0.07894736842105264,-0.052200172562553895,-39.80263157894735,-49.69199178644761,-7.6146020157637935,-5.633067057760671,1.981534958003122,-26.022830266124704,29.915224285957294,0.36747969139085324,0.9089863695663363,0.541506678175483,147.35689913256562,84.8446652423208,1177.1428099571058,244.2906506819245,-932.8521592751813,-79.24715262960946,-131.2551287284037,0.12837566705955838,0.022796740873633484,-0.1055789261859249,-82.24216364690264,-139.68015410931835
76a8936a-1587-42ba-9e7f-854d230d8e7b,frame_thinning_2x,2743457384,True,2.7620638459868068,2.273827381348984,-0.48823646463782255,-17.676509011448633,-19.390270464444534,16.986910914708837,13.521693995199676,-3.46521691950916,-20.399335328877573,-22.71632498268536,24.56377121401664,12.21298373075285,-12.35078748326379,-50.28050202737661,-67.16627120479731,0.14583333333333334,0.11538461538461539,-0.03044871794871795,-20.87912087912088,-23.312883435582823,-5.154806374399601,-3.6133775954753236,1.5414287789242773,-29.902748366640893,35.159590269095716,0.9375648497116319,0.9910399031504328,0.05347505343880088,5.703611164096892,5.545465275810762,51.941122518591634,10.166195031877438,-41.7749274867142,-80.42746375333229,-134.52497752061967,0.11735446520051493,0.11962745737162014,0.002272992171105215,1.9368604059688062,1.918283172349011
76a8936a-1587-42ba-9e7f-854d230d8e7b,frame_thinning_3x,2743457384,True,2.7620638459868068,6.8796132775649,4.117549431578093,149.07509967811802,85.41147725264855,16.986910914708837,25.250769823082482,8.263858908373646,48.64839139892135,39.130268348184764,24.56377121401664,26.20323199208613,1.6394607780694912,6.674304054476692,6.458765239356927,0.14583333333333334,1.2571428571428573,1.111309523809524,762.0408163265307,158.42172252863813,-5.154806374399601,-3.4326772368057843,1.7221291375938166,-33.408221619078745,40.10788760858174,0.9375648497116319,0.16652638564058983,-0.771038464071042,-82.23841415430532,-139.66933879790633,51.941122518591634,44.23370934242537,-7.707413176166263,-14.838749727458234,-16.02792129089304,0.11735446520051493,2.109160764667905,1.9918062994673902,1697.2565092126129,178.91692567358723
76a8936a-1587-42ba-9e7f-854d230d8e7b,landmark_dropout_5pct,2743457384,True,2.7620638459868068,10.022799986080665,7.260736140093858,262.87358095083437,113.58331595026,16.986910914708837,30.35391432598298,13.367003411274144,78.69001891155948,56.471357832539574,24.56377121401664,65.67311952135088,41.109348307334244,167.35764207035248,91.11428368668693,0.14583333333333334,0.16417910447761197,0.018345771144278628,12.579957356076774,11.835506519558686,-5.154806374399601,-5.521592307639471,-0.3667859332398704,7.115416304702451,-6.870967339518994,0.9375648497116319,0.22517690426375145,-0.7123879454478804,-75.98279155484451,-122.53588434615766,51.941122518591634,46.03946748021829,-5.901655038373342,-11.36220157017385,-12.046579916379404,0.11735446520051493,1.0245724291786118,0.9072179639780968,773.0578997808054,158.8924769954485
76a8936a-1587-42ba-9e7f-854d230d8e7b,landmark_dropout_10pct,2743457384,True,2.7620638459868068,2.713437116519032,-0.04862672946777469,-1.7605215584870646,-1.7761563663581525,16.986910914708837,16.99849697248351,0.01158605777467514,0.06820579582037403,0.06818254359713853,24.56377121401664,33.52630804001193,8.962536825995294,36.48681119811549,30.857375101183866,0.14583333333333334,1.5000000000000004,1.3541666666666672,928.5714285714288,164.55696202531647,-5.154806374399601,-5.595917882680538,-0.4411115082809367,8.55728569111026,-8.206172863013066,0.9375648497116319,0.9297545694277216,-0.007810280283910287,-0.833038939793072,-0.836523221882418,51.941122518591634,55.181987067452425,3.2408645488607917,6.239496552468167,6.050729037617501,0.11735446520051493,1.0246778998497146,0.9073234346491996,773.1477733709773,158.89627341853716
76a8936a-1587-42ba-9e7f-854d230d8e7b,landmark_dropout_20pct,2743457384,True,2.7620638459868068,30.496670592417924,27.73460674643112,1004.1262002950672,166.78089058256674,16.986910914708837,29.6661513766908,12.679240461981962,74.64123715985997,54.35544780656058,24.56377121401664,897.6206614246125,873.0568902105958,3554.2461399917693,189.34539758224597,0.14583333333333334,0.054054054054054064,-0.09177927927927929,-62.93436293436293,-91.83098591549296,-5.154806374399601,-8.313748805597886,-3.1589424311982848,61.281495399838725,-46.90840834790825,0.9375648497116319,0.07415813280103577,-0.8634067169105961,-92.09034630256832,-170.6804593419989,51.941122518591634,73.24783414912513,21.306711630533492,41.020891727757785,34.03928301293685,0.11735446520051493,0.07898624781598862,-0.03836821738452631,-32.69429699071898,-39.083302484799724
76a8936a-1587-42ba-9e7f-854d230d8e7b,jitter_sigma_0p004,2743457384,True,2.7620638459868068,2.8716739055660563,0.10961005957924952,3.9684115100564945,3.8912020549425472,16.986910914708837,15.259239490172977,-1.7276714245358598,-10.17060390326697,-10.715520475115712,24.56377121401664,22.826827410143586,-1.7369438038730536,-7.0711609741826384,-7.330330716639403,0.14583333333333334,0.12244897959183675,-0.023384353741496597,-16.034985422740522,-17.432646592709983,-5.154806374399601,-5.312333239749745,-0.15752686535014426,3.0559220639687363,-3.0099314838067404,0.9375648497116319,0.9209061128602225,-0.016658736851409395,-1.776809023560679,-1.7927357690169254,51.941122518591634,105.77571375544696,53.834591236855324,103.64541354990153,68.26739935781595,0.11735446520051493,0.13762182961615319,0.020267364415638256,17.270211560343192,15.897449941541273
76a8936a-1587-42ba-9e7f-854d230d8e7b,jitter_sigma_0p008,2743457384,True,2.7620638459868068,3.0769503020414173,0.3148864560546105,11.400404683336006,10.785603462219543,16.986910914708837,14.021142140076932,-2.965768774631904,-17.45914127367247,-19.129022834112885,24.56377121401664,58.03955699782853,33.47578578381189,136.28113326796435,81.0519055550876,0.14583333333333334,2.0555555555555562,1.909722222222223,1309.52380952381,173.50157728706623,-5.154806374399601,-5.750930176029249,-0.5961238016296484,11.56442664054634,-10.932297857611585,0.9375648497116319,0.7999086714128107,-0.13765617829882115,-14.682310065395503,-15.845556968227527,51.941122518591634,92.90792105327196,40.96679853468033,78.87160798270544,56.56481744645497,0.11735446520051493,1.352987307930769,1.235632842730254,1052.9065431119466,168.07423489013894
76a8936a-1587-42ba-9e7f-854d230d8e7b,scale_minus_10pct,2743457384,True,2.7620638459868068,2.485857461388126,-0.27620638459868063,-9.999999999999998,-10.526315789473683,16.986910914708837,16.986910914708837,0.0,0.0,0.0,24.56377121401664,22.107394092614978,-2.456377121401662,-9.999999999999991,-10.526315789473673,0.14583333333333334,0.14583333333333334,0.0,0.0,0.0,-5.154806374399601,-5.063291393278251,0.09151498112134959,-1.775333047926726,1.791233225636813,0.9375648497116319,0.9375648497116333,1.4432899320127035e-15,1.5394027756657242e-13,1.5394027756657226e-13,51.941122518591634,57.712358353992066,5.771235835400432,11.111111111113733,10.526315789476037,0.11735446520051493,0.10561901868046346,-0.01173544652005147,-9.99999999999998,-10.526315789473664
76a8936a-1587-42ba-9e7f-854d230d8e7b,scale_minus_5pct,2743457384,True,2.7620638459868068,2.6239606536874636,-0.1381031922993432,-5.000000000000104,-5.128205128205237,16.986910914708837,16.986910914708837,0.0,0.0,0.0,24.56377121401664,23.335582653315786,-1.228188560700854,-5.00000000000009,-5.128205128205223,0.14583333333333334,0.14583333333333334,0.0,0.0,0.0,-5.154806374399601,-5.110253584977296,0.044552789422304784,-0.8642960799375129,0.8680473294577657,0.9375648497116319,0.9375648497116322,3.3306690738754696e-16,3.5524679438439784e-14,3.552467943843978e-14,51.941122518591634,54.674865809056534,2.7337432904649006,5.263157894761311,5.128205128228358,0.11735446520051493,0.11148674194048919,-0.005867723260025742,-4.9999999999999964,-5.128205128205124
76a8936a-1587-42ba-9e7f-854d230d8e7b,scale_plus_5pct,2743457384,True,2.7620638459868068,2.900167038286144,0.13810319229933743,4.999999999999895,4.878048780487704,16.986910914708837,16.986910914708837,0.0,0.0,0.0,24.56377121401664,25.791959774717444,1.2281885607008043,4.999999999999887,4.878048780487698,0.14583333333333334,0.14583333333333334,0.0,0.0,0.0,-5.154806374399601,-5.197184972539476,-0.04237859813987477,0.822118137168843,-0.8187525804376848,0.9375648497116319,0.9375648497116326,6.661338147750939e-16,7.104935887687957e-14,7.104935887687954e-14,51.941122518591634,49.467735732000925,-2.4733867865907087,-4.7619047618876404,-4.878048780469839,0.11735446520051493,0.1232221884605407,0.00586772326002577,5.00000000000002,4.878048780487824
76a8936a-1587-42ba-9e7f-854d230d8e7b,scale_plus_10pct,2743457384,True,2.7620638459868068,3.0382702305854856,0.27620638459867886,9.999999999999934,9.523809523809463,16.986910914708837,16.986910914708837,0.0,0.0,0.0,24.56377121401664,27.020148335418288,2.4563771214016477,9.999999999999934,9.523809523809463,0.14583333333333334,0.14583333333333334,0.0,0.0,0.0,-5.154806374399601,-5.23759174471605,-0.08278537031644895,1.605984091421693,-1.5931908952597678,0.9375648497116319,0.9375648497116318,-1.1102230246251565e-16,-1.1841559812813261e-14,-1.1841559812813262e-14,51.941122518591634,47.21920228964346,-4.721920228948171,-9.090909090880782,-9.523809523778453,0.11735446520051493,0.12908991172056647,0.01173544652005154,10.00000000000004,9.523809523809561
76a8936a-1587-42ba-9e7f-854d230d8e7b,combined_degradation,2743457384,True,2.7620638459868068,2.216543558680958,-0.5455202873058487,-19.750458994583806,-21.914573412412008,16.986910914708837,15.213984427340815,-1.7729264873680215,-10.437015277644495,-11.011659573656882,24.56377121401664,13.369717338623028,-11.194053875393612,-45.57139772172293,-59.01937471350578,0.14583333333333334,1.8999999999999997,1.7541666666666664,1202.8571428571427,171.4867617107943,-5.154806374399601,-3.911447180005448,1.2433591943941527,-24.120385987125875,27.42829079140496,0.9375648497116319,0.9872515759128109,0.04968672620117898,5.299550875489967,5.162749604556162,51.941122518591634,20.494896497660452,-31.44622602093118,-60.54206088764336,-86.8248323085667,0.11735446520051493,0.943907043428338,0.826552578227823,704.321370998158,155.76793683881493
773e4afa-dd28-40a5-95b6-f411898f3712,frame_thinning_2x,571695481,True,7.153526650272043,2.288957870333534,-4.864568779938509,-68.00238564503724,-103.03577981669868,0.4214370968503907,0.09854632919331924,-0.3228907676570715,-76.61659831803962,-124.19271518470637,138.30466254923422,48.522418562818345,-89.78224398641588,-64.91628144094915,-96.11266573561413,1.6666666666666667,0.09999999999999999,-1.5666666666666667,-94.0,-177.35849056603772,-6.182686288852591,-5.176017515949093,1.006668772903498,-16.28206132209111,17.725064236254617,0.7583249466290874,0.21995798471295924,-0.5383669619161282,-70.99423068030158,-110.0636522764586,114.27785822936752,11.444104260335783,-102.83375396903175,-89.98572038568813,-163.58916442694553,0.8730812537692714,0.08801605933226184,-0.7850651944370095,-89.91891545577477,-163.36851299761628
773e4afa-dd28-40a5-95b6-f411898f3712,frame_thinning_3x,571695481,True,7.153526650272043,0.5685939685582742,-6.584932681713768,-92.05155727578577,-170.54726303177583,0.4214370968503907,0.04308379345664045,-0.3783533033937503,-89.77693378712338,-162.90044701484695,138.30466254923422,3.0419622422490233,-135.2627003069852,-97.80053529202884,-191.39148247300122,1.6666666666666667,1.3333333333333333,-0.3333333333333335,-20.000000000000007,-22.222222222222232,-6.182686288852591,-3.4664112477815436,2.7162750410710474,-43.9335737601389,56.3011210272947,0.7583249466290874,0.1667935312580226,-0.5915314153710649,-78.00500537408738,-127.88230470157102,114.27785822936752,14.965767247367538,-99.31209098199999,-86.9040534367299,-153.68199493889466,0.8730812537692714,0.5685939685582742,-0.3044872852109972,-34.87502267360145,-42.24075998468098
773e4afa-dd28-40a5-95b6-f411898f3712,landmark_dropout_5pct,571695481,True,7.153526650272043,7.184316454542794,0.03078980427075173,0.43041433653680206,0.4294900431768863,0.4214370968503907,0.42123118664813514,-0.000205910202255577,-0.048859059583137424,-0.04887099853828478,138.30466254923422,139.21058573968494,0.9059231904507214,0.6550199926399644,0.6528817396783698,1.6666666666666667,0.8461538461538461,-0.8205128205128206,-49.23076923076923,-65.3061224489796,-6.182686288852591,-6.239894744542387,-0.05720845568979627,0.9253009617024133,-0.9210397667925168,0.7583249466290874,0.7130326428957728,-0.04529230373331461,-5.972677535487702,-6.156532450815124,114.27785822936752,104.06561764331451,-10.212240586053014,-8.936324800169064,-9.354289653250605,0.8730812537692714,0.7266451229647223,-0.1464361308045491,-16.77233707313657,-18.307647224460165
773e4afa-dd28-40a5-95b6-f411898f3712,landmark_dropout_10pct,571695481,True,7.153526650272043,7.179894263646892,0.026367613374849164,0.36859600395626435,0.3679179385466038,0.4214370968503907,0.42123133058958834,-0.0002057662608023758,-0.048824904675020195,-0.0488368269421206,138.30466254923422,139.10384599861118,0.7991834493769545,0.5778427383765592,0.5761780369033759,1.6666666666666667,0.2,-1.4666666666666668,-88.0,-157.14285714285717,-6.182686288852591,-6.239039911737256,-0.05635362288466528,0.9114747255779595,-0.9073396398318506,0.7583249466290874,0.7265535871488994,-0.031771359480188055,-4.18967615682675,-4.279321002688612,114.27785822936752,164.62162616215696,50.34376793278943,44.05382522285662,36.101728938384035,0.8730812537692714,0.07591116234161657,-0.7971700914276548,-91.30537255107787,-168.00346934163633
773e4afa-dd28-40a5-95b6-f411898f3712,landmark_dropout_20pct,571695481,True,7.153526650272043,7.189999454799004,0.03647280452696133,0.5098576731460741,0.5085612039854921,0.4214370968503907,0.5110440963302816,0.08960699947989087,21.2622477113592,19.219047018898777,138.30466254923422,253.20505460063578,114.90039205140155,83.07774295786946,58.696061435133004,1.6666666666666667,0.04166666666666667,-1.625,-97.5,-190.24390243902437,-6.182686288852591,-7.299429861062866,-1.1167435722102752,18.062433059619547,-16.566295079979383,0.7583249466290874,0.7146900447322697,-0.043634901896817735,-5.754116634403758,-5.924569967409559,114.27785822936752,129.2998226281707,15.021964398803163,13.145122451151053,12.334434210816788,0.8730812537692714,0.0,-0.8730812537692714,-100.0,-200.0
773e4afa-dd28-40a5-95b6-f411898f3712,jitter_sigma_0p004,571695481,True,7.153526650272043,1.3441931387075974,-5.8093335115644456,-81.20936421399256,-136.72687864098185,0.4214370968503907,1.313817209946222,0.8923801130958313,211.7469296758715,102.85294894247754,138.30466254923422,40.93069305693708,-97.37396949229714,-70.40541345280647,-108.65486796729341,1.6666666666666667,0.8750000000000002,-0.7916666666666665,-47.499999999999986,-62.2950819672131,-6.182686288852591,-6.305964885232999,-0.12327859638040817,1.9939325823902792,-1.9742499756293264,0.7583249466290874,0.6342987673948676,-0.12402617923421988,-16.35528143779815,-17.81187236512712,114.27785822936752,100.35463273445613,-13.923225494911392,-12.183659818830375,-12.974014728513916,0.8730812537692714,0.31192380229926503,-0.5611574514700064,-64.27322188483309,-94.7097142913036
773e4afa-dd28-40a5-95b6-f411898f3712,jitter_sigma_0p008,571695481,True,7.153526650272043,3.008347573392374,-4.145179076879669,-57.94595141016258,-81.58296364713121,0.4214370968503907,2.9194487299633973,2.4980116331130064,592.7365321614759,149.54187377874968,138.30466254923422,106.97764763309885,-31.32701491613537,-22.650729439423966,-25.543639810672133,1.6666666666666667,1.333333333333333,-0.3333333333333337,-20.00000000000002,-22.222222222222246,-6.182686288852591,-7.387224086633426,-1.2045377977808345,19.482434357903962,-17.753069319556104,0.7583249466290874,0.6393290460929044,-0.11899590053618303,-15.691940646967323,-17.02794842726895,114.27785822936752,80.2167883058134,-34.06106992355413,-29.80548502684573,-35.02520046729722,0.8730812537692714,1.2812448815254318,0.40816362775616044,46.74978714684734,37.89246401175236
773e4afa-dd28-40a5-95b6-f411898f3712,scale_minus_10pct,571695481,True,7.153526650272043,6.438173985244838,-0.7153526650272051,-10.000000000000012,-10.526315789473697,0.4214370968503907,0.4214370968503907,0.0,0.0,0.0,138.30466254923422,124.47419629431079,-13.830466254923437,-10.00000000000001,-10.526315789473696,1.6666666666666667,1.6666666666666667,0.0,0.0,0.0,-6.182686288852591,-6.091171307731241,0.09151498112135048,-1.480181539961883,1.491217906044824,0.7583249466290874,0.7583249466290886,1.1102230246251565e-15,1.464046553605192e-13,1.464046553605191e-13,114.27785822936752,126.97539803257504,12.697539803207519,11.11111111106251,10.526315789430065,0.8730812537692714,0.7857731283923441,-0.08730812537692723,-10.00000000000001,-10.526315789473696
773e4afa-dd28-40a5-95b6-f411898f3712,scale_minus_5pct,571695481,True,7.153526650272043,6.795850317758438,-0.35767633251360476,-5.000000000000036,-5.128205128205167,0.4214370968503907,0.4214370968503907,0.0,0.0,0.0,138.30466254923422,131.38942942177243,-6.915233127461789,-5.000000000000057,-5.128205128205188,1.6666666666666667,1.6666666666666667,0.0,0.0,0.0,-6.182686288852591,-6.138133499430285,0.04455278942230567,-0.7206056937198081,0.723211445145484,0.7583249466290874,0.7583249466290884,9.992007221626409e-16,1.3176418982446727e-13,1.3176418982446717e-13,114.27785822936752,120.29248234662099,6.014624117253462,5.263157894665374,5.128205128137279,0.8730812537692714,0.8294271910808076,-0.043654062688463724,-5.000000000000018,-5.128205128205148
773e4afa-dd28-40a5-95b6-f411898f3712,scale_plus_5pct,571695481,True,7.153526650272043,7.511202982785643,0.3576763325136003,4.999999999999974,4.878048780487781,0.4214370968503907,0.4214370968503907,0.0,0.0,0.0,138.30466254923422,145.21989567669593,6.915233127461704,4.999999999999995,4.8780487804878,1.6666666666666667,1.6666666666666667,0.0,0.0,0.0,-6.182686288852591,-6.225064886992467,-0.042378598139875656,0.6854398906877168,-0.6830987749395994,0.7583249466290874,0.7583249466290903,2.886579864025407e-15,3.8065210393734983e-13,3.8065210393734917e-13,114.27785822936752,108.8360554564099,-5.4418027729576295,-4.761904762019049,-4.878048780607735,0.8730812537692714,0.9167353164577347,0.04365406268846328,4.999999999999967,4.878048780487774
773e4afa-dd28-40a5-95b6-f411898f3712,scale_plus_10pct,571695481,True,7.153526650272043,7.868879315299244,0.7153526650272015,9.999999999999961,9.523809523809488,0.4214370968503907,0.4214370968503907,0.0,0.0,0.0,138.30466254923422,152.13512880415757,13.830466254923351,9.999999999999948,9.523809523809478,1.6666666666666667,1.6666666666666667,0.0,0.0,0.0,-6.182686288852591,-6.26547165916904,-0.08278537031644895,1.3389870753382929,-1.3300822605581721,0.7583249466290874,0.758324946629091,3.552713678800501e-15,4.684948971536614e-13,4.684948971536603e-13,114.27785822936752,103.88896202659883,-10.388896202768692,-9.090909090995648,-9.523809523904523,0.8730812537692714,0.9603893791461983,0.08730812537692689,9.999999999999972,9.523809523809499
773e4afa-dd28-40a5-95b6-f411898f3712,combined_degradation,571695481,True,7.153526650272043,1.657907087440694,-5.495619562831349,-76.8239196064553,-124.73837349102955,0.4214370968503907,1.1219213685769105,0.7004842717265198,166.2132443872615,90.77402138492572,138.30466254923422,34.680619945649624,-103.6240426035846,-74.92447520827153,-119.80677328043714,1.6666666666666667,0.1111111111111111,-1.5555555555555556,-93.33333333333333,-175.0,-6.182686288852591,-5.625976352788355,0.5567099360642365,-9.004337436107454,9.42883970791252,0.7583249466290874,0.4685943832633643,-0.28973056336572317,-38.206650678397956,-47.22895080495963,114.27785822936752,207.54144066127157,93.26358243190404,81.6112446251087,57.960217273108256,0.8730812537692714,0.0,-0.8730812537692714,-100.0,-200.0
7a0c087a-b6c7-42ea-bc67-63453d4cac7f,frame_thinning_2x,421028328,True,5.105752352242866,5.120620138994524,0.01486778675165823,0.29119678601581755,0.29077342458233163,4.914307777860788,6.39947585655347,1.4851680786926815,30.22130777773913,26.254136134884153,24.268881695209632,15.851208098648131,-8.417673596561501,-34.68504936600784,-41.962386623821644,0.6363636363636365,0.7586206896551724,0.12225705329153591,19.211822660098495,17.52808988764043,-5.246937168495024,-4.609707454123088,0.6372297143719363,-12.144794075258815,12.929952103775372,0.9215923701015458,0.8241942032940722,-0.0973981668074736,-10.568464970770295,-11.158084074163847,1366.4056347805063,1279.4261723952986,-86.97946238520763,-6.365566722738205,-6.574829295596883,0.08473174387866937,0.142612670766274,0.05788092688760464,68.31079385134167,50.919154515408316
7a0c087a-b6c7-42ea-bc67-63453d4cac7f,frame_thinning_3x,421028328,True,5.105752352242866,4.78725887925546,-0.3184934729874058,-6.237934216443093,-6.4387569271801794,4.914307777860788,9.168728963709455,4.254421185848667,86.57213544937204,60.41908806913052,24.268881695209632,14.649212199402841,-9.619669495806791,-39.63787708316857,-49.435460646434514,0.6363636363636365,0.44000000000000006,-0.1963636363636364,-30.85714285714286,-36.486486486486484,-5.246937168495024,-3.501422911287563,1.7455142572074611,-33.26729863830494,39.90494769965711,0.9215923701015458,0.7404424463139283,-0.18114992378761752,-19.656187449518217,-21.79857148580139,1366.4056347805063,2655.1071406840983,1288.701505903592,94.31324586937932,64.09038478087184,0.08473174387866937,0.1563077762753323,0.07157603239666292,84.473692054722,59.389458086319245
7a0c087a-b6c7-42ea-bc67-63453d4cac7f,landmark_dropout_5pct,421028328,True,5.105752352242866,7.542707933629701,2.436955581386835,47.729607964951995,38.53363217827772,4.914307777860788,3.7479135744090417,-1.1663942034517465,-23.734659206865572,-26.930602579120354,24.268881695209632,375.96424831419733,351.6953666189877,1449.161815677761,175.74525457736172,0.6363636363636365,1.2564102564102564,0.6200466200466199,97.4358974358974,65.51724137931033,-5.246937168495024,-7.6219805638021025,-2.3750433953070784,45.265329449110034,-36.9113152281086,0.9215923701015458,0.920436499121516,-0.0011558709800297828,-0.1254210665722442,-0.12549976814612146,1366.4056347805063,1286.0339661416392,-80.37166863886705,-5.881977254271029,-6.060207260585695,0.08473174387866937,0.06486421176272089,-0.01986753211594848,-23.44756664562169,-26.56158989160737
7a0c087a-b6c7-42ea-bc67-63453d4cac7f,landmark_dropout_10pct,421028328,True,5.105752352242866,3.812089423986506,-1.2936629282563596,-25.337361450523087,-29.01291502400582,4.914307777860788,2.0847313266909007,-2.8295764511698875,-57.57833206778942,-80.85614064735623,24.268881695209632,130.7578163463963,106.48893465118668,438.78797543525144,137.38141364864427,0.6363636363636365,1.7500000000000004,1.113636363636364,175.00000000000003,93.33333333333336,-5.246937168495024,-6.141043766131686,-0.8941065976366618,17.040543252648057,-15.702636011937965,0.9215923701015458,0.8593035149911552,-0.06228885511039062,-6.758829297114007,-6.995227023858084,1366.4056347805063,1381.4835992730555,15.0779644925492,1.1034764574116573,1.097421563117875,0.08473174387866937,0.024238103850698148,-0.060493640027971224,-71.39430543834243,-111.02821796761694
7a0c087a-b6c7-42ea-bc67-63453d4cac7f,landmark_dropout_20pct,421028328,True,5.105752352242866,1.4720288199828095,-3.6337235322600563,-71.16920840596246,-110.48478011409857,4.914307777860788,1.4103722373726104,-3.503935540488178,-71.30069378791434,-110.80198625222855,24.268881695209632,44.97639157269531,20.70750987748568,85.32535671626385,59.80916501656315,0.6363636363636365,0.20338983050847462,-0.4329738058551619,-68.03874092009686,-103.11926605504588,-5.246937168495024,-5.597188164990667,-0.3502509964956433,6.6753419232596904,-6.459737152135256,0.9215923701015458,0.5321760991411213,-0.3894162709604245,-42.25471950440699,-53.573354932273205,1366.4056347805063,2229.620122243742,863.2144874632359,63.17410185460037,48.00936065472209,0.08473174387866937,0.7503561327378002,0.6656243888591309,785.5667290552452,159.41421435934265
7a0c087a-b6c7-42ea-bc67-63453d4cac7f,jitter_sigma_0p004,421028328,True,5.105752352242866,3.449085336544576,-1.65666701569829,-32.447069528755065,-38.73053062992958,4.914307777860788,4.697140707589321,-0.21716707027146764,-4.419077519926948,-4.518924917513047,24.268881695209632,60.70150570860658,36.432624013396946,150.12073679764273,85.75369637954756,0.6363636363636365,1.4375,0.8011363636363635,125.89285714285711,77.26027397260272,-5.246937168495024,-6.288570998031285,-1.041633829536261,19.85222609088403,-18.059608896275066,0.9215923701015458,0.4490730046048906,-0.47251936549665524,-51.27205702067506,-68.94744322229013,1366.4056347805063,322.9049248318422,-1043.500709948664,-76.36829674786051,-123.54160743399596,0.08473174387866937,1.1394230431138286,1.0546912992351591,1244.74164103764,172.31338886911897
7a0c087a-b6c7-42ea-bc67-63453d4cac7f,jitter_sigma_0p008,421028328,True,5.105752352242866,4.4909919648955,-0.6147603873473662,-12.040544564941793,-12.811852999969897,4.914307777860788,6.791941275094156,1.8776334972333677,38.20748683450809,32.07916538832576,24.268881695209632,220.95040794027574,196.6815262450661,810.4268203008651,160.4127689444253,0.6363636363636365,0.09859154929577467,-0.5377720870678618,-84.50704225352113,-146.34146341463415,-5.246937168495024,-7.507749214626395,-2.260812046131371,43.088224111131076,-35.45068813488284,0.9215923701015458,0.19829610999632308,-0.7232962601052227,-78.48331687311237,-129.17290836709253,1366.4056347805063,79.59331061547853,-1286.8123241650278,-94.17498665187632,-177.98247063211184,0.08473174387866937,1.9023889156069504,1.817657171728281,2145.190324810326,182.9438150171308
7a0c087a-b6c7-42ea-bc67-63453d4cac7f,scale_minus_10pct,421028328,True,5.105752352242866,4.59517711701858,-0.5105752352242856,-9.99999999999998,-10.526315789473664,4.914307777860788,4.914307777860788,0.0,0.0,0.0,24.268881695209632,21.84199352568871,-2.4268881695209217,-9.999999999999828,-10.526315789473495,0.6363636363636365,0.6363636363636365,0.0,0.0,0.0,-5.246937168495024,-5.155422187373675,0.0915149811213487,-1.7441600343691153,1.7595043199448535,0.9215923701015458,0.9215923701015453,-5.551115123125783e-16,-6.023395270204041e-14,-6.023395270204042e-14,1366.4056347805063,1518.228483087368,151.82284830686172,11.111111110958637,10.526315789336838,0.08473174387866937,0.07625856949080242,-0.008473174387866947,-10.000000000000012,-10.526315789473697
7a0c087a-b6c7-42ea-bc67-63453d4cac7f,scale_minus_5pct,421028328,True,5.105752352242866,4.850464734630722,-0.2552876176121437,-5.000000000000008,-5.128205128205137,4.914307777860788,4.914307777860788,0.0,0.0,0.0,24.268881695209632,23.055437610449143,-1.2134440847604893,-5.000000000000031,-5.1282051282051615,0.6363636363636365,0.6363636363636365,0.0,0.0,0.0,-5.246937168495024,-5.2023843790727184,0.04455278942230567,-0.8491199340030352,0.8527403280584488,0.9215923701015458,0.9215923701015469,1.1102230246251565e-15,1.2046790540408082e-13,1.2046790540408074e-13,1366.4056347805063,1438.3217208193612,71.91608603885493,5.263157894574054,5.128205128050581,0.08473174387866937,0.08049515668473589,-0.00423658719393348,-5.000000000000014,-5.128205128205143
7a0c087a-b6c7-42ea-bc67-63453d4cac7f,scale_plus_5pct,421028328,True,5.105752352242866,5.361039969855009,0.2552876176121428,4.99999999999999,4.878048780487796,4.914307777860788,4.914307777860788,0.0,0.0,0.0,24.268881695209632,25.482325779970118,1.2134440847604857,5.000000000000017,4.878048780487821,0.6363636363636365,0.6363636363636365,0.0,0.0,0.0,-5.246937168495024,-5.2893157666349,-0.042378598139875656,0.8076825923194938,-0.8044339558056193,0.9215923701015458,0.9215923701015477,1.887379141862766e-15,2.0479543918693736e-13,2.0479543918693718e-13,1366.4056347805063,1301.3386997894054,-65.06693499110088,-4.761904762018415,-4.878048780607069,0.08473174387866937,0.08896833107260284,0.0042365871939334665,4.999999999999997,4.878048780487802
7a0c087a-b6c7-42ea-bc67-63453d4cac7f,scale_plus_10pct,421028328,True,5.105752352242866,5.616327587467153,0.5105752352242874,10.000000000000016,9.523809523809538,4.914307777860788,4.914307777860788,0.0,0.0,0.0,24.268881695209632,26.695769864730604,2.4268881695209714,10.000000000000034,9.523809523809554,0.6363636363636365,0.6363636363636365,0.0,0.0,0.0,-5.246937168495024,-5.329722538811474,-0.08278537031644984,1.5777846705222718,-1.56543507321618,0.9215923701015458,0.9215923701015449,-8.881784197001252e-16,-9.637432432326465e-14,-9.63743243232647e-14,1366.4056347805063,1242.1869407094418,-124.21869407106442,-9.09090909091709,-9.523809523818302,0.08473174387866937,0.0932049182665363,0.008473174387866933,9.999999999999995,9.52380952380952
7a0c087a-b6c7-42ea-bc67-63453d4cac7f,combined_degradation,421028328,True,5.105752352242866,0.21139117239324154,-4.894361179849624,-95.85974489537509,-184.09738827520485,4.914307777860788,0.30048502818857725,-4.613822749672211,-93.88550652968303,-176.95133522160248,24.268881695209632,6.33539977202522,-17.933481923184413,-73.89496618925071,-117.19590242550944,0.6363636363636365,1.0,0.36363636363636354,57.14285714285712,44.44444444444443,-5.246937168495024,-4.556922403750455,0.6900147647445687,-13.150810512611594,14.076390214686183,0.9215923701015458,1.0,0.07840762989845418,8.5078427775845,8.160693299829324,1366.4056347805063,0.0,-1366.4056347805063,-100.0,-200.00000000000003,0.08473174387866937,0.0,-0.08473174387866937,-100.0,-200.0
7f7bf52f-1a8f-4c38-8d68-41b634af50ab,frame_thinning_2x,3352070036,True,2.8254926388638606,8.291148284204658,5.465655645340798,193.44080285902123,98.33286301438109,1.9818646305054182,3.7005157703107017,1.7186511398052835,86.71889660632323,60.49053454986737,56.35108799850301,109.25311639571486,52.90202839721184,93.87933805043339,63.88971655729163,1.0,0.14285714285714285,-0.8571428571428572,-85.71428571428572,-150.00000000000003,-6.531747826378743,-6.212745451445018,0.3190023749337252,-4.883874629167716,5.006120965025889,0.836318371482134,0.7968171463815392,-0.03950122510059473,-4.723228192463375,-4.837470579571598,137.39696970786568,44.22313468995951,-93.17383501790617,-67.8136025969226,-102.6029968728747,0.7032558884806506,0.12597464795480284,-0.5772812405258477,-82.08694018517716,-139.23299134818652
7f7bf52f-1a8f-4c38-8d68-41b634af50ab,frame_thinning_3x,3352070036,True,2.8254926388638606,38.679943459467935,35.85445082060407,1268.962811208075,172.76990289011874,1.9818646305054182,46.7644663940187,44.78260176351328,2259.6196064154365,183.73732267556014,56.35108799850301,540.5686022995284,484.21751430102535,859.2868948934735,162.2387474131618,1.0,0.16666666666666666,-0.8333333333333334,-83.33333333333334,-142.85714285714286,-6.531747826378743,-6.967158673947571,-0.43541084756882764,6.666069467813841,-6.451053610280245,0.836318371482134,0.9152709206324927,0.07895254915035876,9.440489632009166,9.01496138458832,137.39696970786568,7.596980983047423,-129.79998872481826,-94.47077981472214,-179.04193672398907,0.7032558884806506,0.26274513319916976,-0.4405107552814808,-62.63875816712782,-91.20295846384467
7f7bf52f-1a8f-4c38-8d68-41b634af50ab,landmark_dropout_5pct,3352070036,True,2.8254926388638606,2.8254926388638606,0.0,0.0,0.0,1.9818646305054182,1.9818646305054182,0.0,0.0,0.0,56.35108799850301,56.35108799850301,0.0,0.0,0.0,1.0,1.0,0.0,0.0,0.0,-6.531747826378743,-6.531747826378743,0.0,-0.0,0.0,0.836318371482134,0.836318371482134,0.0,0.0,0.0,137.39696970786568,137.39696970786568,0.0,0.0,0.0,0.7032558884806506,0.7032558884806506,0.0,0.0,0.0
7f7bf52f-1a8f-4c38-8d68-41b634af50ab,landmark_dropout_10pct,3352070036,True,2.8254926388638606,2.8254926388638606,0.0,0.0,0.0,1.9818646305054182,1.9818646305054182,0.0,0.0,0.0,56.35108799850301,56.35108799850301,0.0,0.0,0.0,1.0,1.0,0.0,0.0,0.0,-6.531747826378743,-6.531747826378743,0.0,-0.0,0.0,0.836318371482134,0.836318371482134,0.0,0.0,0.0,137.39696970786568,137.39696970786568,0.0,0.0,0.0,0.7032558884806506,0.7032558884806506,0.0,0.0,0.0
7f7bf52f-1a8f-4c38-8d68-41b634af50ab,landmark_dropout_20pct,3352070036,True,2.8254926388638606,2.8254880880873445,-4.550776516065724e-06,-0.00016106134744331188,-0.00016106147714720453,1.9818646305054182,1.9824101261363063,0.0005454956308881265,0.027524363798198132,0.027520576366418904,56.35108799850301,56.35086045967721,-0.0002275388258041744,-0.00040378781295264266,-0.00040378862817727797,1.0,1.0,0.0,0.0,0.0,-6.531747826378743,-6.531517156051418,0.0002306703273253774,-0.00353152530466356,0.0035315876641195676,0.836318371482134,0.8360088458818009,-0.0003095256003330382,-0.03701049873919343,-0.037017348891915894,137.39696970786568,137.39736682502448,0.0003971171587977551,0.00028902905183579244,0.00028902863414743203,0.7032558884806506,0.7032556002184401,-2.8826221043498634e-07,-4.098966182249288e-05,-4.098967022325649e-05
7f7bf52f-1a8f-4c38-8d68-41b634af50ab,jitter_sigma_0p004,3352070036,True,2.8254926388638606,2.8641301294373807,0.03863749057352006,1.3674603161966232,1.3581740704772984,1.9818646305054182,2.2657382280079608,0.2838735975025426,14.323561414492206,13.366296565771483,56.35108799850301,57.10812764833226,0.7570396498292453,1.343433954370777,1.3344700922059678,1.0,1.0,0.0,0.0,0.0,-6.531747826378743,-6.455897568135659,0.07585025824308467,-1.1612551534332074,1.16803709893591,0.836318371482134,0.8093179787779807,-0.02700039270415322,-3.2284825522011174,-3.2814531229679567,137.39696970786568,58.22820225083857,-79.16876745702712,-57.62046108102403,-80.93924382465397,0.7032558884806506,0.4556308872960759,-0.24762500118457464,-35.21122328880262,-42.73497745603451
7f7bf52f-1a8f-4c38-8d68-41b634af50ab,jitter_sigma_0p008,3352070036,True,2.8254926388638606,7.043390535032533,4.217897896168672,149.28008794475934,85.47872787318401,1.9818646305054182,4.115899769235172,2.134035138729754,107.67814844072015,69.99401744090144,56.35108799850301,282.2768213262861,225.9257333277831,400.9252373863392,133.43597920104708,1.0,12.99999999999999,11.99999999999999,1199.9999999999989,171.4285714285714,-6.531747826378743,-7.239817110818621,-0.7080692844398779,10.840425920613619,-10.28306205821771,0.836318371482134,0.4487021901859705,-0.38761618129616343,-46.34792137941741,-60.32840140596553,137.39696970786568,83.13075183146661,-54.26621787639907,-39.49593502082342,-49.21487194227453,0.7032558884806506,2.985152296736438,2.281896408255787,324.47597604702764,123.7333989985971
7f7bf52f-1a8f-4c38-8d68-41b634af50ab,scale_minus_10pct,3352070036,True,2.8254926388638606,2.542943374977474,-0.28254926388638646,-10.000000000000014,-10.526315789473701,1.9818646305054182,1.9818646305054182,0.0,0.0,0.0,56.35108799850301,50.7159791986527,-5.635108799850315,-10.000000000000025,-10.526315789473712,1.0,1.0,0.0,0.0,0.0,-6.531747826378743,-6.440232845257393,0.09151498112135048,-1.4010795204273396,1.4109638834330431,0.836318371482134,0.8363183714821364,2.4424906541753444e-15,2.920527322443882e-13,2.9205273224438774e-13,137.39696970786568,152.66329967539124,15.266329967525564,11.111111111100145,10.526315789463842,0.7032558884806506,0.6329302996325855,-0.07032558884806506,-10.0,-10.526315789473683
7f7bf52f-1a8f-4c38-8d68-41b634af50ab,scale_minus_5pct,3352070036,True,2.8254926388638606,2.6842180069206667,-0.1412746319431939,-5.000000000000031,-5.128205128205161,1.9818646305054182,1.9818646305054182,0.0,0.0,0.0,56.35108799850301,53.53353359857783,-2.8175543999251786,-5.00000000000005,-5.12820512820518,1.0,1.0,0.0,0.0,0.0,-6.531747826378743,-6.487195036956439,0.044552789422304784,-0.6820959811457575,0.684430216646504,0.836318371482134,0.8363183714821375,3.552713678800501e-15,4.2480397417365554e-13,4.2480397417365464e-13,137.39696970786568,144.6283891661487,7.231419458283028,5.263157894718143,5.128205128187376,0.7032558884806506,0.668093094056618,-0.035162794424032584,-5.000000000000008,-5.128205128205136
7f7bf52f-1a8f-4c38-8d68-41b634af50ab,scale_plus_5pct,3352070036,True,2.8254926388638606,2.966767270807053,0.14127463194319256,4.999999999999984,4.878048780487789,1.9818646305054182,1.9818646305054182,0.0,0.0,0.0,56.35108799850301,59.16864239842815,2.817554399925136,4.999999999999974,4.878048780487781,1.0,1.0,0.0,0.0,0.0,-6.531747826378743,-6.57412642451862,-0.042378598139876544,0.6488094651898342,-0.6467115024695872,0.836318371482134,0.8363183714821365,2.55351295663786e-15,3.053278564373149e-13,3.053278564373145e-13,137.39696970786568,130.85425686460715,-6.542712843258528,-4.7619047619242885,-4.878048780508295,0.7032558884806506,0.7384186829046829,0.03516279442403236,4.999999999999976,4.878048780487782
7f7bf52f-1a8f-4c38-8d68-41b634af50ab,scale_plus_10pct,3352070036,True,2.8254926388638606,3.1080419027502466,0.282549263886386,9.999999999999998,9.523809523809522,1.9818646305054182,1.9818646305054182,0.0,0.0,0.0,56.35108799850301,61.986196798353305,5.635108799850293,9.999999999999986,9.52380952380951,1.0,1.0,0.0,0.0,0.0,-6.531747826378743,-6.614533196695193,-0.08278537031644984,1.2674305946429465,-1.2594492719446295,0.836318371482134,0.8363183714821338,-1.1102230246251565e-16,-1.3275124192926736e-14,-1.3275124192926737e-14,137.39696970786568,124.90633609805457,-12.490633609811113,-9.090909090912833,-9.52380952381363,0.7032558884806506,0.7735814773287156,0.07032558884806506,10.0,9.523809523809524
7f7bf52f-1a8f-4c38-8d68-41b634af50ab,combined_degradation,3352070036,True,2.8254926388638606,35.920470581473985,33.09497794261012,1171.299386429041,170.83058565047358,1.9818646305054182,2.575998633614957,0.594134003109539,29.978536069742667,26.070725192068757,56.35108799850301,404.6214599686102,348.2703719701072,618.036641953318,151.1024348438873,1.0,3.999999999999999,2.999999999999999,299.9999999999999,119.99999999999997,-6.531747826378743,-6.899441179824556,-0.3676933534458122,5.62932561420799,-5.475216725429003,0.836318371482134,0.9267603420195932,0.09044197053745928,10.814299149877202,10.259549938962007,137.39696970786568,36.41442841155335,-100.98254129631232,-73.49692028217365,-116.19783557224613,0.7032558884806506,5.71651920041382,5.013263311933169,712.864747249266,156.18189866512873
81085f86-e4f0-4e28-98d2-e8063faed5b4,frame_thinning_2x,1941918436,True,9.930416818098589,14.55421515364896,4.6237983355503705,46.561976402876766,37.76898375181381,10.044800571937131,14.890282662952776,4.845482091015645,48.238708736068006,38.86477574885896,78.64825814711698,81.222755434192,2.574497287075019,3.2734320476103167,3.2207180393782298,2.5714285714285716,1.6,-0.9714285714285715,-37.77777777777778,-46.57534246575343,-4.116802208316684,-4.307612067726314,-0.19080985940963036,4.634904708906345,-4.529925835965773,0.85685622964284,0.9261635666135504,0.06930733697071034,8.088560784532014,7.774152268665473,139.41320839350564,68.23395507565229,-71.17925331785335,-51.05631965440739,-68.55788649231964,0.09679863277961812,0.08678821055094336,-0.01001042222867475,-10.341491342615885,-10.905380850903633
81085f86-e4f0-4e28-98d2-e8063faed5b4,frame_thinning_3x,1941918436,True,9.930416818098589,14.134927728288242,4.2045109101896525,42.33972236217477,34.94245346943032,10.044800571937131,16.106791802461128,6.061991230523997,60.349542901427135,46.360398584818356,78.64825814711698,65.7485895582099,-12.899668588907076,-16.401721910709526,-17.86696703411649,2.5714285714285716,1.3636363636363635,-1.207792207792208,-46.969696969696976,-61.3861386138614,-4.116802208316684,-3.894139062782154,0.2226631455345296,-5.408643268911726,5.558975855629697,0.85685622964284,0.9314772383341269,0.07462100869128685,8.708696524548913,8.345312552440353,139.41320839350564,37.35278148167633,-102.06042691182931,-73.20714305903861,-115.47518499898791,0.09679863277961812,0.07745545726383367,-0.019343175515784447,-19.982901576536875,-22.201115062448242
81085f86-e4f0-4e28-98d2-e8063faed5b4,landmark_dropout_5pct,1941918436,True,9.930416818098589,7.690187764823543,-2.240229053275046,-22.55926507729401,-25.427380118912296,10.044800571937131,5.881304551971462,-4.1634960199656685,-41.44926512127599,-52.28517566062456,78.64825814711698,80.48491499959368,1.8366568524767075,2.335279757933246,2.308326813521687,2.5714285714285716,0.1044776119402985,-2.466950959488273,-95.93698175787728,-184.3824701195219,-4.116802208316684,-4.49610694496919,-0.3793047366525064,9.213576884656796,-8.807819283866463,0.85685622964284,0.8308822875091664,-0.025973942133673655,-3.0313069141716187,-3.0779580924068353,139.41320839350564,223.3443768554444,83.93116846193877,60.203168285917286,46.27397020759151,0.09679863277961812,0.042079390223966014,-0.0547192425556521,-56.52894156080867,-78.80187429545987
81085f86-e4f0-4e28-98d2-e8063faed5b4,landmark_dropout_10pct,1941918436,True,9.930416818098589,7.69170618949386,-2.2387106286047294,-22.543974433425472,-25.407955983966133,10.044800571937131,5.881307087547419,-4.163493484389712,-41.449239878605034,-52.28513549461292,78.64825814711698,80.49929709232273,1.851038945205758,2.3535663583842665,2.3261921207911036,2.5714285714285716,0.1044776119402985,-2.466950959488273,-95.93698175787728,-184.3824701195219,-4.116802208316684,-4.496275271408874,-0.3794730630921901,9.217665651402585,-8.811555776328193,0.85685622964284,0.8311184579573887,-0.025737771685451327,-3.003744478368267,-3.0495447443044745,139.41320839350564,242.11474727480527,102.70153888129963,73.66700764207062,53.8369665213132,0.09679863277961812,0.04207948191352716,-0.05471915086609096,-56.52884683884978,-78.80169022598604
81085f86-e4f0-4e28-98d2-e8063faed5b4,landmark_dropout_20pct,1941918436,True,9.930416818098589,7.757535970798155,-2.1728808473004344,-21.881063877804912,-24.569048473087474,10.044800571937131,5.874400651743377,-4.170399920193754,-41.51799620437358,-52.39458766298025,78.64825814711698,81.41030661281548,2.7620484656984985,3.5119003659711026,3.451297304634989,2.5714285714285716,0.1044776119402985,-2.466950959488273,-95.93698175787728,-184.3824701195219,-4.116802208316684,-4.5122686173088775,-0.39546640899219376,9.606155189901527,-9.165909446884731,0.85685622964284,0.8346894156013007,-0.022166814041539307,-2.5869933922029147,-2.6208945769642495,139.41320839350564,285.0271109789231,145.61390258541743,104.4477092689882,68.61454764746198,0.09679863277961812,0.04207874155635626,-0.05471989122326185,-56.52961168144066,-78.80317652158747
81085f86-e4f0-4e28-98d2-e8063faed5b4,jitter_sigma_0p004,1941918436,True,9.930416818098589,9.656068642359612,-0.27434817573897696,-2.762705541613986,-2.801402796768614,10.044800571937131,10.461213759258678,0.4164131873215471,4.145559529423711,4.0613761464904234,78.64825814711698,115.94755574038814,37.29929759327116,47.42545921805446,38.33514899229405,2.5714285714285716,1.5,-1.0714285714285716,-41.66666666666667,-52.63157894736844,-4.116802208316684,-5.358924333663865,-1.2421221253471808,30.172013676971655,-26.21692637169669,0.85685622964284,0.7477964303915181,-0.10905979925132192,-12.727899439650555,-13.592947803294301,139.41320839350564,260.51303240001306,121.09982400650742,86.86395313756273,60.561079346144275,0.09679863277961812,0.5236927495898173,0.4268941168101992,441.0125479583074,137.5987254424204
81085f86-e4f0-4e28-98d2-e8063faed5b4,jitter_sigma_0p008,1941918436,True,9.930416818098589,9.99384593072301,0.06342911262442108,0.6387356521512666,0.6367022300804835,10.044800571937131,11.226373812211001,1.1815732402738703,11.763033340601256,11.109619233382915,78.64825814711698,148.34220218653806,69.69394403942108,88.61473309307597,61.40693660603834,2.5714285714285716,1.0833333333333335,-1.4880952380952381,-57.870370370370374,-81.43322475570032,-4.116802208316684,-5.987156473364912,-1.8703542650482285,45.43221098331552,-37.02220731442949,0.85685622964284,0.5208825875904501,-0.3359736420523899,-39.210036693370654,-48.77174655310594,139.41320839350564,92.24668526126061,-47.16652313224503,-33.83217678995917,-40.72049105101936,0.09679863277961812,1.1150275636681857,1.0182289308885675,1051.9042486961298,168.04867461576202
81085f86-e4f0-4e28-98d2-e8063faed5b4,scale_minus_10pct,1941918436,True,9.930416818098589,8.93737513628873,-0.9930416818098582,-9.999999999999993,-10.526315789473674,10.044800571937131,10.044800571937131,0.0,0.0,0.0,78.64825814711698,70.78343233240531,-7.864825814711665,-9.99999999999996,-10.526315789473639,2.5714285714285716,2.5714285714285716,0.0,0.0,0.0,-4.116802208316684,-4.025287227195341,0.09151498112134249,-2.2229627873903124,2.247948314647503,0.85685622964284,0.8568562296428393,-7.771561172376096e-16,-9.06985431571815e-14,-9.069854315718154e-14,139.41320839350564,154.90356488167217,15.490356488166526,11.11111111111056,10.52631578947319,0.09679863277961812,0.08711876950165631,-0.009679863277961803,-9.999999999999991,-10.526315789473674
81085f86-e4f0-4e28-98d2-e8063faed5b4,scale_minus_5pct,1941918436,True,9.930416818098589,9.43389597719366,-0.4965208409049282,-4.999999999999988,-5.128205128205115,10.044800571937131,10.044800571937131,0.0,0.0,0.0,78.64825814711698,74.71584523976117,-3.932412907355811,-4.999999999999952,-5.128205128205078,2.5714285714285716,2.5714285714285716,0.0,0.0,0.0,-4.116802208316684,-4.072249418894383,0.04455278942230034,-1.0822183619192505,1.088106204490339,0.85685622964284,0.8568562296428399,-1.1102230246251565e-16,-1.2956934736740217e-14,-1.2956934736740217e-14,139.41320839350564,146.75074567736536,7.337537283859717,5.263157894730385,5.128205128198999,0.09679863277961812,0.0919587011406372,-0.0048399316389809155,-5.00000000000001,-5.128205128205138
81085f86-e4f0-4e28-98d2-e8063faed5b4,scale_plus_5pct,1941918436,True,9.930416818098589,10.426937659003523,0.49652084090493354,5.000000000000041,4.878048780487844,10.044800571937131,10.044800571937131,0.0,0.0,0.0,78.64825814711698,82.58067105447289,3.9324129073559106,5.000000000000079,4.878048780487879,2.5714285714285716,2.5714285714285716,0.0,0.0,0.0,-4.116802208316684,-4.159180806456558,-0.04237859813987388,1.029405737644171,-1.0241344880535628,0.85685622964284,0.8568562296428416,1.5543122344752192e-15,1.81397086314363e-13,1.8139708631436286e-13,139.41320839350564,132.77448418427252,-6.638724209233118,-4.761904761918077,-4.878048780501778,0.09679863277961812,0.10163856441859905,0.004839931638980929,5.000000000000025,4.878048780487828
81085f86-e4f0-4e28-98d2-e8063faed5b4,scale_plus_10pct,1941918436,True,9.930416818098589,10.923458499908447,0.9930416818098582,9.999999999999993,9.523809523809517,10.044800571937131,10.044800571937131,0.0,0.0,0.0,78.64825814711698,86.51308396182873,7.86482581471175,10.000000000000068,9.523809523809586,2.5714285714285716,2.5714285714285716,0.0,0.0,0.0,-4.116802208316684,-4.199587578633128,-0.0827853703164445,2.0109144459066584,-1.990896829928592,0.85685622964284,0.8568562296428399,-1.1102230246251565e-16,-1.2956934736740217e-14,-1.2956934736740217e-14,139.41320839350564,126.73928035772025,-12.673928035785394,-9.090909090917808,-9.523809523819093,0.09679863277961812,0.10647849605757995,0.009679863277961831,10.00000000000002,9.523809523809541
81085f86-e4f0-4e28-98d2-e8063faed5b4,combined_degradation,1941918436,True,9.930416818098589,13.973084121389011,4.042667303290422,40.70994578920893,33.824897143933434,10.044800571937131,15.396227945702588,5.351427373765457,53.27559602045378,42.06926909464377,78.64825814711698,97.97234949554677,19.32409134842979,24.5702725065859,21.8820347255582,2.5714285714285716,3.333333333333333,0.7619047619047614,29.629629629629605,25.80645161290321,-4.116802208316684,-4.720045538335139,-0.6032433300184552,14.65320167191406,-13.652907627542115,0.85685622964284,0.8419830865958858,-0.014873143046954196,-1.7357804649624486,-1.7509770235225917,139.41320839350564,194.98926594213555,55.576057548629905,39.86426981277251,33.239022922329205,0.09679863277961812,0.24114773177418655,0.14434909899456844,149.1230762765097,85.42722404198938
81681211-21c8-4d55-9d89-095b3a80d022,frame_thinning_2x,3183855267,True,8.667892120726405,9.842376499929829,1.1744843792034239,13.549826911147541,12.690084658120814,8.875825235472085,7.928226632095753,-0.9475986033763322,-10.676174645589803,-11.278215645182774,433.3946060363202,198.82421973156775,-234.57038630475247,-54.123974557517805,-74.20544176926245,0.0,0.16666666666666666,0.16666666666666666,,199.99999999999997,-8.67170701238011,-7.149106303838659,1.522600708541452,-17.558258211073323,19.248071235131153,1.0,0.9925839111538244,-0.007416088846175617,-0.7416088846175617,-0.7443690380779258,0.0,0.7645113113238156,0.7645113113238156,,200.00000000000003,0.0,5.901781136055453,5.901781136055453,,200.0
81681211-21c8-4d55-9d89-095b3a80d022,frame_thinning_3x,3183855267,True,8.667892120726405,7.106236292386366,-1.5616558283400392,-18.016558196494557,-19.800217006498574,8.875825235472085,6.697025237719469,-2.1787999977526162,-24.547576590907614,-27.982031953666933,433.3946060363202,118.43727153977277,-314.95733449654745,-72.67218606549818,-114.14974280934594,0.0,0.4,0.4,,200.0,-8.67170701238011,-6.563139430809682,2.108567581570429,-24.31548458175703,27.68085112551943,1.0,0.9716384399389146,-0.028361560061085367,-2.8361560061085367,-2.876953450143127,0.0,0.7720569237356647,0.7720569237356647,,199.99999999999997,0.0,7.106236292386366,7.106236292386366,,200.0
81681211-21c8-4d55-9d89-095b3a80d022,landmark_dropout_5pct,3183855267,True,8.667892120726405,8.667892120726405,0.0,0.0,0.0,8.875825235472085,8.875825235472085,0.0,0.0,0.0,433.3946060363202,433.3946060363202,0.0,0.0,0.0,0.0,0.0,0.0,,,-8.67170701238011,-8.67170701238011,0.0,-0.0,0.0,1.0,1.0,0.0,0.0,0.0,0.0,0.0,0.0,,,0.0,0.0,0.0,,
81681211-21c8-4d55-9d89-095b3a80d022,landmark_dropout_10pct,3183855267,True,8.667892120726405,8.667892120726405,0.0,0.0,0.0,8.875825235472085,8.875825235472085,0.0,0.0,0.0,433.3946060363202,433.3946060363202,0.0,0.0,0.0,0.0,0.0,0.0,,,-8.67170701238011,-8.67170701238011,0.0,-0.0,0.0,1.0,1.0,0.0,0.0,0.0,0.0,0.0,0.0,,,0.0,0.0,0.0,,
81681211-21c8-4d55-9d89-095b3a80d022,landmark_dropout_20pct,3183855267,True,8.667892120726405,8.667889400388736,-2.720337668904449e-06,-3.138407390188508e-05,-3.1384078826686325e-05,8.875825235472085,8.875824468477262,-7.669948232091883e-07,-8.64139167751869e-06,-8.641392050886956e-06,433.3946060363202,433.3944700194368,-0.00013601688340258988,-3.138407389204819e-05,-3.138407881684943e-05,0.0,0.0,0.0,,,-8.67170701238011,-8.671706739781465,2.725986458784746e-07,-3.1435407756431435e-06,3.1435408250523875e-06,1.0,1.0,0.0,0.0,0.0,0.0,0.0,0.0,,,0.0,0.0,0.0,,
81681211-21c8-4d55-9d89-095b3a80d022,jitter_sigma_0p004,3183855267,True,8.667892120726405,9.79201637185532,1.1241242511289151,12.968830662312266,12.179088012063053,8.875825235472085,10.015078209079364,1.1392529736072792,12.835459727781412,12.061392161060086,433.3946060363202,489.600818592766,56.20621255644579,12.968830662312278,12.17908801206306,0.0,0.0,0.0,,,-8.67170701238011,-8.777624279193878,-0.10591726681376734,1.2214119626338296,-1.2139980042090568,1.0,1.0,0.0,0.0,0.0,0.0,0.0,0.0,,,0.0,0.0,0.0,,
81681211-21c8-4d55-9d89-095b3a80d022,jitter_sigma_0p008,3183855267,True,8.667892120726405,11.192267351599854,2.5243752308734493,29.123288519445673,25.421500108203958,8.875825235472085,11.321884785511148,2.446059550039063,27.55867184341832,24.221157225228726,433.3946060363202,559.6133675799927,126.21876154367243,29.123288519445666,25.42150010820395,0.0,0.0,0.0,,,-8.67170701238011,-8.893716168692206,-0.2220091563120956,2.5601551804638416,-2.5277974122630003,1.0,1.0,0.0,0.0,0.0,0.0,0.0,0.0,,,0.0,0.0,0.0,,
81681211-21c8-4d55-9d89-095b3a80d022,scale_minus_10pct,3183855267,True,8.667892120726405,7.801102908653764,-0.866789212072641,-10.000000000000005,-10.526315789473692,8.875825235472085,8.875825235472085,0.0,0.0,0.0,433.3946060363202,390.05514543268816,-43.33946060363206,-10.000000000000009,-10.526315789473694,0.0,0.0,0.0,,,-8.67170701238011,-8.58019203125876,0.09151498112135137,-1.0553283337490595,1.060926462528713,1.0,1.0,0.0,0.0,0.0,0.0,0.0,0.0,,,0.0,0.0,0.0,,
81681211-21c8-4d55-9d89-095b3a80d022,scale_minus_5pct,3183855267,True,8.667892120726405,8.234497514690084,-0.4333946060363214,-5.000000000000013,-5.128205128205142,8.875825235472085,8.875825235472085,0.0,0.0,0.0,433.3946060363202,411.72487573450417,-21.66973030181606,-5.0000000000000115,-5.12820512820514,0.0,0.0,0.0,,,-8.67170701238011,-8.627154222957806,0.044552789422304784,-0.51377184859566,0.5150950552894529,1.0,1.0,0.0,0.0,0.0,0.0,0.0,0.0,,,0.0,0.0,0.0,,
81681211-21c8-4d55-9d89-095b3a80d022,scale_plus_5pct,3183855267,True,8.667892120726405,9.101286726762725,0.43339460603631963,4.999999999999993,4.878048780487798,8.875825235472085,8.875825235472085,0.0,0.0,0.0,433.3946060363202,455.06433633813623,21.669730301816003,4.999999999999998,4.878048780487803,0.0,0.0,0.0,,,-8.67170701238011,-8.714085610519986,-0.04237859813987477,0.48869960757868336,-0.48750838180428796,1.0,1.0,0.0,0.0,0.0,0.0,0.0,0.0,,,0.0,0.0,0.0,,
81681211-21c8-4d55-9d89-095b3a80d022,scale_plus_10pct,3183855267,True,8.667892120726405,9.534681332799046,0.866789212072641,10.000000000000005,9.523809523809527,8.875825235472085,8.875825235472085,0.0,0.0,0.0,433.3946060363202,476.7340666399523,43.33946060363206,10.000000000000009,9.52380952380953,0.0,0.0,0.0,,,-8.67170701238011,-8.75449238269656,-0.08278537031644895,0.9546606014047857,-0.9501253651423023,1.0,1.0,0.0,0.0,0.0,0.0,0.0,0.0,,,0.0,0.0,0.0,,
81681211-21c8-4d55-9d89-095b3a80d022,combined_degradation,3183855267,True,8.667892120726405,10.056696971907165,1.38880485118076,16.022405814902697,14.834022197337603,8.875825235472085,7.3203063808118705,-1.5555188546602148,-17.525343428840962,-19.208523263620073,433.3946060363202,153.08610699427933,-280.3084990420409,-64.6774314072912,-95.59001440765739,0.0,0.25,0.25,,200.0,-8.67170701238011,-7.439264625927762,1.232442386452349,-14.212223552904405,15.299417243363626,1.0,0.9941726902321795,-0.005827309767820532,-0.5827309767820532,-0.5844338152220974,0.0,0.6692255130196287,0.6692255130196287,,200.0,0.0,6.1234442797711734,6.1234442797711734,,200.0
82b83897-42aa-447f-82ea-5e471706e7c5,frame_thinning_2x,1034216254,True,2.5770242890540933,7.974004505863094,5.396980216809001,209.4268276683563,102.30244503567124,0.9988789204231837,1.2065727926416216,0.20769387221843794,20.79269749034714,18.834588033651954,59.35761135129583,105.32791777633491,45.970306425039084,77.44635503098881,55.82798521345764,0.3333333333333333,0.14285714285714285,-0.19047619047619047,-57.14285714285714,-80.0,-6.213739575663749,-5.521980687218636,0.6917588884451131,-11.132730620935618,11.788946446397519,0.8277639549321579,0.9794716458286906,0.1517076908965327,18.327409642881392,16.788922355520615,144.0559981462761,84.73378238466468,-59.32221576161142,-41.179969265406754,-51.857399945002236,0.6144102585214678,0.05520686418926952,-0.5592033943321982,-91.01465780826629,-167.02183243715055
82b83897-42aa-447f-82ea-5e471706e7c5,frame_thinning_3x,1034216254,True,2.5770242890540933,10.736303066323094,8.159278777269002,316.6162931380013,122.57309625866759,0.9988789204231837,2.62945852463089,1.630579604207706,163.24096653445213,89.88026218070823,59.35761135129583,107.75695689512285,48.399345543827025,81.53856673474516,57.923550354341096,0.3333333333333333,0.19999999999999996,-0.13333333333333336,-40.00000000000001,-50.00000000000002,-6.213739575663749,-5.429628299906533,0.7841112757572164,-12.618991610594785,13.46880531710094,0.8277639549321579,0.9838546511706033,0.1560906962384454,18.85690906307201,17.23218073744948,144.0559981462761,9.725558651015627,-134.33043949526046,-93.24876521896701,-174.70292575114078,0.6144102585214678,0.0766366135879949,-0.5377736449334729,-87.52680110315619,-155.64028046082782
82b83897-42aa-447f-82ea-5e471706e7c5,landmark_dropout_5pct,1034216254,True,2.5770242890540933,2.5770242890540933,0.0,0.0,0.0,0.9988789204231837,0.9988789204231837,0.0,0.0,0.0,59.35761135129583,59.35761135129583,0.0,0.0,0.0,0.3333333333333333,0.3333333333333333,0.0,0.0,0.0,-6.213739575663749,-6.213739556141435,1.952231443169694e-08,-3.1417979775265323e-07,3.14179798246198e-07,0.8277639549321579,0.8277633231780752,-6.317540827138757e-07,-7.632055961722242e-05,-7.632058874137263e-05,144.0559981462761,144.0560786320082,8.048573209862298e-05,5.587114256561316e-05,5.587112695769467e-05,0.6144102585214678,0.6144102372995344,-2.1221933432791218e-08,-3.45403305665179e-06,-3.4540331163035124e-06
82b83897-42aa-447f-82ea-5e471706e7c5,landmark_dropout_10pct,1034216254,True,2.5770242890540933,2.4434610983328775,-0.1335631907212158,-5.182845628911037,-5.320728193204916,0.9988789204231837,1.0284815849829838,0.029602664559800096,2.9635888749417867,2.920315797892039,59.35761135129583,51.760343309423845,-7.597268041871985,-12.799147184190272,-13.674240252295839,0.3333333333333333,0.7142857142857142,0.3809523809523809,114.28571428571428,72.72727272727272,-6.213739575663749,-6.1995557787321784,0.01418379693157057,-0.22826506902738136,0.22852589141927818,0.8277639549321579,0.8114148714447245,-0.01634908348743347,-1.9750900471105208,-1.9947894914638757,144.0559981462761,270.74397762940976,126.68797948313366,87.94356438701931,61.08388952830776,0.6144102585214678,0.6144572554562555,4.699693478771305e-05,0.007649112972300894,0.007648820438842687
82b83897-42aa-447f-82ea-5e471706e7c5,landmark_dropout_20pct,1034216254,True,2.5770242890540933,2.4434610983328775,-0.1335631907212158,-5.182845628911037,-5.320728193204916,0.9988789204231837,1.0284815849829838,0.029602664559800096,2.9635888749417867,2.920315797892039,59.35761135129583,51.760343309423845,-7.597268041871985,-12.799147184190272,-13.674240252295839,0.3333333333333333,0.7142857142857142,0.3809523809523809,114.28571428571428,72.72727272727272,-6.213739575663749,-6.1995557787321784,0.01418379693157057,-0.22826506902738136,0.22852589141927818,0.8277639549321579,0.8114148714447245,-0.01634908348743347,-1.9750900471105208,-1.9947894914638757,144.0559981462761,270.74397762940976,126.68797948313366,87.94356438701931,61.08388952830776,0.6144102585214678,0.6144572554562555,4.699693478771305e-05,0.007649112972300894,0.007648820438842687
82b83897-42aa-447f-82ea-5e471706e7c5,jitter_sigma_0p004,1034216254,True,2.5770242890540933,0.8798072106455262,-1.697217078408567,-65.85956855810377,-98.19495561505073,0.9988789204231837,1.2096712307067239,0.21079231028354017,21.102889046275617,19.088750162698144,59.35761135129583,37.76051275641814,-21.597098594877693,-36.38471647226453,-44.4759385404197,0.3333333333333333,0.6000000000000001,0.2666666666666668,80.00000000000004,57.14285714285717,-6.213739575663749,-6.7203127764478525,-0.5065732007841035,8.152469130957932,-7.833170718555207,0.8277639549321579,0.2174374938246564,-0.6103264611075015,-73.73194465293223,-116.78637870880054,144.0559981462761,154.76802101964861,10.712022873372518,7.436013086032981,7.169452377537678,0.6144102585214678,0.2566950066550685,-0.3577152518663993,-58.22091133816909,-82.12905286341152
82b83897-42aa-447f-82ea-5e471706e7c5,jitter_sigma_0p008,1034216254,True,2.5770242890540933,1.0290687976062902,-1.547955491447803,-60.06755535920797,-85.85222035304533,0.9988789204231837,0.0,-0.9988789204231837,-100.0,-200.0,59.35761135129583,61.74412785637741,2.3865165050815804,4.020573690132968,3.9413414220072016,0.3333333333333333,0.0,-0.3333333333333333,-100.0,-199.99999999999997,-6.213739575663749,-7.137493821850516,-0.9237542461867667,14.866317375203025,-13.837736464988344,0.8277639549321579,1.0,0.17223604506784207,20.807386458614065,18.846639863213085,144.0559981462761,0.0,-144.0559981462761,-100.0,-200.0,0.6144102585214678,0.0,-0.6144102585214678,-100.0,-200.0
82b83897-42aa-447f-82ea-5e471706e7c5,scale_minus_10pct,1034216254,True,2.5770242890540933,2.3193218601486834,-0.25770242890540995,-10.000000000000025,-10.526315789473712,0.9988789204231837,0.9988789204231837,0.0,0.0,0.0,59.35761135129583,53.42185021616625,-5.935761135129582,-9.999999999999998,-10.526315789473681,0.3333333333333333,0.3333333333333333,0.0,0.0,0.0,-6.213739575663749,-6.122224594542399,0.09151498112134959,-1.472784303348825,1.4837102290289852,0.8277639549321579,0.8277639549321606,2.6645352591003757e-15,3.218955407787424e-13,3.218955407787419e-13,144.0559981462761,160.06222016250388,16.00622201622778,11.111111111093674,10.526315789458033,0.6144102585214678,0.5529692326693211,-0.061441025852146725,-9.999999999999991,-10.526315789473674
82b83897-42aa-447f-82ea-5e471706e7c5,scale_minus_5pct,1034216254,True,2.5770242890540933,2.448173074601388,-0.12885121445270542,-5.000000000000029,-5.128205128205159,0.9988789204231837,0.9988789204231837,0.0,0.0,0.0,59.35761135129583,56.389730783731025,-2.967880567564805,-5.000000000000022,-5.128205128205152,0.3333333333333333,0.3333333333333333,0.0,0.0,0.0,-6.213739575663749,-6.169186786241445,0.044552789422303896,-0.7170044524684603,0.7195841777653784,0.8277639549321579,0.8277639549321556,-2.3314683517128287e-15,-2.8165859818139963e-13,-2.8165859818140004e-13,144.0559981462761,151.63789278554515,7.581894639269052,5.263157894730846,5.128205128199436,0.6144102585214678,0.5836897455953944,-0.030720512926073362,-4.999999999999996,-5.128205128205124
82b83897-42aa-447f-82ea-5e471706e7c5,scale_plus_5pct,1034216254,True,2.5770242890540933,2.705875503506798,0.12885121445270453,4.999999999999995,4.8780487804878,0.9988789204231837,0.9988789204231837,0.0,0.0,0.0,59.35761135129583,62.325491918860614,2.9678805675647837,4.999999999999987,4.878048780487792,0.3333333333333333,0.3333333333333333,0.0,0.0,0.0,-6.213739575663749,-6.256118173803626,-0.042378598139876544,0.682014391234761,-0.67969657699883,0.8277639549321579,0.8277639549321577,-2.220446049250313e-16,-2.6824628398228536e-14,-2.682462839822854e-14,144.0559981462761,137.19618871073834,-6.8598094355377555,-4.761904761905316,-4.878048780488387,0.6144102585214678,0.6451307714475413,0.030720512926073473,5.000000000000013,4.878048780487818
82b83897-42aa-447f-82ea-5e471706e7c5,scale_plus_10pct,1034216254,True,2.5770242890540933,2.8347267179595024,0.25770242890540906,9.99999999999999,9.523809523809515,0.9988789204231837,0.9988789204231837,0.0,0.0,0.0,59.35761135129583,65.29337248642541,5.935761135129582,9.999999999999998,9.523809523809522,0.3333333333333333,0.3333333333333333,0.0,0.0,0.0,-6.213739575663749,-6.2965249459802,-0.08278537031645072,1.3322954608635593,-1.323479134645381,0.8277639549321579,0.827763954932159,1.1102230246251565e-15,1.3412314199114269e-13,1.341231419911426e-13,144.0559981462761,130.959998314791,-13.095999831485102,-9.090909090912879,-9.523809523813682,0.6144102585214678,0.6758512843736146,0.061441025852146836,10.000000000000009,9.523809523809534
82b83897-42aa-447f-82ea-5e471706e7c5,combined_degradation,1034216254,True,2.5770242890540933,1.0247631097104213,-1.552261179343672,-60.23463519288115,-86.1939369256569,0.9988789204231837,0.7833179222885289,-0.2155609981346548,-21.580293039253498,-24.190481429275412,59.35761135129583,30.74289329131264,-28.61471805998319,-48.20732743208425,-63.51733139228458,0.3333333333333333,0.0,-0.3333333333333333,-100.0,-199.99999999999997,-6.213739575663749,-5.929731984714186,0.28400759094956296,-4.570638783477266,4.677535407193294,0.8277639549321579,1.0,0.17223604506784207,20.807386458614065,18.846639863213085,144.0559981462761,0.0,-144.0559981462761,-100.0,-200.0,0.6144102585214678,0.0,-0.6144102585214678,-100.0,-200.0
82f22494-5871-41de-aebc-9d2012ce6571,frame_thinning_2x,1373332226,True,7.014672346900504,6.248117718025255,-0.766554628875249,-10.92787504485449,-11.55947768339406,6.288248025398291,8.637046726796928,2.3487987013986373,37.3521955863035,31.474067888048573,94.63125465976516,27.558524213072474,-67.07273044669269,-70.87798918850258,-109.78451891053012,0.0909090909090909,0.1,0.009090909090909108,10.00000000000002,9.52380952380954,-6.170020386382154,-4.311273262825063,1.858747123557091,-30.12546162180485,35.46789520008692,0.9384344553837825,0.7275376493978397,-0.21089680598594274,-22.47325903008264,-25.318167738899493,5.544041521123956,1.5386320009634642,-4.005409520160493,-72.24710538149914,-113.10445152298959,0.3027359862487236,0.38101964328952387,0.07828365704080026,25.85872198770698,22.898138942904684
82f22494-5871-41de-aebc-9d2012ce6571,frame_thinning_3x,1373332226,True,7.014672346900504,6.030806526807868,-0.9838658200926362,-14.025827172488908,-15.083629042939956,6.288248025398291,8.58125097520084,2.293002949802549,36.46489356878242,30.84169748705263,94.63125465976516,26.3519957652152,-68.27925889454997,-72.1529680019984,-112.8739038746339,0.0909090909090909,0.14285714285714285,0.05194805194805195,57.14285714285715,44.44444444444445,-6.170020386382154,-4.109965726151795,2.0600546602303593,-33.388133769818715,40.07893858375203,0.9384344553837825,0.5975505223713236,-0.3408839330124589,-36.32474607649086,-44.38636288105789,5.544041521123956,1.9769810780479349,-3.5670604430760218,-64.3404352129178,-94.855729950041,0.3027359862487236,0.49969532807824657,0.19695934182952296,65.05977180648222,49.090641980920275
82f22494-5871-41de-aebc-9d2012ce6571,landmark_dropout_5pct,1373332226,True,7.014672346900504,7.014672346900504,0.0,0.0,0.0,6.288248025398291,6.288248025398291,0.0,0.0,0.0,94.63125465976516,94.63125465976516,0.0,0.0,0.0,0.0909090909090909,0.0909090909090909,0.0,0.0,0.0,-6.170020386382154,-6.170020386382154,0.0,-0.0,0.0,0.9384344553837825,0.9384344553837825,0.0,0.0,0.0,5.544041521123956,5.544041521123956,0.0,0.0,0.0,0.3027359862487236,0.3027359862487236,0.0,0.0,0.0
82f22494-5871-41de-aebc-9d2012ce6571,landmark_dropout_10pct,1373332226,True,7.014672346900504,7.021573873173754,0.006901526273249914,0.09838700842954431,0.09833863221036318,6.288248025398291,6.288269265161812,2.1239763521307964e-05,0.0003377691756991831,0.0003377686052600662,94.63125465976516,94.69377315886423,0.06251849909907037,0.06606538117226472,0.06604356520571826,0.0909090909090909,0.0909090909090909,0.0,0.0,0.0,-6.170020386382154,-6.166795812280192,0.0032245741019618634,-0.05226196835716812,0.05227562849337898,0.9384344553837825,0.9408196358978359,0.002385180514053453,0.25416591434486585,0.2538433227437384,5.544041521123956,3.681546257447671,-1.8624952636762853,-33.5945403110671,-40.37672847257111,0.3027359862487236,0.2764854785380793,-0.0262505077106443,-8.671089299927909,-9.0640659252179
82f22494-5871-41de-aebc-9d2012ce6571,landmark_dropout_20pct,1373332226,True,7.014672346900504,7.150834816965305,0.13616247006480098,1.941109482112384,1.9224510423761185,6.288248025398291,2.740203177830192,-3.548044847568099,-56.423424032218726,-78.5969767727017,94.63125465976516,109.55662800134294,14.925373341577782,15.772139337304672,14.619254724678756,0.0909090909090909,0.1,0.009090909090909108,10.00000000000002,9.52380952380954,-6.170020386382154,-6.748732479209367,-0.5787120928272129,9.379419460339026,-8.95925634383153,0.9384344553837825,0.9745452504861718,0.03611079510238935,3.8479826582690277,3.7753453412583338,5.544041521123956,6.033776189512239,0.48973466838828283,8.833531756973526,8.459878720294208,0.3027359862487236,0.18875101158561058,-0.11398497466311303,-37.65161059163432,-46.383719270447116
82f22494-5871-41de-aebc-9d2012ce6571,jitter_sigma_0p004,1373332226,True,7.014672346900504,7.745690550105398,0.7310182032048944,10.421273682553418,9.905152174181021,6.288248025398291,7.049715057098339,0.7614670317000485,12.109367006906792,11.418040775646164,94.63125465976516,134.6536135497231,40.02235888995794,42.29296022107424,34.91059763559376,0.0909090909090909,0.3333333333333333,0.24242424242424243,266.6666666666667,114.28571428571429,-6.170020386382154,-6.556307653093674,-0.3862872667115198,6.260712972101261,-6.07067907590146,0.9384344553837825,0.917684830679193,-0.02074962470458941,-2.211089393142927,-2.2358072415271915,5.544041521123956,46.46903230672461,40.92499078560065,738.179730971853,157.36424623183413,0.3027359862487236,0.46457827195279594,0.16184228570407233,53.45987694079586,42.18409445001287
82f22494-5871-41de-aebc-9d2012ce6571,jitter_sigma_0p008,1373332226,True,7.014672346900504,6.183421723840344,-0.8312506230601597,-11.850170356530699,-12.596525204392625,6.288248025398291,5.997524356753324,-0.2907236686449668,-4.623285650800211,-4.732688505076344,94.63125465976516,46.2428134700414,-48.388441189723764,-51.13367815284533,-68.69744280421698,0.0909090909090909,0.8333333333333334,0.7424242424242424,816.6666666666667,160.65573770491804,-6.170020386382154,-6.308981331854604,-0.13896094547245053,2.252195888674065,-2.2271163769354017,0.9384344553837825,0.9297672566410096,-0.008667198742772886,-0.9235806180228481,-0.9278654105695271,5.544041521123956,47.29548952175242,41.751448000628464,753.0868562500249,158.03110730392157,0.3027359862487236,1.5150957460795598,1.2123597598308362,400.46767312121875,133.38525654165392
82f22494-5871-41de-aebc-9d2012ce6571,scale_minus_10pct,1373332226,True,7.014672346900504,6.313205112210452,-0.7014672346900515,-10.000000000000016,-10.5263157894737,6.288248025398291,6.288248025398291,0.0,0.0,0.0,94.63125465976516,85.16812919378862,-9.463125465976546,-10.000000000000032,-10.526315789473719,0.0909090909090909,0.0909090909090909,0.0,0.0,0.0,-6.170020386382154,-6.078505405260803,0.09151498112135048,-1.4832200769276727,1.494301970344712,0.9384344553837825,0.9384344553837825,0.0,0.0,0.0,5.544041521123956,6.160046134581571,0.6160046134576147,11.11111111110024,10.526315789463927,0.3027359862487236,0.2724623876238512,-0.03027359862487239,-10.000000000000009,-10.526315789473694
82f22494-5871-41de-aebc-9d2012ce6571,scale_minus_5pct,1373332226,True,7.014672346900504,6.663938729555477,-0.3507336173450266,-5.00000000000002,-5.12820512820515,6.288248025398291,6.288248025398291,0.0,0.0,0.0,94.63125465976516,89.89969192677685,-4.7315627329883085,-5.000000000000053,-5.128205128205184,0.0909090909090909,0.0909090909090909,0.0,0.0,0.0,-6.170020386382154,-6.12546759695985,0.044552789422303896,-0.7220849629708893,0.724701443044217,0.9384344553837825,0.9384344553837819,-5.551115123125783e-16,-5.915293381737136e-14,-5.915293381737139e-14,5.544041521123956,5.83583318012883,0.2917916590048737,5.263157894707074,5.128205128176868,0.3027359862487236,0.28759918693628744,-0.015136799312436167,-4.999999999999996,-5.128205128205123
82f22494-5871-41de-aebc-9d2012ce6571,scale_plus_5pct,1373332226,True,7.014672346900504,7.365405964245529,0.35073361734502484,4.999999999999995,4.8780487804878,6.288248025398291,6.288248025398291,0.0,0.0,0.0,94.63125465976516,99.36281739275341,4.731562732988252,4.999999999999993,4.8780487804877986,0.0909090909090909,0.0909090909090909,0.0,0.0,0.0,-6.170020386382154,-6.21239898452203,-0.042378598139876544,0.6868469710960812,-0.6844962502151466,0.9384344553837825,0.9384344553837826,1.1102230246251565e-16,1.1830586763474275e-14,1.1830586763474273e-14,5.544041521123956,5.280039543926877,-0.2640019771970792,-4.7619047619173935,-4.87804878050106,0.3027359862487236,0.3178727855611598,0.015136799312436167,4.999999999999996,4.8780487804878
82f22494-5871-41de-aebc-9d2012ce6571,scale_plus_10pct,1373332226,True,7.014672346900504,7.716139581590554,0.7014672346900497,9.99999999999999,9.523809523809515,6.288248025398291,6.288248025398291,0.0,0.0,0.0,94.63125465976516,104.09438012574165,9.46312546597649,9.999999999999972,9.523809523809497,0.0909090909090909,0.0909090909090909,0.0,0.0,0.0,-6.170020386382154,-6.252805756698604,-0.08278537031644984,1.3417357663706484,-1.332794476280415,0.9384344553837825,0.9384344553837819,-5.551115123125783e-16,-5.915293381737136e-14,-5.915293381737139e-14,5.544041521123956,5.040037746475944,-0.5040037746480124,-9.090909090915945,-9.523809523817047,0.3027359862487236,0.33300958487359594,0.030273598624872333,9.999999999999991,9.523809523809515
82f22494-5871-41de-aebc-9d2012ce6571,combined_degradation,1373332226,True,7.014672346900504,6.577175923827728,-0.43749642307277625,-6.23687609965258,-6.43762959030348,6.288248025398291,5.738313300087242,-0.5499347253110489,-8.745436297834589,-9.14533606785308,94.63125465976516,44.045123547652395,-50.58613111211277,-53.456050322896886,-72.95565656676057,0.0909090909090909,0.16666666666666666,0.07575757575757576,83.33333333333334,58.82352941176471,-6.170020386382154,-5.1333592962225705,1.0366610901595834,-16.801582899913868,18.342497894765888,0.9384344553837825,0.9007002518249484,-0.037734203558834056,-4.020973797621514,-4.103473596678903,5.544041521123956,2.3063280922108733,-3.237713428913083,-58.39987699545032,-82.48563031767127,0.3027359862487236,0.0,-0.3027359862487236,-100.0,-200.0
885e6026-a607-42b3-b29f-1ac055c9efb2,frame_thinning_2x,2083781953,True,6.1952245459038915,5.295223169748226,-0.9000013761556653,-14.527340687767662,-15.66520989307835,1.2425559749947013,0.9963210866943355,-0.24623488830036577,-19.81680449457545,-21.996284879939154,71.9420119383215,58.16300749164515,-13.779004446676346,-19.152931750768364,-21.181357194436842,0.6153846153846154,0.5714285714285714,-0.04395604395604402,-7.142857142857154,-7.407407407407418,-6.9049708163728285,-5.625069365903109,1.27990145046972,-18.53594293888776,20.429327150605204,0.9247644051148655,0.8999588997715428,-0.02480550534332271,-2.6823594426995276,-2.718823755568452,1209.5916199448804,166.46090137654173,-1043.1307185683388,-86.23825606661138,-151.6120500352154,0.22264736852458197,0.3603429519182364,0.13769558339365442,61.84469383407591,47.23769111262973
885e6026-a607-42b3-b29f-1ac055c9efb2,frame_thinning_3x,2083781953,True,6.1952245459038915,9.17851912724583,2.983294581341938,48.15474498522267,38.81025526075694,1.2425559749947013,45.91086101269227,44.66830503769757,3594.8726605968845,189.45946186407517,71.9420119383215,83.15997529527498,11.217963356953476,15.59306315560238,14.465273536512838,0.6153846153846154,0.49999999999999994,-0.11538461538461547,-18.750000000000014,-20.689655172413808,-6.9049708163728285,-5.618707111736529,1.2862637046362995,-18.62808314245667,20.541309222736945,0.9247644051148655,0.996039949276159,0.07127554416129356,7.7074272935970525,7.421426757842903,1209.5916199448804,456.55295012256124,-753.0386698223192,-62.25561234101756,-90.39295669184793,0.22264736852458197,0.06698444910716501,-0.15566291941741695,-69.91455612026718,-107.49020649059689
885e6026-a607-42b3-b29f-1ac055c9efb2,landmark_dropout_5pct,2083781953,True,6.1952245459038915,6.1952245459038915,0.0,0.0,0.0,1.2425559749947013,1.2425559749947013,0.0,0.0,0.0,71.9420119383215,71.9420119383215,0.0,0.0,0.0,0.6153846153846154,0.6153846153846154,0.0,0.0,0.0,-6.9049708163728285,-6.9049708163728285,0.0,-0.0,0.0,0.9247644051148655,0.9247644051148655,0.0,0.0,0.0,1209.5916199448804,1209.5916199448804,0.0,0.0,0.0,0.22264736852458197,0.22264736852458197,0.0,0.0,0.0
885e6026-a607-42b3-b29f-1ac055c9efb2,landmark_dropout_10pct,2083781953,True,6.1952245459038915,6.204483417532446,0.00925887162855421,0.14945175207048655,0.14934015633039627,1.2425559749947013,1.2425563825424857,4.075477844089903e-07,3.279914890037274e-05,3.2799143521452774e-05,71.9420119383215,72.05342381040829,0.11141187208679071,0.15486343665549437,0.15474361601461176,0.6153846153846154,0.4,-0.2153846153846154,-35.0,-42.42424242424243,-6.9049708163728285,-6.906557746205141,-0.0015869298323121228,0.022982426349279415,-0.022979785693118343,0.9247644051148655,0.9102945599558209,-0.014469845159044592,-1.5647061109848064,-1.57704416418981,1209.5916199448804,1188.5547422218808,-21.036877722999634,-1.73917191357181,-1.7544281746000272,0.22264736852458197,0.12065554146340858,-0.10199182706117339,-45.808682912824416,-59.41797992026416
885e6026-a607-42b3-b29f-1ac055c9efb2,landmark_dropout_20pct,2083781953,True,6.1952245459038915,6.200926999906158,0.005702454002266322,0.09204596153075072,0.09200361872300238,1.2425559749947013,1.2425566747668637,6.997721624379949e-07,5.6317154037344596e-05,5.631713817923986e-05,71.9420119383215,72.01644878752928,0.07443684920778537,0.1034678447297287,0.10341434443306556,0.6153846153846154,0.31250000000000006,-0.30288461538461536,-49.21874999999999,-65.28497409326424,-6.9049708163728285,-6.906198820217879,-0.0012280038450507291,0.01778434518707782,-0.017782763913018772,0.9247644051148655,0.9132270061001366,-0.011537399014728833,-1.2476041412186238,-1.255435574326438,1209.5916199448804,1329.1133023888565,119.52168244397603,9.881159928127023,9.415957041128213,0.22264736852458197,0.048774007603717494,-0.17387336092086447,-78.09360697728953,-128.1206096594805
885e6026-a607-42b3-b29f-1ac055c9efb2,jitter_sigma_0p004,2083781953,True,6.1952245459038915,0.3139911181403901,-5.881233427763501,-94.93172336508783,-180.70482624351686,1.2425559749947013,0.0385277266029882,-1.204028248391713,-96.89931662006998,-187.97027030944543,71.9420119383215,15.699555907019505,-56.242456031302,-78.17748561093995,-128.34653102179033,0.6153846153846154,0.0,-0.6153846153846154,-100.0,-200.0,-6.9049708163728285,-5.789714744081758,1.1152560722910705,-16.15149581293832,17.570440275657116,0.9247644051148655,1.0,0.07523559488513454,8.135649952464323,7.817641960252757,1209.5916199448804,0.0,-1209.5916199448804,-100.0,-200.0,0.22264736852458197,0.0,-0.22264736852458197,-100.0,-199.99999999999997
885e6026-a607-42b3-b29f-1ac055c9efb2,jitter_sigma_0p008,2083781953,True,6.1952245459038915,1.0162080078417894,-5.179016538062102,-83.5969140373826,-143.6335013733735,1.2425559749947013,0.36725355906830903,-0.8753024159263922,-70.44370101154797,-108.74608422987905,71.9420119383215,50.81040039208947,-21.13161154623203,-29.373117288336232,-34.42964768684523,0.6153846153846154,0.0,-0.6153846153846154,-100.0,-200.0,-6.9049708163728285,-6.809845243105498,0.09512557326733084,-1.3776390342124598,1.3871942992861277,0.9247644051148655,1.0,0.07523559488513454,8.135649952464323,7.817641960252757,1209.5916199448804,0.0,-1209.5916199448804,-100.0,-200.0,0.22264736852458197,0.0,-0.22264736852458197,-100.0,-199.99999999999997
885e6026-a607-42b3-b29f-1ac055c9efb2,scale_minus_10pct,2083781953,True,6.1952245459038915,5.575702091313502,-0.6195224545903892,-10.000000000000002,-10.526315789473687,1.2425559749947013,1.2425559749947013,0.0,0.0,0.0,71.9420119383215,64.74781074448936,-7.194201193832143,-9.99999999999999,-10.526315789473673,0.6153846153846154,0.6153846153846154,0.0,0.0,0.0,-6.9049708163728285,-6.813455835251478,0.09151498112135048,-1.3253492817718115,1.3341906247027944,0.9247644051148655,0.924764405114864,-1.4432899320127035e-15,-1.5607109486804174e-13,-1.5607109486804187e-13,1209.5916199448804,1343.9906888290268,134.39906888414635,11.111111111225352,10.526315789576216,0.22264736852458197,0.2003826316721238,-0.022264736852458167,-9.999999999999986,-10.52631578947367
885e6026-a607-42b3-b29f-1ac055c9efb2,scale_minus_5pct,2083781953,True,6.1952245459038915,5.8854633186086955,-0.30976122729519595,-5.000000000000022,-5.128205128205152,1.2425559749947013,1.2425559749947013,0.0,0.0,0.0,71.9420119383215,68.34491134140544,-3.5971005969160643,-4.999999999999985,-5.1282051282051135,0.6153846153846154,0.6153846153846154,0.0,0.0,0.0,-6.9049708163728285,-6.860418026950524,0.044552789422304784,-0.6452277729641195,0.6473161046070165,0.9247644051148655,0.9247644051148675,1.9984014443252818e-15,2.1609843904805778e-13,2.1609843904805755e-13,1209.5916199448804,1273.254336784623,63.66271683974264,5.2631578947813535,5.128205128247386,0.22264736852458197,0.21151500009835283,-0.011132368426229139,-5.000000000000019,-5.128205128205147
885e6026-a607-42b3-b29f-1ac055c9efb2,scale_plus_5pct,2083781953,True,6.1952245459038915,6.5049857731990866,0.30976122729519506,5.000000000000008,4.878048780487812,1.2425559749947013,1.2425559749947013,0.0,0.0,0.0,71.9420119383215,75.5391125352376,3.597100596916107,5.000000000000044,4.878048780487847,0.6153846153846154,0.6153846153846154,0.0,0.0,0.0,-6.9049708163728285,-6.947349414512704,-0.042378598139875656,0.6137404381114687,-0.6118628133558033,0.9247644051148655,0.9247644051148656,1.1102230246251565e-16,1.200546883600321e-14,1.2005468836003209e-14,1209.5916199448804,1151.992018997812,-57.59960094706844,-4.7619047616825565,-4.878048780254629,0.22264736852458197,0.23377973695081108,0.011132368426229111,5.000000000000006,4.87804878048781
885e6026-a607-42b3-b29f-1ac055c9efb2,scale_plus_10pct,2083781953,True,6.1952245459038915,6.814747000494281,0.6195224545903892,10.000000000000002,9.523809523809524,1.2425559749947013,1.2425559749947013,0.0,0.0,0.0,71.9420119383215,79.13621313215366,7.194201193832157,10.00000000000001,9.523809523809533,0.6153846153846154,0.6153846153846154,0.0,0.0,0.0,-6.9049708163728285,-6.987756186689278,-0.08278537031644984,1.1989242607680834,-1.1917799910442788,0.9247644051148655,0.9247644051148686,3.1086244689504383e-15,3.361531274080899e-13,3.3615312740808934e-13,1209.5916199448804,1099.6287454036221,-109.96287454125832,-9.090909090976439,-9.52380952388344,0.22264736852458197,0.24491210537704022,0.02226473685245825,10.000000000000025,9.523809523809545
885e6026-a607-42b3-b29f-1ac055c9efb2,combined_degradation,2083781953,True,6.1952245459038915,12.171717433048475,5.976492887144583,96.46935059191797,65.07880183857887,1.2425559749947013,1.0035189574310035,-0.23903701756369777,-19.237525099399814,-21.28486579969474,71.9420119383215,175.32086854842942,103.37885661010792,143.69747776686918,83.61858149237833,0.6153846153846154,0.3,-0.31538461538461543,-51.25000000000001,-68.9075630252101,-6.9049708163728285,-6.426861687599455,0.4781091287733732,-6.924129608769632,7.172444277722785,0.9247644051148655,0.9442991531086323,0.019534747993766866,2.1124026709635784,2.090324634260613,1209.5916199448804,103.26460338135308,-1106.3270165635274,-91.46285393527621,-168.53742198221119,0.22264736852458197,0.44482407403493446,0.22217670551035248,99.78860607365431,66.5726475602862
88fc3423-a0c8-4e39-adb0-6cbc7c7f3051,frame_thinning_2x,1926552804,True,8.602472156761271,6.510357449220516,-2.0921147075407553,-24.319924196399977,-27.68660485277593,5.822999310432113,6.073681407758886,0.2506820973267727,4.305033951792965,4.214319998408619,145.3142070985236,34.228821448501755,-111.08538565002186,-76.44495873325417,-123.74235474247524,1.5526315789473681,1.272727272727273,-0.2799043062200952,-18.02773497688749,-19.813717188822995,-6.135709844573103,-5.471783410368979,0.6639264342041242,-10.820694769185543,11.43961783344473,0.5302391078515512,0.5799104329184019,0.04967132506685079,9.367721907218709,8.948582734610843,712.9400406742824,95.11286947875053,-617.8271711955318,-86.6590647105758,-152.91750414673336,2.165520492862148,1.9722939902953103,-0.1932265025668376,-8.922866498088503,-9.339544020320192
88fc3423-a0c8-4e39-adb0-6cbc7c7f3051,frame_thinning_3x,1926552804,True,8.602472156761271,5.583885598657911,-3.01858655810336,-35.08975679428205,-42.55618827814012,5.822999310432113,7.483319531212459,1.6603202207803456,28.513144726049035,24.955365049333828,145.3142070985236,26.013190236720458,-119.30101686180315,-82.09866003047904,-139.26671240836217,1.5526315789473681,1.1176470588235294,-0.4349845201238387,-28.01595214356928,-32.57971014492752,-6.135709844573103,-4.815582552697524,1.320127291875579,-21.515477839018118,24.109068482265933,0.5302391078515512,0.5856912713127118,0.055452163461160664,10.457954277617217,9.938283695205005,712.9400406742824,181.2382036372367,-531.7018370370457,-74.57875932093452,-118.9252457034301,2.165520492862148,1.6516271557318067,-0.5138933371303411,-23.730707643922276,-26.9255153030108
88fc3423-a0c8-4e39-adb0-6cbc7c7f3051,landmark_dropout_5pct,1926552804,True,8.602472156761271,4.246721269635861,-4.35575088712541,-50.63371095833106,-67.79804369941291,5.822999310432113,2.1614091620943094,-3.6615901483378037,-62.88151437315016,-91.71850766245193,145.3142070985236,153.1571062089656,7.8428991104419765,5.397200498864133,5.255378832579542,1.5526315789473681,0.052631578947368425,-1.4999999999999998,-96.61016949152543,-186.88524590163934,-6.135709844573103,-6.532927888669478,-0.39721804409637507,6.473872692133664,-6.270888038010157,0.5302391078515512,0.1497795527881895,-0.38045955506336165,-71.75245081505331,-111.89679845121807,712.9400406742824,503.64353560644713,-209.29650506783526,-29.356817281560932,-34.40725473340429,2.165520492862148,2.8049605513469973,0.6394400584848494,29.52823861942343,25.729503957361572
88fc3423-a0c8-4e39-adb0-6cbc7c7f3051,landmark_dropout_10pct,1926552804,True,8.602472156761271,3.9509143098140265,-4.651557846947245,-54.072338302092234,-74.10841463906976,5.822999310432113,1.5425949077969623,-4.280404402635151,-73.50858508546708,-116.22699474922466,145.3142070985236,169.5220767239389,24.2078696254153,16.658983391074948,15.378068456090794,1.5526315789473681,0.039999999999999994,-1.512631578947368,-97.42372881355932,-189.95373430270985,-6.135709844573103,-7.063136284642937,-0.9274264400698335,15.11522649478155,-14.05314420655223,0.5302391078515512,0.051080500576090516,-0.4791586072754606,-90.36651581904982,-164.85203675530335,712.9400406742824,1012.2090375424812,299.26899686819877,41.9767413519315,34.69485630511937,2.165520492862148,1.6832034345267812,-0.48231705833536664,-22.27256957046353,-25.06373891372264
88fc3423-a0c8-4e39-adb0-6cbc7c7f3051,landmark_dropout_20pct,1926552804,True,8.602472156761271,2.804455684621021,-5.79801647214025,-67.3994215439941,-101.65780923249264,5.822999310432113,1.542595563466447,-4.280403746965666,-73.50857382547115,-116.22696659937465,145.3142070985236,85.12838210607364,-60.185824992449966,-41.41771557934713,-52.23498416693651,1.5526315789473681,0.2142857142857143,-1.3383458646616537,-86.19854721549636,-151.48936170212764,-6.135709844573103,-7.017995863465395,-0.8822860188922919,14.379526432017542,-13.415018375439384,0.5302391078515512,0.23921177125138424,-0.2910273366001669,-54.88605655274387,-75.64546210915016,712.9400406742824,89.73103645812404,-623.2090042161583,-87.41394348208321,-155.28378235394058,2.165520492862148,1.679760453421735,-0.4857600394404129,-22.431560497420573,-25.265256100980405
88fc3423-a0c8-4e39-adb0-6cbc7c7f3051,jitter_sigma_0p004,1926552804,True,8.602472156761271,2.8265628526867803,-5.77590930407449,-67.14243532348789,-101.07431291092753,5.822999310432113,2.122748545424155,-3.7002507650079584,-63.54544398414792,-93.13788537301133,145.3142070985236,56.237179346640296,-89.07702775188332,-61.29960003944331,-88.39138179396103,1.5526315789473681,0.6666666666666667,-0.8859649122807014,-57.06214689265535,-79.84189723320155,-6.135709844573103,-7.064859931398336,-0.9291500868252323,15.1433185460529,-14.077423968721918,0.5302391078515512,0.37345871620506504,-0.1567803916464861,-29.567866520018978,-34.69752553850653,712.9400406742824,28.453766196770555,-684.4862744775119,-96.00895382873156,-184.6485007384372,2.165520492862148,2.6577589885998734,0.4922384957377255,22.730724431387788,20.410946437153967
88fc3423-a0c8-4e39-adb0-6cbc7c7f3051,jitter_sigma_0p008,1926552804,True,8.602472156761271,1.6435966607922907,-6.9588754959689805,-80.8939031613084,-135.8350333163298,5.822999310432113,2.091835101024687,-3.731164209407426,-64.07632923333703,-94.28281162791049,145.3142070985236,98.51728236517226,-46.79692473335135,-32.20395697553705,-38.384644113260805,1.5526315789473681,0.0,-1.5526315789473681,-100.0,-200.0,-6.135709844573103,-7.54245919213287,-1.4067493475597663,22.92724693955345,-20.569263967782412,0.5302391078515512,1.0,0.46976089214844885,88.5941616135877,61.397057458293695,712.9400406742824,0.0,-712.9400406742824,-100.0,-200.0,2.165520492862148,0.0,-2.165520492862148,-100.0,-200.0
88fc3423-a0c8-4e39-adb0-6cbc7c7f3051,scale_minus_10pct,1926552804,True,8.602472156761271,7.742224941085146,-0.8602472156761252,-9.999999999999977,-10.526315789473658,5.822999310432113,5.822999310432113,0.0,0.0,0.0,145.3142070985236,130.78278638867135,-14.531420709852256,-9.999999999999927,-10.526315789473605,1.5526315789473681,1.5526315789473681,0.0,0.0,0.0,-6.135709844573103,-6.044194863451754,0.09151498112134959,-1.4915141595604056,1.5027208063631892,0.5302391078515512,0.5302391078515516,4.440892098500626e-16,8.375263221331318e-14,8.375263221331314e-14,712.9400406742824,792.15560075147,79.21556007718766,11.111111111429144,10.52631578975912,2.165520492862148,1.9489684435759331,-0.21655204928621474,-9.999999999999998,-10.526315789473681
88fc3423-a0c8-4e39-adb0-6cbc7c7f3051,scale_minus_5pct,1926552804,True,8.602472156761271,8.172348548923207,-0.43012360783806436,-5.000000000000009,-5.128205128205138,5.822999310432113,5.822999310432113,0.0,0.0,0.0,145.3142070985236,138.04849674359744,-7.265710354926171,-4.999999999999993,-5.128205128205121,1.5526315789473681,1.5526315789473681,0.0,0.0,0.0,-6.135709844573103,-6.0911570551507985,0.044552789422304784,-0.7261228211713877,0.7287686990902116,0.5302391078515512,0.5302391078515514,2.220446049250313e-16,4.187631610665659e-14,4.1876316106656577e-14,712.9400406742824,750.4632007129521,37.523160038669744,5.26315789518305,5.128205128628747,2.165520492862148,2.0572444682190407,-0.10827602464310715,-4.9999999999999885,-5.128205128205116
88fc3423-a0c8-4e39-adb0-6cbc7c7f3051,scale_plus_5pct,1926552804,True,8.602472156761271,9.032595764599336,0.43012360783806436,5.000000000000009,4.878048780487814,5.822999310432113,5.822999310432113,0.0,0.0,0.0,145.3142070985236,152.57991745344987,7.265710354926256,5.0000000000000515,4.878048780487854,1.5526315789473681,1.5526315789473681,0.0,0.0,0.0,-6.135709844573103,-6.17808844271298,-0.042378598139876544,0.6906877804425425,-0.6883107413515482,0.5302391078515512,0.5302391078515513,1.1102230246251565e-16,2.0938158053328295e-14,2.0938158053328295e-14,712.9400406742824,678.9905149317035,-33.949525742578885,-4.761904761369581,-4.878048779926201,2.165520492862148,2.2737965175052564,0.10827602464310848,5.000000000000051,4.878048780487854
88fc3423-a0c8-4e39-adb0-6cbc7c7f3051,scale_plus_10pct,1926552804,True,8.602472156761271,9.462719372437396,0.8602472156761252,9.999999999999977,9.523809523809502,5.822999310432113,5.822999310432113,0.0,0.0,0.0,145.3142070985236,159.84562780837604,14.531420709852426,10.000000000000044,9.523809523809566,1.5526315789473681,1.5526315789473681,0.0,0.0,0.0,-6.135709844573103,-6.218495214889553,-0.08278537031644984,1.3492386767550884,-1.340197445614531,0.5302391078515512,0.530239107851552,8.881784197001252e-16,1.6750526442662636e-13,1.675052644266262e-13,712.9400406742824,648.127309703727,-64.81273097055544,-9.090909090932392,-9.523809523835098,2.165520492862148,2.3820725421483626,0.21655204928621474,9.999999999999998,9.52380952380952
88fc3423-a0c8-4e39-adb0-6cbc7c7f3051,combined_degradation,1926552804,True,8.602472156761271,4.548903186902857,-4.053568969858414,-47.12097750496568,-61.6447917260803,5.822999310432113,3.4558610224616992,-2.367138287970414,-40.65152959454418,-51.022177358976826,145.3142070985236,74.43860178077128,-70.87560531775233,-48.77403712473784,-64.50484585767698,1.5526315789473681,0.5,-1.0526315789473681,-67.79661016949152,-102.56410256410255,-6.135709844573103,-5.835714784211346,0.2999950603617574,-4.889329319037083,5.011852301027571,0.5302391078515512,0.22379846206273624,-0.3064406457888149,-57.79291667686795,-81.27994095139013,712.9400406742824,127.1011596175874,-585.838881056695,-82.17225118996289,-139.47860672860975,2.165520492862148,2.0787572763623716,-0.08676321649977625,-4.006575637855181,-4.088479652717401
9895edcd-aed8-45b5-b115-250b78f8f3b1,frame_thinning_2x,2682738368,True,10.596954778546463,10.947384649694381,0.35042987114791835,3.306892201308282,3.253103882020781,11.162779815725894,12.684826677957606,1.5220468622317114,13.635016432801827,12.764776730401476,82.5351161246147,71.9772932558636,-10.557822868751103,-12.791916173971932,-13.665986972933734,0.6,0.3,-0.3,-50.0,-66.66666666666667,-4.629266481344396,-4.8989415924418465,-0.2696751110974507,5.8254393473398345,-5.660563014768198,0.8331360828190536,0.8198763689720793,-0.01325971384697433,-1.591542380700629,-1.6043090096032462,114.51827414095311,40.71031321258516,-73.80796092836795,-64.45081493065685,-95.09583535701174,0.10632158378607728,0.0978624907921851,-0.008459092993892178,-7.956139000818655,-8.285751972933488
9895edcd-aed8-45b5-b115-250b78f8f3b1,frame_thinning_3x,2682738368,True,10.596954778546463,9.481507938619844,-1.1154468399266193,-10.526107388745695,-11.11087891178995,11.162779815725894,10.928570005566522,-0.23420981015937237,-2.098131594689545,-2.1203757312614075,82.5351161246147,51.80507486601666,-30.730041258598042,-37.232686765958675,-45.7495869731808,0.6,0.11111111111111112,-0.4888888888888889,-81.48148148148148,-137.5,-4.629266481344396,-4.4897940447001545,0.13947243664424125,-3.012840958849635,3.058921173862157,0.8331360828190536,0.7826623919139464,-0.05047369090510723,-6.058276906495413,-6.247523028940558,114.51827414095311,21.10701479714595,-93.41125934380716,-81.56886754059296,-137.7490290714752,0.10632158378607728,0.09960956085789548,-0.006712022928181807,-6.312944831302203,-6.5187059876600895
9895edcd-aed8-45b5-b115-250b78f8f3b1,landmark_dropout_5pct,2682738368,True,10.596954778546463,10.596954778546463,0.0,0.0,0.0,11.162779815725894,11.162779815725894,0.0,0.0,0.0,82.5351161246147,82.5351161246147,0.0,0.0,0.0,0.6,0.6,0.0,0.0,0.0,-4.629266481344396,-4.629266481344396,0.0,-0.0,0.0,0.8331360828190536,0.8331360828190536,0.0,0.0,0.0,114.51827414095311,114.51827414095311,0.0,0.0,0.0,0.10632158378607728,0.10632158378607728,0.0,0.0,0.0
9895edcd-aed8-45b5-b115-250b78f8f3b1,landmark_dropout_10pct,2682738368,True,10.596954778546463,11.307716121902574,0.7107613433561113,6.70722257676373,6.489587052791932,11.162779815725894,11.730403878289696,0.5676240625638016,5.084970517506263,4.958891433804218,82.5351161246147,134.96458784477318,52.429471720158475,63.5238358918626,48.211074096484914,0.6,1.9999999999999996,1.3999999999999995,233.33333333333326,107.69230769230766,-4.629266481344396,-5.875088663363125,-1.2458221820187294,26.911870099492035,-23.72010780017125,0.8331360828190536,0.8236584536468549,-0.009477629172198743,-1.1375847676804032,-1.1440922774184634,114.51827414095311,103.91254957294379,-10.605724568009322,-9.2611634671995,-9.710831454722543,0.10632158378607728,0.8948494180106094,0.7885278342245321,741.6441762296143,157.52110934284988
9895edcd-aed8-45b5-b115-250b78f8f3b1,landmark_dropout_20pct,2682738368,True,10.596954778546463,11.306175022246585,0.7092202437001216,6.69267972281941,6.4759717003954655,11.162779815725894,11.730403763733625,0.5676239480077303,5.08496949127379,4.958890457830604,82.5351161246147,134.94750082407498,52.412384699460276,63.50313316373849,48.19914845132275,0.6,0.19999999999999998,-0.4,-66.66666666666667,-100.00000000000001,-4.629266481344396,-5.874889481779898,-1.2456230004355024,26.907567439793578,-23.71676515101955,0.8331360828190536,0.8247513878432392,-0.0083846949758144,-1.0064016129806068,-1.011491446094937,114.51827414095311,341.8809625987651,227.362688457812,198.53834696981724,99.63324657682352,0.10632158378607728,0.08364445923588754,-0.022677124550189748,-21.32880619594316,-23.874924370107248
9895edcd-aed8-45b5-b115-250b78f8f3b1,jitter_sigma_0p004,2682738368,True,10.596954778546463,10.378182609078635,-0.21877216946782774,-2.0644814858579186,-2.0860141740659,11.162779815725894,11.274627864504318,0.11184804877842325,1.0019730804047036,0.9969783530472061,82.5351161246147,75.31795127449877,-7.217164850115935,-8.744356570867582,-9.144155345259344,0.6,1.0,0.4,66.66666666666667,50.0,-4.629266481344396,-4.949517233234139,-0.32025075188974306,6.917958885718289,-6.686668400338426,0.8331360828190536,0.8077424646067417,-0.025393618212311897,-3.047955638458053,-3.0951246516263278,114.51827414095311,148.16320202404592,33.644927883092805,29.379527534340454,25.616521099462148,0.10632158378607728,0.30667002602655197,0.20034844224047468,188.43628462456195,97.02300844870483
9895edcd-aed8-45b5-b115-250b78f8f3b1,jitter_sigma_0p008,2682738368,True,10.596954778546463,10.156197234848081,-0.44075754369838194,-4.1592849352409775,-4.24762024981947,11.162779815725894,11.337195607977591,0.1744157922516969,1.5624763287544516,1.5503642912245292,82.5351161246147,78.44186812605852,-4.09324799855618,-4.959401756188282,-5.085507120921307,0.6,1.1818181818181817,0.5818181818181817,96.96969696969695,65.30612244897958,-4.629266481344396,-5.313125198115594,-0.6838587167711978,14.772507038147367,-13.756422776704385,0.8331360828190536,0.74140548395265,-0.09173059886640356,-11.010278003566706,-11.651721466392228,114.51827414095311,39.0877694376882,-75.43050470326492,-65.86765760233376,-98.21293869163026,0.10632158378607728,0.9443128120188576,0.8379912282327804,788.1666152743246,159.52099637681485
9895edcd-aed8-45b5-b115-250b78f8f3b1,scale_minus_10pct,2682738368,True,10.596954778546463,9.537259300691819,-1.0596954778546444,-9.99999999999998,-10.526315789473664,11.162779815725894,11.162779815725894,0.0,0.0,0.0,82.5351161246147,74.28160451215331,-8.253511612461395,-9.99999999999991,-10.526315789473584,0.6,0.6,0.0,0.0,0.0,-4.629266481344396,-4.537751500223049,0.09151498112134693,-1.9768786586416138,1.9966139764394577,0.8331360828190536,0.8331360828190545,8.881784197001252e-16,1.0660664422249326e-13,1.0660664422249319e-13,114.51827414095311,127.2425268233546,12.724252682401485,11.111111111175171,10.526315789531179,0.10632158378607728,0.09568942540746955,-0.010632158378607731,-10.000000000000002,-10.526315789473689
9895edcd-aed8-45b5-b115-250b78f8f3b1,scale_minus_5pct,2682738368,True,10.596954778546463,10.06710703961914,-0.5298477389273231,-4.999999999999999,-5.128205128205128,11.162779815725894,11.162779815725894,0.0,0.0,0.0,82.5351161246147,78.40836031838403,-4.126755806230676,-4.999999999999929,-5.128205128205053,0.6,0.6,0.0,0.0,0.0,-4.629266481344396,-4.584713691922093,0.04455278942230301,-0.9624157434411581,0.9670693573135485,0.8331360828190536,0.8331360828190543,6.661338147750939e-16,7.995498316686994e-14,7.995498316686991e-14,114.51827414095311,120.54555172737523,6.027277586422116,5.263157894785884,5.128205128251688,0.10632158378607728,0.10100550459677342,-0.005316079189303866,-5.000000000000001,-5.12820512820513
9895edcd-aed8-45b5-b115-250b78f8f3b1,scale_plus_5pct,2682738368,True,10.596954778546463,11.126802517473786,0.5298477389273231,4.999999999999999,4.878048780487804,11.162779815725894,11.162779815725894,0.0,0.0,0.0,82.5351161246147,86.66187193084549,4.12675580623079,5.000000000000067,4.878048780487868,0.6,0.6,0.0,0.0,0.0,-4.629266481344396,-4.671645079484271,-0.042378598139875656,0.9154495277093746,-0.9112783808923762,0.8331360828190536,0.8331360828190542,5.551115123125783e-16,6.662915263905828e-14,6.662915263905825e-14,114.51827414095311,109.06502299144798,-5.453251149505135,-4.7619047618488235,-4.878048780429104,0.10632158378607728,0.11163766297538115,0.005316079189303866,5.000000000000001,4.8780487804878065
9895edcd-aed8-45b5-b115-250b78f8f3b1,scale_plus_10pct,2682738368,True,10.596954778546463,11.656650256401107,1.0596954778546444,9.99999999999998,9.523809523809508,11.162779815725894,11.162779815725894,0.0,0.0,0.0,82.5351161246147,90.78862773707621,8.253511612461509,10.000000000000046,9.523809523809568,0.6,0.6,0.0,0.0,0.0,-4.629266481344396,-4.712051851660844,-0.08278537031644806,1.7883042734754422,-1.7724558218714463,0.8331360828190536,0.8331360828190543,6.661338147750939e-16,7.995498316686994e-14,7.995498316686991e-14,114.51827414095311,104.1075219463538,-10.410752194599311,-9.090909090880459,-9.523809523778098,0.10632158378607728,0.11695374216468502,0.010632158378607731,10.000000000000002,9.523809523809527
9895edcd-aed8-45b5-b115-250b78f8f3b1,combined_degradation,2682738368,True,10.596954778546463,11.085982789250515,0.4890280107040521,4.614797561409712,4.510717324854966,11.162779815725894,12.182880062171032,1.0201002464451374,9.13840694956682,8.739099702304344,82.5351161246147,66.10135084548583,-16.433765279128878,-19.911240270525028,-22.11269631756609,0.6,0.08333333333333333,-0.5166666666666666,-86.1111111111111,-151.21951219512192,-4.629266481344396,-4.736480953314744,-0.10721447197034806,2.316014262786869,-2.2895016701728954,0.8331360828190536,0.8250510088291427,-0.008085073989910874,-0.9704385822006041,-0.975170296600791,114.51827414095311,66.87477870789293,-47.64349543306018,-41.60339979837532,-52.53067268542118,0.10632158378607728,0.14998195505645287,0.043660371270375586,41.06444779662215,34.069269170099126
98ca02b4-1780-4e48-89f1-c5a4b9ffcefd,frame_thinning_2x,2250020320,True,4.138402741162548,13.154951343251504,9.016548602088957,217.8750877097103,104.27761506618643,3.008616079490309,16.405799643120012,13.397183563629703,445.2938896045296,138.0127401725218,91.69339616082502,250.10004920793114,158.40665304710612,172.75688291583162,92.69145163167387,0.25,0.16666666666666666,-0.08333333333333334,-33.333333333333336,-40.00000000000001,-6.591133680749508,-6.977615416957791,-0.3864817362082835,5.863661016875855,-5.696645039646095,0.5491620086264619,0.8128357999898327,0.26367379136337077,48.013844224741476,38.718680704963404,21.875639048039496,9.701527455845758,-12.174111592193738,-55.651455783573034,-77.10705512919176,0.2657293711302523,0.46875969347156005,0.20303032234130775,76.40492335406482,55.2847774395052
98ca02b4-1780-4e48-89f1-c5a4b9ffcefd,frame_thinning_3x,2250020320,True,4.138402741162548,1.4166535811689505,-2.721749159993598,-65.76810741307918,-97.99177549477155,3.008616079490309,0.968399421150538,-2.040216658339771,-67.81246275481601,-102.60038755247575,91.69339616082502,13.813147334772754,-77.88024882605227,-84.93550472212277,-147.6311255127068,0.25,0.5,0.25,100.0,66.66666666666667,-6.591133680749508,-4.53063796846177,2.0604957122877376,-31.261628303879725,37.053372021603444,0.5491620086264619,0.811230175155055,0.2620681665285931,47.721466964560356,38.52832582441271,21.875639048039496,11.220645370960304,-10.654993677079192,-48.70711961227984,-64.38785419043843,0.2657293711302523,0.8287888400863652,0.5630594689561129,211.89207145645886,102.88718144401476
98ca02b4-1780-4e48-89f1-c5a4b9ffcefd,landmark_dropout_5pct,2250020320,True,4.138402741162548,4.138402741162548,0.0,0.0,0.0,3.008616079490309,3.008616079490309,0.0,0.0,0.0,91.69339616082502,91.69339616082502,0.0,0.0,0.0,0.25,0.25,0.0,0.0,0.0,-6.591133680749508,-6.591133680749508,0.0,-0.0,0.0,0.5491620086264619,0.5491620086264619,0.0,0.0,0.0,21.875639048039496,21.875639048039496,0.0,0.0,0.0,0.2657293711302523,0.2657293711302523,0.0,0.0,0.0
98ca02b4-1780-4e48-89f1-c5a4b9ffcefd,landmark_dropout_10pct,2250020320,True,4.138402741162548,2.576586924218273,-1.5618158169442755,-37.739580089914945,-46.517296221503614,3.008616079490309,0.6274672374440843,-2.381148842046225,-79.14432347412091,-130.97328276040648,91.69339616082502,53.45713007937081,-38.236266081454204,-41.700130742665436,-52.68498443909275,0.25,2.4999999999999996,2.2499999999999996,899.9999999999998,163.63636363636363,-6.591133680749508,-6.886251479131957,-0.29511779838244934,4.477496780931474,-4.379451872621928,0.5491620086264619,0.9695807140829583,0.4204187054564964,76.55640755412557,55.36404542653202,21.875639048039496,10.405817060477403,-11.469821987562092,-52.43194021611919,-71.0613669284638,0.2657293711302523,1.5074443226308571,1.241714951500605,467.28554928614,140.05564777659
98ca02b4-1780-4e48-89f1-c5a4b9ffcefd,landmark_dropout_20pct,2250020320,True,4.138402741162548,2.576586924218273,-1.5618158169442755,-37.739580089914945,-46.517296221503614,3.008616079490309,0.6274672374440843,-2.381148842046225,-79.14432347412091,-130.97328276040648,91.69339616082502,53.45713007937081,-38.236266081454204,-41.700130742665436,-52.68498443909275,0.25,2.4999999999999996,2.2499999999999996,899.9999999999998,163.63636363636363,-6.591133680749508,-6.886251479131957,-0.29511779838244934,4.477496780931474,-4.379451872621928,0.5491620086264619,0.9695807140829583,0.4204187054564964,76.55640755412557,55.36404542653202,21.875639048039496,10.405817060477403,-11.469821987562092,-52.43194021611919,-71.0613669284638,0.2657293711302523,1.5074443226308571,1.241714951500605,467.28554928614,140.05564777659
98ca02b4-1780-4e48-89f1-c5a4b9ffcefd,jitter_sigma_0p004,2250020320,True,4.138402741162548,2.1487229919946866,-1.9896797491678617,-48.07844653149748,-63.29377949846392,3.008616079490309,1.6607314924311334,-1.3478845870591756,-44.800817101513374,-57.733315684808595,91.69339616082502,34.279805731682615,-57.4135904291424,-62.6147496254171,-91.15206975231631,0.25,0.2,-0.04999999999999999,-19.999999999999996,-22.222222222222218,-6.591133680749508,-5.9986971850940485,0.5924364956554591,-8.988385372697985,9.411349556136615,0.5491620086264619,0.9929946586419371,0.4438326500154752,80.81998445696716,57.55999496492531,21.875639048039496,10.650486512951057,-11.225152535088439,-51.31348396468647,-69.0223771905441,0.2657293711302523,0.4989994180147957,0.2332700468845434,87.7848187772219,61.007261710477714
98ca02b4-1780-4e48-89f1-c5a4b9ffcefd,jitter_sigma_0p008,2250020320,True,4.138402741162548,2.208492082945959,-1.9299106582165892,-46.63419147249173,-60.81432611379903,3.008616079490309,3.406401160388739,0.39778508089843,13.221530111805391,12.401683924576018,91.69339616082502,32.660335154223965,-59.03306100660105,-64.3809297924361,-94.9437710993028,0.25,5.000000000000003,4.750000000000003,1900.0000000000011,180.95238095238096,-6.591133680749508,-5.995287068015375,0.5958466127341326,-9.040123317091881,9.468086672576929,0.5491620086264619,0.9382223215182751,0.3890603128918132,70.84618141464529,52.314698360974916,21.875639048039496,22.89106276840053,1.015423720361035,4.641801403520771,4.536513431454685,0.2657293711302523,1.581159858053292,1.3154304869230398,495.0263801581258,142.44822766166146
98ca02b4-1780-4e48-89f1-c5a4b9ffcefd,scale_minus_10pct,2250020320,True,4.138402741162548,3.7245624670462947,-0.4138402741162537,-9.999999999999972,-10.526315789473653,3.008616079490309,3.008616079490309,0.0,0.0,0.0,91.69339616082502,82.52405654474255,-9.169339616082468,-9.999999999999963,-10.526315789473644,0.25,0.25,0.0,0.0,0.0,-6.591133680749508,-6.499618699628158,0.09151498112134959,-1.3884558492362882,1.3981622822310142,0.5491620086264619,0.5491620086264603,-1.6653345369377348e-15,-3.032501358029101e-13,-3.032501358029106e-13,21.875639048039496,24.306265608932392,2.4306265608928967,11.111111111109372,10.526315789472124,0.2657293711302523,0.2391564340172271,-0.02657293711302519,-9.999999999999986,-10.526315789473669
98ca02b4-1780-4e48-89f1-c5a4b9ffcefd,scale_minus_5pct,2250020320,True,4.138402741162548,3.931482604104422,-0.2069201370581264,-4.999999999999975,-5.128205128205103,3.008616079490309,3.008616079490309,0.0,0.0,0.0,91.69339616082502,87.10872635278378,-4.584669808041241,-4.999999999999989,-5.128205128205117,0.25,0.25,0.0,0.0,0.0,-6.591133680749508,-6.546580891327204,0.044552789422303896,-0.6759503232718168,0.678242614845625,0.5491620086264619,0.5491620086264606,-1.3322676295501878e-15,-2.426001086423281e-13,-2.426001086423284e-13,21.875639048039496,23.026988471620744,1.151349423581248,5.263157894737857,5.128205128206091,0.2657293711302523,0.2524429025737397,-0.01328646855651261,-4.999999999999998,-5.128205128205126
98ca02b4-1780-4e48-89f1-c5a4b9ffcefd,scale_plus_5pct,2250020320,True,4.138402741162548,4.345322878220676,0.20692013705812773,5.000000000000007,4.878048780487812,3.008616079490309,3.008616079490309,0.0,0.0,0.0,91.69339616082502,96.27806596886629,4.584669808041269,5.00000000000002,4.878048780487824,0.25,0.25,0.0,0.0,0.0,-6.591133680749508,-6.633512278889384,-0.042378598139876544,0.6429637175111502,-0.6409033295744081,0.5491620086264619,0.5491620086264614,-5.551115123125783e-16,-1.0108337860097003e-13,-1.0108337860097009e-13,21.875639048039496,20.833941950514156,-1.04169709752534,-4.7619047619031605,-4.878048780486124,0.2657293711302523,0.2790158396867649,0.01328646855651261,4.999999999999998,4.878048780487803
98ca02b4-1780-4e48-89f1-c5a4b9ffcefd,scale_plus_10pct,2250020320,True,4.138402741162548,4.552243015278805,0.41384027411625635,10.000000000000037,9.52380952380956,3.008616079490309,3.008616079490309,0.0,0.0,0.0,91.69339616082502,100.86273577690758,9.169339616082567,10.000000000000071,9.523809523809588,0.25,0.25,0.0,0.0,0.0,-6.591133680749508,-6.673919051065958,-0.08278537031645072,1.2560110949993177,-1.248172502441619,0.5491620086264619,0.5491620086264598,-2.1094237467877974e-15,-3.8411683868368614e-13,-3.8411683868368695e-13,21.875639048039496,19.88694458912699,-1.988694458912505,-9.090909090908285,-9.523809523808639,0.2657293711302523,0.2923023082432776,0.026572937113025275,10.000000000000018,9.52380952380954
98ca02b4-1780-4e48-89f1-c5a4b9ffcefd,combined_degradation,2250020320,True,4.138402741162548,13.372488877054735,9.234086135892188,223.13164555120545,105.46677276313672,3.008616079490309,17.37816112653936,14.369545047049051,477.6131173733341,140.96926553745885,91.69339616082502,252.77945232093856,161.08605616011354,175.67901605212413,93.5261265844826,0.25,0.39999999999999997,0.14999999999999997,59.999999999999986,46.153846153846146,-6.591133680749508,-6.982620208283438,-0.39148652753393076,5.9395931943746145,-5.768286809004786,0.5491620086264619,0.8392415562073808,0.2900795475809189,52.822216945861236,41.78605629201682,21.875639048039496,10.909184056084335,-10.96645499195516,-50.130901172178454,-66.89958312189732,0.2657293711302523,0.8491376031122688,0.5834082319820165,219.54977332785992,104.65970298894254
9e290e83-fc93-4a9d-b112-46b06796dd0c,frame_thinning_2x,2522142341,True,11.746597594910723,10.903597484488326,-0.8430001104223965,-7.176547111715403,-7.443645473845189,27.55749618502648,25.87734515782253,-1.6801510272039515,-6.096892895940491,-6.28859742063705,70.59537761798752,62.97604989321297,-7.61932772477455,-10.79295554732349,-11.408619143694693,0.3458646616541353,0.9780219780219781,0.6321573163678428,182.7759197324415,95.50021843599826,-4.130731257562979,-3.9617929219739105,0.16893833558906834,-4.089792461801,4.175170363191579,0.41115614165620745,0.5499388466615488,0.13878270500534134,33.754258040826244,28.880122504490085,781.9359164315099,135.0411768573543,-646.8947395741557,-82.72989205130308,-141.09288973707706,0.5565613445335202,0.276917590712323,-0.2796437538211972,-50.24491128746635,-67.10277656596406
9e290e83-fc93-4a9d-b112-46b06796dd0c,frame_thinning_3x,2522142341,True,11.746597594910723,9.880958242404683,-1.8656393525060402,-15.88238072711658,-17.25242895257848,27.55749618502648,13.166698865058054,-14.390797319968426,-52.22098997436402,-70.67443470531435,70.59537761798752,58.743882813931016,-11.851494804056507,-16.78791898839107,-18.326213965472434,0.3458646616541353,9.166666666666659,8.820802005012524,2550.3623188405777,185.4564615992623,-4.130731257562979,-3.949777763753364,0.18095349380961467,-4.380664887804209,4.478764724654356,0.41115614165620745,0.5092429624147847,0.09808682075857728,23.85634332579023,21.313975714390015,781.9359164315099,71.72889881804068,-710.2070176134692,-90.8267548131838,-166.39013461175753,0.5565613445335202,0.1846643403552032,-0.37189700417831706,-66.82048759423296,-100.3464968254974
9e290e83-fc93-4a9d-b112-46b06796dd0c,landmark_dropout_5pct,2522142341,True,11.746597594910723,50.48425718063359,38.73765958572287,329.77770177899146,124.49663346403565,27.55749618502648,27.55749618811902,3.0925413341265084e-09,1.1222141929595396e-08,1.1222141928965714e-08,70.59537761798752,1497.8781906684708,1427.2828130504834,2021.7794156069722,181.99641255157084,0.3458646616541353,0.07185628742514971,-0.2740083742289856,-79.22416037490237,-131.1920672558741,-4.130731257562979,-7.263437264432076,-3.132706006869097,75.83901763479307,-54.987882631747794,0.41115614165620745,0.18352843222639503,-0.22762770942981242,-55.362838193998265,-76.55409924076783,781.9359164315099,1852.5631633891915,1070.6272469576816,136.92007547672972,81.2774811848138,0.5565613445335202,1.4813720184306246e-06,-0.5565598631615019,-99.99973383490735,-199.9989353424631
9e290e83-fc93-4a9d-b112-46b06796dd0c,landmark_dropout_10pct,2522142341,True,11.746597594910723,11.729457018431669,-0.017140576479054204,-0.14591950001318213,-0.14602604024709093,27.55749618502648,27.481286117442174,-0.07621006758430582,-0.27654931737127475,-0.27693224448712983,70.59537761798752,70.54431697064477,-0.05106064734275151,-0.07232859864997929,-0.07235476524385798,0.3458646616541353,0.059171597633136085,-0.28669306402099926,-82.89169024954978,-141.56414762741656,-4.130731257562979,-3.922132295875326,0.2085989616876529,-5.049928176899137,5.180740001451733,0.41115614165620745,0.4216557676226241,0.010499625966416626,2.5536833583762926,2.521487949303874,781.9359164315099,4978.377248715021,4196.441332283511,536.6733058425867,145.7018468257797,0.5565613445335202,1.4824260029784595e-06,-0.5565598621075173,-99.99973364553296,-199.99893458496965
9e290e83-fc93-4a9d-b112-46b06796dd0c,landmark_dropout_20pct,2522142341,True,11.746597594910723,11.722564562995176,-0.024033031915546843,-0.20459568586872579,-0.20480519716764578,27.55749618502648,27.481286149975055,-0.07621003505142454,-0.2765491993167133,-0.2769321261054109,70.59537761798752,70.52755147001865,-0.06782614796887287,-0.09607732157181768,-0.09612349801296367,0.3458646616541353,0.059171597633136085,-0.28669306402099926,-82.89169024954978,-141.56414762741656,-4.130731257562979,-3.9227123179119774,0.2080189396510015,-5.035886545999293,5.165962552577603,0.41115614165620745,0.4280792019508718,0.016923060294664338,4.115969234095677,4.0329713050282425,781.9359164315099,17317.520358594214,16535.584442162704,2114.6981606402605,182.71912913736634,0.5565613445335202,1.4873198631602661e-06,-0.5565598572136571,-99.99973276623003,-199.9989310677767
9e290e83-fc93-4a9d-b112-46b06796dd0c,jitter_sigma_0p004,2522142341,True,11.746597594910723,11.976750055168242,0.23015246025751956,1.95931169343227,1.940303397752159,27.55749618502648,28.948844591491497,1.391348406465017,5.04889267560169,4.924574436585042,70.59537761798752,86.8799802246832,16.28460260669567,23.06751965378877,20.68209633530748,0.3458646616541353,0.9779005524861879,0.6320358908320526,182.74081191448477,95.49063294317007,-4.130731257562979,-4.20115569801744,-0.07042444045446139,1.7048903950243892,-1.6904799796231862,0.41115614165620745,0.35694554158051695,-0.05421060007569051,-13.184917986952819,-14.115474880161958,781.9359164315099,443.8662086687371,-338.0697077627728,-43.23496346166169,-55.15893647763504,0.5565613445335202,0.8576950498193221,0.30113370528580186,54.10611215520114,42.58544723407093
9e290e83-fc93-4a9d-b112-46b06796dd0c,jitter_sigma_0p008,2522142341,True,11.746597594910723,10.913440003647843,-0.8331575912628804,-7.09275672833,-7.353541119595306,27.55749618502648,22.458336269058968,-5.099159915967512,-18.50371268032024,-20.390183131105704,70.59537761798752,101.50405213978692,30.908674521799398,43.78285882831505,35.91955483560006,0.3458646616541353,22.8,22.454135338345864,6492.173913043479,194.022869022869,-4.130731257562979,-5.144491783780302,-1.0137605262173235,24.54191432476329,-21.859539586241713,0.41115614165620745,0.15063066189023414,-0.2605254797659733,-63.364122135335734,-92.74887844332792,781.9359164315099,215.62425998572795,-566.311656445782,-72.4243054380001,-113.53934726618787,0.5565613445335202,1.72242433549585,1.1658629909623297,209.47609862116695,102.31420067082693
9e290e83-fc93-4a9d-b112-46b06796dd0c,scale_minus_10pct,2522142341,True,11.746597594910723,10.571937835419652,-1.174659759491071,-9.99999999999999,-10.526315789473673,27.55749618502648,27.55749618502648,0.0,0.0,0.0,70.59537761798752,63.5358398561888,-7.0595377617987225,-9.999999999999957,-10.526315789473637,0.3458646616541353,0.3458646616541353,0.0,0.0,0.0,-4.130731257562979,-4.039216276441636,0.09151498112134249,-2.2154668366233508,2.2402832023202754,0.41115614165620745,0.41115614165620745,0.0,0.0,0.0,781.9359164315099,868.817691649069,86.88177521755915,11.11111197117765,10.526316561389354,0.5565613445335202,0.5009052100801682,-0.055656134453352046,-10.000000000000004,-10.526315789473687
9e290e83-fc93-4a9d-b112-46b06796dd0c,scale_minus_5pct,2522142341,True,11.746597594910723,11.159267715165187,-0.5873298797455355,-4.999999999999995,-5.128205128205122,27.55749618502648,27.55749618502648,0.0,0.0,0.0,70.59537761798752,67.06560873708816,-3.5297688808993684,-4.999999999999989,-5.128205128205116,0.3458646616541353,0.3458646616541353,0.0,0.0,0.0,-4.130731257562979,-4.0861784681406785,0.04455278942230034,-1.0785690630618583,1.0844171570470806,0.41115614165620745,0.4111561416562081,6.661338147750939e-16,1.6201480344955876e-13,1.6201480344955864e-13,781.9359164315099,823.0904359731187,41.154519541608806,5.263157590896203,5.128204839746297,0.5565613445335202,0.5287332773068442,-0.02782806722667608,-5.000000000000012,-5.128205128205141
9e290e83-fc93-4a9d-b112-46b06796dd0c,scale_plus_5pct,2522142341,True,11.746597594910723,12.333927474656262,0.5873298797455391,5.000000000000025,4.878048780487829,27.55749618502648,27.55749618502648,0.0,0.0,0.0,70.59537761798752,74.12514649888693,3.529768880899411,5.00000000000005,4.878048780487852,0.3458646616541353,0.3458646616541353,0.0,0.0,0.0,-4.130731257562979,-4.173109855702853,-0.04237859813987388,1.0259345258126553,-1.0206986757531233,0.41115614165620745,0.4111561416562079,4.440892098500626e-16,1.0800986896637252e-13,1.0800986896637245e-13,781.9359164315099,744.700876040953,-37.23504039055695,-4.761904346392608,-4.878048344459586,0.5565613445335202,0.5843894117601963,0.02782806722667608,5.000000000000012,4.878048780487815
9e290e83-fc93-4a9d-b112-46b06796dd0c,scale_plus_10pct,2522142341,True,11.746597594910723,12.921257354401797,1.1746597594910746,10.00000000000002,9.523809523809541,27.55749618502648,27.55749618502648,0.0,0.0,0.0,70.59537761798752,77.65491537978626,7.059537761798737,9.999999999999979,9.523809523809504,0.3458646616541353,0.3458646616541353,0.0,0.0,0.0,-4.130731257562979,-4.213516627879423,-0.0827853703164445,2.0041335336176207,-1.9842500235611185,0.41115614165620745,0.4111561416562075,5.551115123125783e-17,1.3501233620796565e-14,1.3501233620796561e-14,781.9359164315099,710.8508366775811,-71.08507975392877,-9.090908635881178,-9.523809024413811,0.5565613445335202,0.6122174789868724,0.05565613445335216,10.000000000000025,9.523809523809545
9e290e83-fc93-4a9d-b112-46b06796dd0c,combined_degradation,2522142341,True,11.746597594910723,10.918144845844457,-0.8284527490662654,-7.052703920198961,-7.3104978027596035,27.55749618502648,24.79737087764414,-2.7601253073823386,-10.015878397842501,-10.54391105254215,70.59537761798752,65.75690543193548,-4.838472186052044,-6.853808775178524,-7.097016753698978,0.3458646616541353,0.10429447852760736,-0.24157018312652795,-69.84529207788744,-107.32657034532225,-4.130731257562979,-4.010688480889569,0.12004277667340979,-2.906090209902249,2.948939632885861,0.41115614165620745,0.5407249627914883,0.12956882113528084,31.51328850722147,27.223740555383706,781.9359164315099,302.26224019756967,-479.6736762339402,-61.34437185377135,-88.48450318810931,0.5565613445335202,0.1401489060438878,-0.41641243848963244,-74.81878549050992,-119.53676241867403
9e75894c-aae0-4e99-8db9-345a28c0257f,frame_thinning_2x,3152564248,True,16.877468018486688,24.313855806852004,7.436387788365316,44.061039133476,36.10657341287414,89.2411691555155,46.04720604637036,-43.19396310914513,-48.40138639810229,-63.8546557229154,145.51697025838564,229.3953774414221,83.87840718303647,57.64166683383984,44.74560931249877,0.23188405797101447,0.2058823529411765,-0.02600170502983798,-11.213235294117629,-11.879259980525784,-5.250149495748146,-6.3506869288556125,-1.1005374331074664,20.962020871953094,-18.97341524053179,0.8263217244402672,0.06526709098048913,-0.7610546334597781,-92.10149158008647,-170.71874844024893,175.19479467904375,45.12644934704201,-130.06834533200174,-74.24212892300052,-118.07154222186745,0.06588592032787982,0.05325586586404623,-0.012630054463833591,-19.169580391349783,-21.20172085298063
9e75894c-aae0-4e99-8db9-345a28c0257f,frame_thinning_3x,3152564248,True,16.877468018486688,14.440135842644217,-2.437332175842471,-14.44133784269504,-15.56525324638586,89.2411691555155,26.615837937115717,-62.62533121839978,-70.17538184564367,-108.10797342335785,145.51697025838564,99.19268593715249,-46.32428432123315,-31.834283134797225,-37.86061003184704,0.23188405797101447,0.606060606060606,0.3741765480895915,161.36363636363635,89.30817610062893,-5.250149495748146,-5.3971493261152075,-0.14699983036706143,2.7999170401930424,-2.7612605380288446,0.8263217244402672,0.08091106170875273,-0.7454106627315145,-90.20828579043348,-164.32621794800855,175.19479467904375,27.730907042247633,-147.46388763679613,-84.17138643128608,-145.33781220018216,0.06588592032787982,0.03761345662480709,-0.02827246370307273,-42.911237427322014,-54.63310898189665
9e75894c-aae0-4e99-8db9-345a28c0257f,landmark_dropout_5pct,3152564248,True,16.877468018486688,16.877798593433134,0.00033057494644594954,0.001958676183440876,0.0019586570015667736,89.2411691555155,89.2382115970159,-0.002957558499588231,-0.00331411895157297,-0.003314173869405117,145.51697025838564,145.5225054028248,0.0055351444391646965,0.0038037793319475226,0.003803706989637363,0.23188405797101447,0.3709677419354838,0.13908368396446935,59.979838709677416,46.14191547111283,-5.250149495748146,-5.250235708091212,-8.621234306627201e-05,0.0016420931087027409,-0.0016420796264645483,0.8263217244402672,0.8261779846735409,-0.00014373976672632516,-0.017395133454066142,-0.01739664653900714,175.19479467904375,203.78206702141392,28.58727234237017,16.317421071066608,15.086552890907349,0.06588592032787982,0.06588584301025566,-7.731762416418597e-08,-0.00011735075381722913,-0.00011735082267326663
9e75894c-aae0-4e99-8db9-345a28c0257f,landmark_dropout_10pct,3152564248,True,16.877468018486688,16.877795281765422,0.00032726327873433547,0.0019390543556407189,0.0019390355561640143,89.2411691555155,89.2382839936077,-0.002885161907798306,-0.0032329942952344106,-0.003233046557339791,145.51697025838564,145.52267487792963,0.00570461954399093,0.0039202434835343145,0.003920166643495622,0.23188405797101447,0.13333333333333333,-0.09855072463768114,-42.49999999999999,-53.968253968253954,-5.250149495748146,-5.2553376476415155,-0.005188151893369408,0.09881912691383461,-0.09877032492746297,0.8263217244402672,0.8328038159094555,0.0064820914691883225,0.7844512951150054,0.7813864968677391,175.19479467904375,255.94451807050876,80.74972339146501,46.09139417606455,37.45876147386832,0.06588592032787982,0.053726891885974355,-0.012159028441905466,-18.45466889040379,-20.33064555018822
9e75894c-aae0-4e99-8db9-345a28c0257f,landmark_dropout_20pct,3152564248,True,16.877468018486688,15.401737670950867,-1.475730347535821,-8.743789921091148,-9.143535697464275,89.2411691555155,4.6944967225184,-84.5466724329971,-94.73953919817258,-180.00973675488186,145.51697025838564,144.74436732810435,-0.7726029302812947,-0.5309366522058772,-0.5323498725014179,0.23188405797101447,0.10526315789473685,-0.12662090007627763,-54.60526315789473,-75.11312217194569,-5.250149495748146,-5.0987131016052425,0.15143639414290355,-2.88442061060442,2.9266287520646337,0.8263217244402672,0.7810379495616185,-0.04528377487864865,-5.480162694418197,-5.634554059192546,175.19479467904375,299.68847409844454,124.49367941940079,71.06014744757273,52.431276317605395,0.06588592032787982,0.054827834301779926,-0.011058086026099895,-16.7836860607996,-18.321169878321207
9e75894c-aae0-4e99-8db9-345a28c0257f,jitter_sigma_0p004,3152564248,True,16.877468018486688,16.50456885108254,-0.3728991674041495,-2.2094497053449924,-2.234130702456213,89.2411691555155,83.80390405742209,-5.437265098093405,-6.092776629380767,-6.284218322012178,145.51697025838564,138.16086628382504,-7.356103974560597,-5.055151960282577,-5.186238067961311,0.23188405797101447,1.8333333333333328,1.6014492753623184,690.6249999999999,155.08771929824562,-5.250149495748146,-5.333566548278041,-0.08341705252989495,1.5888509955278525,-1.5763282420445965,0.8263217244402672,0.7557464847783478,-0.07057523966191936,-8.540891226080923,-8.92189593984403,175.19479467904375,235.4935559422911,60.29876126324734,34.418123765443184,29.36472932432619,0.06588592032787982,0.29010630038529805,0.22422038005741823,340.31607806583025,125.9692583215587
9e75894c-aae0-4e99-8db9-345a28c0257f,jitter_sigma_0p008,3152564248,True,16.877468018486688,16.29883586446325,-0.5786321540234383,-3.4284298651292664,-3.488225548360802,89.2411691555155,81.18605049613002,-8.055118659385471,-9.02623613698771,-9.452854627154268,145.51697025838564,168.16731844146344,22.650348183077796,15.565434150298035,14.441493564729303,0.23188405797101447,0.21428571428571427,-0.017598343685300194,-7.58928571428571,-7.888631090487235,-5.250149495748146,-5.7363136378789665,-0.4861641421308205,9.260005691733966,-8.85023935761056,0.8263217244402672,0.5814792514962274,-0.24484247294403982,-29.63040492610683,-34.78367711475213,175.19479467904375,88.03919854335454,-87.15559613568921,-49.74782287074108,-66.21910420365361,0.06588592032787982,0.5125393506564144,0.4466534303285346,677.9193917391966,154.43773041536505
9e75894c-aae0-4e99-8db9-345a28c0257f,scale_minus_10pct,3152564248,True,16.877468018486688,15.18972121663802,-1.687746801848668,-9.999999999999996,-10.52631578947368,89.2411691555155,89.2411691555155,0.0,0.0,0.0,145.51697025838564,130.9652732325471,-14.551697025838536,-9.99999999999998,-10.52631578947366,0.23188405797101447,0.23188405797101447,0.0,0.0,0.0,-5.250149495748146,-5.158634514626796,0.09151498112135048,-1.743092862316859,1.758418294204838,0.8263217244402672,0.8263217244402672,0.0,0.0,0.0,175.19479467904375,194.66088297661187,19.46608829756812,11.111111111052088,10.526315789420709,0.06588592032787982,0.059297328295091836,-0.006588592032787985,-10.000000000000005,-10.52631578947369
9e75894c-aae0-4e99-8db9-345a28c0257f,scale_minus_5pct,3152564248,True,16.877468018486688,16.033594617562354,-0.843873400924334,-4.999999999999998,-5.128205128205127,89.2411691555155,89.2411691555155,0.0,0.0,0.0,145.51697025838564,138.24112174546642,-7.275848512919225,-4.999999999999961,-5.128205128205087,0.23188405797101447,0.23188405797101447,0.0,0.0,0.0,-5.250149495748146,-5.205596706325841,0.044552789422304784,-0.8486003962055945,0.8522163518748639,0.8263217244402672,0.826321724440268,7.771561172376096e-16,9.405006479335137e-14,9.40500647933513e-14,175.19479467904375,184.4155733463694,9.220778667325646,5.263157894741154,5.128205128209221,0.06588592032787982,0.06259162431148582,-0.0032942960163939994,-5.000000000000012,-5.128205128205141
9e75894c-aae0-4e99-8db9-345a28c0257f,scale_plus_5pct,3152564248,True,16.877468018486688,17.721341419411026,0.8438734009243376,5.000000000000019,4.8780487804878225,89.2411691555155,89.2411691555155,0.0,0.0,0.0,145.51697025838564,152.79281877130495,7.2758485129193105,5.0000000000000195,4.878048780487823,0.23188405797101447,0.23188405797101447,0.0,0.0,0.0,-5.250149495748146,-5.292528093888022,-0.042378598139875656,0.8071884081433516,-0.8039437378135389,0.8263217244402672,0.8263217244402677,5.551115123125783e-16,6.717861770953669e-14,6.717861770953666e-14,175.19479467904375,166.8521854086263,-8.342609270417455,-4.7619047618972274,-4.878048780479899,0.06588592032787982,0.06918021634427382,0.0032942960163939994,5.000000000000012,4.878048780487817
9e75894c-aae0-4e99-8db9-345a28c0257f,scale_plus_10pct,3152564248,True,16.877468018486688,18.565214820335356,1.687746801848668,9.999999999999996,9.52380952380952,89.2411691555155,89.2411691555155,0.0,0.0,0.0,145.51697025838564,160.06866728422423,14.551697025838592,10.00000000000002,9.523809523809541,0.23188405797101447,0.23188405797101447,0.0,0.0,0.0,-5.250149495748146,-5.332934866064596,-0.08278537031644984,1.576819295974217,-1.5644847472853332,0.8263217244402672,0.8263217244402676,4.440892098500626e-16,5.374289416762935e-14,5.3742894167629335e-14,175.19479467904375,159.2679951627189,-15.926799516324849,-9.09090909093657,-9.523809523839684,0.06588592032787982,0.0724745123606678,0.006588592032787985,10.000000000000005,9.523809523809527
9e75894c-aae0-4e99-8db9-345a28c0257f,combined_degradation,3152564248,True,16.877468018486688,23.968588455993025,7.091120437506337,42.01530958162147,34.721199790421934,89.2411691555155,46.19001494948422,-43.05115420603127,-48.24136058886508,-63.57642737975876,145.51697025838564,233.85604862012895,88.3390783617433,60.707062691646875,46.57109175707187,0.23188405797101447,0.1408450704225352,-0.09103898754847928,-39.260563380281695,-48.849945235487404,-5.250149495748146,-6.57543761018091,-1.3252881144327642,25.242864331883386,-22.413908122469415,0.8263217244402672,0.05389081095547371,-0.7724309134847935,-93.47822895592172,-175.51009157975943,175.19479467904375,134.3146487077803,-40.88014597126346,-23.334109923845478,-26.41608961841695,0.06588592032787982,0.037476032711155884,-0.028409887616723938,-43.119816002178865,-54.97165403984705
a0314fc3-cfc4-4410-818c-e1700a837645,frame_thinning_2x,3501666668,True,6.896573937016799,6.290568385036131,-0.606005551980668,-8.787052201789392,-9.190854806613281,26.564792561849178,19.97926516036761,-6.585527401481567,-24.79043412873971,-28.298037273781176,58.16579762938542,59.46928830025667,1.3034906708712484,2.2409916548840094,2.216159678160766,0.050724637681159424,0.45098039215686264,0.4002557544757032,789.0756302521006,159.55819881053523,-5.434759834925385,-4.90092160994064,0.5338382249847458,-9.822664500354595,10.330005386338907,0.3335911214981848,0.3006654547386566,-0.03292566675952824,-9.87006686858343,-10.382443948750884,190.5435826121088,398.191826333572,207.64824372146322,108.97677102260354,70.54042972999497,0.07656732712095955,0.14294266786001655,0.066375340739057,86.68885702931559,60.47591659305485
a0314fc3-cfc4-4410-818c-e1700a837645,frame_thinning_3x,3501666668,True,6.896573937016799,5.336978427055677,-1.559595509961122,-22.614062057540195,-25.4970177679763,26.564792561849178,0.020353764680868275,-26.544438797168308,-99.92338067525473,-199.69375734207551,58.16579762938542,33.34505711696685,-24.820740512418574,-42.67239773890612,-54.2465493983553,0.050724637681159424,0.037037037037037035,-0.013687600644122389,-26.984126984126995,-31.192660550458726,-5.434759834925385,-4.574534052182921,0.8602257827424644,-15.828220728621664,17.188540819056406,0.3335911214981848,0.9522032738556225,0.6186121523574377,185.44023281531003,96.22256164636904,190.5435826121088,665.0563130211343,474.5127304090255,249.03107410077158,110.91930535074015,0.07656732712095955,0.09168246757775356,0.015115140456794005,19.740979638632812,17.967499436015203
a0314fc3-cfc4-4410-818c-e1700a837645,landmark_dropout_5pct,3501666668,True,6.896573937016799,6.818459454035407,-0.07811448298139201,-1.132656355094214,-1.1391074415080098,26.564792561849178,26.653358778821218,0.08856621697204048,0.33339698311529137,0.33284214028816284,58.16579762938542,64.61305791863435,6.447260289248931,11.084280714809227,10.502232262178655,0.050724637681159424,0.6666666666666667,0.6159420289855073,1214.2857142857144,171.71717171717174,-5.434759834925385,-5.434862727456545,-0.00010289253115924879,0.001893230506673556,-0.001893212585234446,0.3335911214981848,0.3286533050537388,-0.004937816444446019,-1.4802001990550242,-1.4912368444248032,190.5435826121088,190.38086510330365,-0.16271750880514446,-0.08539647810463913,-0.08543295647262328,0.07656732712095955,0.9891926584473387,0.9126253313263791,1191.9252841158104,171.26282534237527
a0314fc3-cfc4-4410-818c-e1700a837645,landmark_dropout_10pct,3501666668,True,6.896573937016799,6.906592561368569,0.010018624351769922,0.14526958520658745,0.145164145530547,26.564792561849178,26.655614680415272,0.0908221185660949,0.34188905618080523,0.34130561291146766,58.16579762938542,65.4480567714051,7.282259142019683,12.519830276238967,11.782270162709386,0.050724637681159424,0.050724637681159424,0.0,0.0,0.0,-5.434759834925385,-5.444868087814849,-0.01010825288946382,0.18599263254477552,-0.18581982695080754,0.3335911214981848,0.3240775463880925,-0.00951357511009232,-2.8518670003464366,-2.893120981623953,190.5435826121088,299.8877141261681,109.34413151405928,57.38536560249949,44.59100886965286,0.07656732712095955,0.07436327511736028,-0.0022040520035992717,-2.8785803115699125,-2.920616456719715
a0314fc3-cfc4-4410-818c-e1700a837645,landmark_dropout_20pct,3501666668,True,6.896573937016799,8.071192392427479,1.1746184554106796,17.03191274592172,15.69530722964314,26.564792561849178,26.68182835359694,0.1170357917477638,0.4405673090624613,0.43959894444236297,58.16579762938542,162.43769957572553,104.27190194634011,179.26669313593635,94.53331725688012,0.050724637681159424,0.049999999999999996,-0.0007246376811594277,-1.428571428571443,-1.4388489208633242,-5.434759834925385,-6.642273943873495,-1.2075141089481098,22.218352707846712,-19.996865638777784,0.3335911214981848,0.3221115937260459,-0.011479527772138898,-3.4411970320383247,-3.5014428049800714,190.5435826121088,549.5279511502949,358.9843685381861,188.4001358728379,97.01342428701932,0.07656732712095955,0.07436575997475055,-0.0022015671462090047,-2.875334988161481,-2.9172757127970765
a0314fc3-cfc4-4410-818c-e1700a837645,jitter_sigma_0p004,3501666668,True,6.896573937016799,7.179805631324401,0.2832316943076014,4.10684633985258,4.0242122334440324,26.564792561849178,24.446558320123607,-2.1182342417255704,-7.973840702101534,-8.304952545274178,58.16579762938542,56.762853481493764,-1.4029441478916596,-2.411974399166308,-2.441417582702067,0.050724637681159424,0.16,0.10927536231884058,215.42857142857144,103.71389270976617,-5.434759834925385,-5.422677408576758,0.012082426348626996,-0.2223175764084684,0.22256497693980173,0.3335911214981848,0.3304340198315841,-0.0031571016666007146,-0.9463985889138519,-0.950898232641716,190.5435826121088,385.14790492463374,194.60432231252494,102.13113432882315,67.60715644596173,0.07656732712095955,0.10416499093497172,0.02759766381401217,36.04365576248198,30.539821666506285
a0314fc3-cfc4-4410-818c-e1700a837645,jitter_sigma_0p008,3501666668,True,6.896573937016799,7.4775323924529555,0.5809584554361562,8.423870471654178,8.083402781640439,26.564792561849178,22.314395376548937,-4.2503971853002405,-16.00011434459464,-17.39143944313055,58.16579762938542,75.85860397687325,17.69280634748783,30.417886573516885,26.402365741525703,0.050724637681159424,0.16,0.10927536231884058,215.42857142857144,103.71389270976617,-5.434759834925385,-5.7012126744168485,-0.26645283949146314,4.9027527910094175,-4.785443557227345,0.3335911214981848,0.31618586328261383,-0.017405258215570985,-5.21754240262827,-5.357302158506776,190.5435826121088,161.36309807910672,-29.180484533002073,-15.314336034294598,-16.584217427009758,0.07656732712095955,0.54512448646722,0.46855715934626047,611.9544418809907,150.73615225586406
a0314fc3-cfc4-4410-818c-e1700a837645,scale_minus_10pct,3501666668,True,6.896573937016799,6.20691654331512,-0.6896573937016797,-9.999999999999996,-10.52631578947368,26.564792561849178,26.564792561849178,0.0,0.0,0.0,58.16579762938542,52.349217866446864,-5.816579762938559,-10.00000000000003,-10.526315789473715,0.050724637681159424,0.050724637681159424,0.0,0.0,0.0,-5.434759834925385,-5.343244853804036,0.09151498112134959,-1.6838827087306982,1.6981803917203149,0.3335911214981848,0.3335911214981846,-2.220446049250313e-16,-6.656190486359797e-14,-6.6561904863598e-14,190.5435826121088,211.71509179166833,21.171509179559536,11.111111111340106,10.526315789679208,0.07656732712095955,0.0689105944088636,-0.007656732712095951,-9.999999999999995,-10.526315789473678
a0314fc3-cfc4-4410-818c-e1700a837645,scale_minus_5pct,3501666668,True,6.896573937016799,6.55174524016596,-0.34482869685083894,-4.999999999999985,-5.128205128205113,26.564792561849178,26.564792561849178,0.0,0.0,0.0,58.16579762938542,55.25750774791616,-2.9082898814692655,-4.99999999999999,-5.128205128205119,0.050724637681159424,0.050724637681159424,0.0,0.0,0.0,-5.434759834925385,-5.3902070455030815,0.044552789422303896,-0.8197747605330119,0.8231487433528377,0.3335911214981848,0.3335911214981844,-4.440892098500626e-16,-1.3312380972719595e-13,-1.3312380972719605e-13,190.5435826121088,200.57219222288737,10.028609610778574,5.263157894534764,5.12820512801328,0.07656732712095955,0.07273896076491157,-0.0038283663560479825,-5.000000000000006,-5.128205128205134
a0314fc3-cfc4-4410-818c-e1700a837645,scale_plus_5pct,3501666668,True,6.896573937016799,7.24140263386764,0.3448286968508407,5.000000000000011,4.8780487804878145,26.564792561849178,26.564792561849178,0.0,0.0,0.0,58.16579762938542,61.0740875108547,2.9082898814692797,5.000000000000015,4.878048780487819,0.050724637681159424,0.050724637681159424,0.0,0.0,0.0,-5.434759834925385,-5.477138433065261,-0.042378598139875656,0.7797694732992277,-0.7767410783912924,0.3335911214981848,0.33359112149818443,-3.885780586188048e-16,-1.1648333351129645e-13,-1.1648333351129652e-13,190.5435826121088,181.47007867783293,-9.073503934275863,-4.761904762096802,-4.878048780689326,0.07656732712095955,0.08039569347700752,0.0038283663560479686,4.9999999999999885,4.878048780487793
a0314fc3-cfc4-4410-818c-e1700a837645,scale_plus_10pct,3501666668,True,6.896573937016799,7.586231330718484,0.689657393701685,10.000000000000073,9.523809523809591,26.564792561849178,26.564792561849178,0.0,0.0,0.0,58.16579762938542,63.982377392324,5.816579762938574,10.000000000000053,9.523809523809572,0.050724637681159424,0.050724637681159424,0.0,0.0,0.0,-5.434759834925385,-5.517545205241835,-0.08278537031644984,1.5232571968396174,-1.5117433273240142,0.3335911214981848,0.3335911214981846,-2.220446049250313e-16,-6.656190486359797e-14,-6.6561904863598e-14,190.5435826121088,173.2214387387908,-17.322143873317998,-9.090909090641397,-9.523809523515729,0.07656732712095955,0.08422405983305553,0.007656732712095979,10.000000000000032,9.523809523809554
a0314fc3-cfc4-4410-818c-e1700a837645,combined_degradation,3501666668,True,6.896573937016799,5.575445077154393,-1.321128859862406,-19.156306768080224,-21.18548501828434,26.564792561849178,0.2864505679690049,-26.278341993880172,-98.92169092869038,-195.73277756140976,58.16579762938542,29.915199751073843,-28.25059787831158,-48.56908875954165,-64.14686190776256,0.050724637681159424,1.1176470588235294,1.06692242114237,2103.361344537815,182.6340751550529,-5.434759834925385,-4.1189401060227615,1.3158197289026239,-24.211184465719615,27.54576210338959,0.3335911214981848,0.9509606200328703,0.6173694985346855,185.0677247529937,96.12216909205132,190.5435826121088,332.9589321738529,142.41534956174408,74.74161428551506,54.4086591904804,0.07656732712095955,0.05762945038298019,-0.018937876737979364,-24.733626535064598,-28.224040979558378
a2851803-3035-4cf9-94d5-e6c1bc2a63ac,frame_thinning_2x,4248427412,True,10.745644253878424,7.0074196325005165,-3.738224621377908,-34.788278236818336,-42.11357144099578,1.412255069222511,0.4583204429451899,-0.9539346262773212,-67.54690757120035,-101.99370408435016,226.24859764650924,102.61526031408346,-123.63333733242578,-54.64490768936853,-75.18815725091969,0.6538461538461539,0.5000000000000001,-0.15384615384615374,-23.529411764705866,-26.666666666666647,-6.7909855862432575,-5.054734520507265,1.7362510657359929,-25.56699677368155,29.314403009514887,0.5413796378330394,0.6089374911950289,0.0675578533619895,12.478831607409703,11.745952773748714,1204.384232117981,48.11077813303533,-1156.2734539849455,-96.00536300210193,-184.63521922585755,0.518607203937593,0.09327919787539864,-0.42532800606219434,-82.0135167488681,-139.02188537021473
a2851803-3035-4cf9-94d5-e6c1bc2a63ac,frame_thinning_3x,4248427412,True,10.745644253878424,9.63721729400946,-1.1084269598689644,-10.315128006111872,-10.876068183702323,1.412255069222511,0.37328408301822874,-1.0389709862042824,-73.56822495077091,-116.37616401751134,226.24859764650924,50.431077548904426,-175.8175200976048,-77.7098828131974,-127.09102681534392,0.6538461538461539,1.0,0.34615384615384615,52.94117647058824,41.86046511627907,-6.7909855862432575,-4.55338698353973,2.2375986027035273,-32.9495413336808,39.44860923668221,0.5413796378330394,0.8853140131187478,0.34393437528570836,63.52924108161177,48.214187405440555,1204.384232117981,49.86065825979562,-1154.5235738581853,-95.8600704882932,-184.09858915358143,0.518607203937593,0.05606667157717963,-0.4625405323604133,-89.18899098364116,-160.9749640858777
a2851803-3035-4cf9-94d5-e6c1bc2a63ac,landmark_dropout_5pct,4248427412,True,10.745644253878424,10.761906887881407,0.01626263400298278,0.15134163777209642,0.1512272029092765,1.412255069222511,1.4123180491924603,6.297996994919508e-05,0.004459532227692228,0.004459432792770946,226.24859764650924,226.58588883739492,0.33729119088567927,0.14907990343112001,0.14896886211322963,0.6538461538461539,0.8695652173913042,0.21571906354515036,32.99232736572888,28.320526893523585,-6.7909855862432575,-6.7922854185361,-0.0012998322928421402,0.01914055443550428,-0.019138722806675744,0.5413796378330394,0.535601283546699,-0.005778354286340437,-1.067338681127581,-1.0730653016466976,1204.384232117981,1272.8107628212251,68.42653070324423,5.681453549330525,5.5245171125435375,0.518607203937593,0.5187702212750459,0.000163017337452942,0.03143368164098215,0.03142874203562453
a2851803-3035-4cf9-94d5-e6c1bc2a63ac,landmark_dropout_10pct,4248427412,True,10.745644253878424,10.761261355747523,0.015617101869098704,0.14533425358337193,0.14522872004523874,1.412255069222511,1.4123207690782902,6.569985577908888e-05,0.004652123912379272,0.004652015703611794,226.24859764650924,226.57372772181438,0.3251300753051396,0.1437047914052147,0.14360161020801274,0.6538461538461539,0.6538461538461539,0.0,0.0,0.0,-6.7909855862432575,-6.7922354220557635,-0.0012498358125059283,0.018404336110472177,-0.018402642668367226,0.5413796378330394,0.5368249375615246,-0.004554700271514833,-0.8413135539684806,-0.8448675465596243,1204.384232117981,266.3058064737526,-938.0784256442282,-77.88863392827402,-127.56983470731737,0.518607203937593,0.5187786373366674,0.00017143339907443877,0.033056501678497385,0.033051038919879726
a2851803-3035-4cf9-94d5-e6c1bc2a63ac,landmark_dropout_20pct,4248427412,True,10.745644253878424,10.794025263758028,0.04838100987960381,0.45023833598568697,0.44922703981126494,1.412255069222511,0.9653632600487285,-0.4468918091737826,-31.643845287792804,-37.591551484275335,226.24859764650924,227.29079576849298,1.0421981219837448,0.46064290909421457,0.4595843876477129,0.6538461538461539,0.04878048780487805,-0.6050656660412758,-92.53945480631276,-172.22963951935913,-6.7909855862432575,-6.827303880358899,-0.03631829411564169,0.5348015196676748,-0.5333752701425478,0.5413796378330394,0.5248224875742329,-0.016557150258806552,-3.0583252678433297,-3.10581828046572,1204.384232117981,278.365770744397,-926.0184613735839,-76.8872953231151,-124.90554167404481,0.518607203937593,0.43450461965153764,-0.08410258428605533,-16.21701041703537,-17.647999364723113
a2851803-3035-4cf9-94d5-e6c1bc2a63ac,jitter_sigma_0p004,4248427412,True,10.745644253878424,0.7583360448198349,-9.98730820905859,-92.94285175552756,-173.63222032271233,1.412255069222511,1.0309801194901314,-0.38127494973237974,-26.997598241391557,-31.210662935259716,226.24859764650924,8.421257751901415,-217.82733989460783,-96.2778740555737,-185.6457784275629,0.6538461538461539,2.0,1.3461538461538463,205.8823529411765,101.44927536231884,-6.7909855862432575,-4.166709575377117,2.624276010866141,-38.64352202693863,47.898321173557356,0.5413796378330394,0.47959258763621493,-0.06178705019682451,-11.412887718521754,-12.103571214863607,1204.384232117981,220.91927814535455,-983.4649539726263,-81.657076516449,-138.00077624041265,0.518607203937593,0.15336926204790943,-0.3652379418896835,-70.42670042308836,-108.7055753817317
a2851803-3035-4cf9-94d5-e6c1bc2a63ac,jitter_sigma_0p008,4248427412,True,10.745644253878424,0.9047337152632289,-9.840910538615196,-91.58046093944824,-168.93718924280068,1.412255069222511,1.3481255827515817,-0.06412948647092942,-4.540928042569154,-4.646423414471266,226.24859764650924,9.812605586622311,-216.43599205988693,-95.66290987493609,-183.37277714045794,0.6538461538461539,2.0,1.3461538461538463,205.8823529411765,101.44927536231884,-6.7909855862432575,-4.796096877448275,1.9948887087949823,-29.375540316800254,34.43297680923606,0.5413796378330394,0.3673313137421679,-0.17404832409087156,-32.14903404707433,-38.30664168604264,1204.384232117981,179.02225761704062,-1025.3619745009403,-85.1357853380213,-148.23726534597054,0.518607203937593,0.34484491534373196,-0.173762288593861,-33.505567850687015,-40.24827427338719
a2851803-3035-4cf9-94d5-e6c1bc2a63ac,scale_minus_10pct,4248427412,True,10.745644253878424,9.671079828490583,-1.074564425387841,-9.999999999999986,-10.526315789473669,1.412255069222511,1.412255069222511,0.0,0.0,0.0,226.24859764650924,203.62373788185835,-22.624859764650893,-9.999999999999986,-10.526315789473669,0.6538461538461539,0.6538461538461539,0.0,0.0,0.0,-6.7909855862432575,-6.699470605121908,0.09151498112134959,-1.3475949839554182,1.3567366414180355,0.5413796378330394,0.541379637833039,-4.440892098500626e-16,-8.202916748542711e-14,-8.202916748542715e-14,1204.384232117981,1338.2047023549594,133.8204702369785,11.111111111247887,10.52631578959644,0.518607203937593,0.46674648354383375,-0.05186072039375922,-9.999999999999986,-10.526315789473669
a2851803-3035-4cf9-94d5-e6c1bc2a63ac,scale_minus_5pct,4248427412,True,10.745644253878424,10.2083620411845,-0.5372822126939241,-5.000000000000027,-5.128205128205156,1.412255069222511,1.412255069222511,0.0,0.0,0.0,226.24859764650924,214.93616776418372,-11.312429882325517,-5.000000000000025,-5.128205128205154,0.6538461538461539,0.6538461538461539,0.0,0.0,0.0,-6.7909855862432575,-6.746432796820954,0.044552789422303896,-0.6560577821363084,0.6582169238123129,0.5413796378330394,0.541379637833039,-4.440892098500626e-16,-8.202916748542711e-14,-8.202916748542715e-14,1204.384232117981,1267.7728759063934,63.38864378841254,5.263157894133159,5.128205127632006,0.518607203937593,0.4926768437407133,-0.025930360196879665,-5.000000000000003,-5.128205128205131
a2851803-3035-4cf9-94d5-e6c1bc2a63ac,scale_plus_5pct,4248427412,True,10.745644253878424,11.282926466572347,0.5372822126939223,5.00000000000001,4.878048780487814,1.412255069222511,1.412255069222511,0.0,0.0,0.0,226.24859764650924,237.5610275288347,11.31242988232546,5.0,4.878048780487804,0.6538461538461539,0.6538461538461539,0.0,0.0,0.0,-6.7909855862432575,-6.833364184383134,-0.042378598139876544,0.6240419391512829,-0.6221008540347852,0.5413796378330394,0.5413796378330399,4.440892098500626e-16,8.202916748542711e-14,8.202916748542707e-14,1204.384232117981,1147.0326020197522,-57.351630098228725,-4.7619047616866,-4.8780487802588715,0.518607203937593,0.5445375641344726,0.025930360196879665,5.000000000000003,4.878048780487808
a2851803-3035-4cf9-94d5-e6c1bc2a63ac,scale_plus_10pct,4248427412,True,10.745644253878424,11.820208679266267,1.0745644253878428,10.000000000000004,9.523809523809527,1.412255069222511,1.412255069222511,0.0,0.0,0.0,226.24859764650924,248.87345741116013,22.624859764650893,9.999999999999986,9.52380952380951,0.6538461538461539,0.6538461538461539,0.0,0.0,0.0,-6.7909855862432575,-6.873770956559708,-0.08278537031645072,1.2190479462090453,-1.211662572357392,0.5413796378330394,0.5413796378330393,-1.1102230246251565e-16,-2.0507291871356777e-14,-2.050729187135678e-14,1204.384232117981,1094.8947564694981,-109.48947564848277,-9.090909091024802,-9.523809523936515,0.518607203937593,0.5704679243313523,0.05186072039375933,10.000000000000005,9.523809523809529
a2851803-3035-4cf9-94d5-e6c1bc2a63ac,combined_degradation,4248427412,True,10.745644253878424,0.2589498233631609,-10.486694430515264,-97.59018801250843,-190.5875738243289,1.412255069222511,0.34048271805079744,-1.0717723511717137,-75.89084822770413,-122.29694127140874,226.24859764650924,3.8842473504474135,-222.36435029606182,-98.2831949497799,-193.2486866870328,0.6538461538461539,0.0,-0.6538461538461539,-100.0,-200.0,-6.7909855862432575,-3.5307962744423165,3.260189311800941,-48.0076017007785,63.17105623436221,0.5413796378330394,1.0,0.45862036216696056,84.71326406044076,59.50777484146808,1204.384232117981,0.0,-1204.384232117981,-100.0,-200.0,0.518607203937593,0.0,-0.518607203937593,-100.0,-200.0
ad5b9d10-eaa9-46a7-a12d-e0b832653a37,frame_thinning_2x,2738881187,True,7.383480215578124,12.680811939168754,5.29733172359063,71.74572923502919,52.80357445689775,0.8073147898114523,21.282104929976626,20.474790140165172,2536.1594261077566,185.3809688067406,259.27554164470405,153.89435295791566,-105.38118868678839,-40.64447730715633,-51.011068358764305,11.99999999999999,0.33333333333333337,-11.666666666666655,-97.22222222222221,-189.18918918918916,-7.405882349156045,-6.297230999547697,1.1086513496083477,-14.96987526050406,16.18101407171417,0.9245734703723919,0.9816631460620016,0.057089675689609654,6.174704068311149,5.989778519352504,68.02681192688456,22.52043641764559,-45.50637550923897,-66.89476431461962,-100.51409919402141,3.802730232496312,0.15491015296825528,-3.6478200795280564,-95.9263438767108,-184.3431804933867
ad5b9d10-eaa9-46a7-a12d-e0b832653a37,frame_thinning_3x,2738881187,True,7.383480215578124,12.916191654620196,5.532711439042072,74.93365293197122,54.510353412801436,0.8073147898114523,51.48651564220521,50.67920085239376,6277.501848347142,193.82477984005413,259.27554164470405,126.5548310249467,-132.72071061975737,-51.18905924478986,-68.79744054436756,11.99999999999999,0.2,-11.79999999999999,-98.33333333333334,-193.4426229508197,-7.405882349156045,-5.88483391915199,1.521048430004055,-20.538382306024477,22.88888573494002,0.9245734703723919,0.992974553533907,0.06840108316151505,7.398123064678142,7.134223738727858,68.02681192688456,6.629771180510939,-61.39704074637362,-90.25417920857934,-164.47857158973463,3.802730232496312,0.09133370937714119,-3.711396523119171,-97.59820697780118,-190.6181602828843
ad5b9d10-eaa9-46a7-a12d-e0b832653a37,landmark_dropout_5pct,2738881187,True,7.383480215578124,7.383480215578124,0.0,0.0,0.0,0.8073147898114523,0.8073147898114523,0.0,0.0,0.0,259.27554164470405,259.27554164470405,0.0,0.0,0.0,11.99999999999999,11.99999999999999,0.0,0.0,0.0,-7.405882349156045,-7.405882349156045,0.0,-0.0,0.0,0.9245734703723919,0.9245734703723919,0.0,0.0,0.0,68.02681192688456,68.02681192688456,0.0,0.0,0.0,3.802730232496312,3.802730232496312,0.0,0.0,0.0
ad5b9d10-eaa9-46a7-a12d-e0b832653a37,landmark_dropout_10pct,2738881187,True,7.383480215578124,7.383480215578124,0.0,0.0,0.0,0.8073147898114523,0.8073147898114523,0.0,0.0,0.0,259.27554164470405,259.27554164470405,0.0,0.0,0.0,11.99999999999999,11.99999999999999,0.0,0.0,0.0,-7.405882349156045,-7.405882349156045,0.0,-0.0,0.0,0.9245734703723919,0.9245734703723919,0.0,0.0,0.0,68.02681192688456,68.02681192688456,0.0,0.0,0.0,3.802730232496312,3.802730232496312,0.0,0.0,0.0
ad5b9d10-eaa9-46a7-a12d-e0b832653a37,landmark_dropout_20pct,2738881187,True,7.383480215578124,7.397477632233478,0.013997416655354478,0.1895774925464263,0.18939796459032412,0.8073147898114523,0.8299881508703081,0.022673361058855757,2.808490733106859,2.7695987706972223,259.27554164470405,259.71685810559154,0.4413164608874922,0.17021137361743374,0.17006663723778004,11.99999999999999,0.4444444444444445,-11.555555555555545,-96.29629629629629,-185.7142857142857,-7.405882349156045,-7.408163002010652,-0.0022806528546075455,0.030795153731647425,-0.030790412754176294,0.9245734703723919,0.9223473597154012,-0.002226110656990743,-0.2407716345239853,-0.2410618387887179,68.02681192688456,144.72233276621085,76.69552083932629,112.7430768352909,72.09948688627125,3.802730232496312,0.23188157137813323,-3.5708486611181787,-93.90223452096117,-177.01076756326773
ad5b9d10-eaa9-46a7-a12d-e0b832653a37,jitter_sigma_0p004,2738881187,True,7.383480215578124,3.9890520866912524,-3.3944281288868714,-45.97328129525013,-59.69520312040822,0.8073147898114523,2.299308001170341,1.4919932113588887,184.80934948650483,96.05242166445129,259.27554164470405,71.00507083320701,-188.27047081149703,-72.61404975463972,-114.0063713694902,11.99999999999999,1.4000000000000004,-10.599999999999989,-88.33333333333331,-158.20895522388054,-7.405882349156045,-6.4334636863566175,0.9724186627994271,-13.13035526293827,14.052956842095538,0.9245734703723919,0.43284951206356564,-0.49172395830882626,-53.18387062423214,-72.44962913864994,68.02681192688456,46.21607710396051,-21.810734822924054,-32.061968222715336,-38.183093946504194,3.802730232496312,0.5584378586426929,-3.244292373853619,-85.31481792027868,-148.78089108490693
ad5b9d10-eaa9-46a7-a12d-e0b832653a37,jitter_sigma_0p008,2738881187,True,7.383480215578124,0.7552004611323645,-6.628279754445759,-89.77175479472409,-162.88339640632748,0.8073147898114523,2.8276469975781593,2.0203322077667067,250.25333776413953,111.16112498214596,259.27554164470405,37.76002305661822,-221.51551858808583,-85.43633432714516,-149.1508390995711,11.99999999999999,0.0,-11.99999999999999,-100.0,-200.0,-7.405882349156045,-6.552004510292692,0.8538778388633528,-11.52972459737574,12.23505889482581,0.9245734703723919,1.0,0.0754265296276081,8.157981171277653,7.838259311868575,68.02681192688456,0.0,-68.02681192688456,-100.0,-200.0,3.802730232496312,0.0,-3.802730232496312,-100.0,-200.0
ad5b9d10-eaa9-46a7-a12d-e0b832653a37,scale_minus_10pct,2738881187,True,7.383480215578124,6.645132194020312,-0.7383480215578118,-9.999999999999993,-10.526315789473674,0.8073147898114523,0.8073147898114523,0.0,0.0,0.0,259.27554164470405,233.34798748023366,-25.927554164470394,-9.999999999999995,-10.52631578947368,11.99999999999999,11.99999999999999,0.0,0.0,0.0,-7.405882349156045,-7.314367368034694,0.09151498112135048,-1.2357066559635435,1.2433889761323356,0.9245734703723919,0.9245734703723932,1.3322676295501878e-15,1.440953771919919e-13,1.4409537719199184e-13,68.02681192688456,75.58534658544266,7.558534658558102,11.11111111113371,10.526315789493966,3.802730232496312,3.4224572092466805,-0.3802730232496314,-10.000000000000005,-10.526315789473692
ad5b9d10-eaa9-46a7-a12d-e0b832653a37,scale_minus_5pct,2738881187,True,7.383480215578124,7.014306204799218,-0.3691740107789059,-4.9999999999999964,-5.128205128205124,0.8073147898114523,0.8073147898114523,0.0,0.0,0.0,259.27554164470405,246.31176456246888,-12.963777082235168,-4.999999999999987,-5.128205128205115,11.99999999999999,11.99999999999999,0.0,0.0,0.0,-7.405882349156045,-7.36132955973374,0.044552789422304784,-0.6015865135554294,0.603401504592539,0.9245734703723919,0.9245734703723912,-6.661338147750939e-16,-7.204768859599596e-14,-7.2047688595996e-14,68.02681192688456,71.6071704493561,3.580358522471542,5.263157894742624,5.128205128210617,3.802730232496312,3.612593720871496,-0.1901365116248157,-5.000000000000003,-5.128205128205131
ad5b9d10-eaa9-46a7-a12d-e0b832653a37,scale_plus_5pct,2738881187,True,7.383480215578124,7.752654226357029,0.369174010778905,4.999999999999984,4.878048780487791,0.8073147898114523,0.8073147898114523,0.0,0.0,0.0,259.27554164470405,272.2393187269392,12.96377708223514,4.999999999999976,4.878048780487783,11.99999999999999,11.99999999999999,0.0,0.0,0.0,-7.405882349156045,-7.44826094729592,-0.042378598139875656,0.5722288870104049,-0.5705963285004546,0.9245734703723919,0.9245734703723955,3.552713678800501e-15,3.842543391786452e-13,3.842543391786444e-13,68.02681192688456,64.78743993037439,-3.2393719965101724,-4.761904761892796,-4.878048780475248,3.802730232496312,3.9928667441211267,0.19013651162481482,4.99999999999998,4.878048780487784
ad5b9d10-eaa9-46a7-a12d-e0b832653a37,scale_plus_10pct,2738881187,True,7.383480215578124,8.12182823713594,0.7383480215578162,10.000000000000052,9.52380952380957,0.8073147898114523,0.8073147898114523,0.0,0.0,0.0,259.27554164470405,285.2030958091746,25.927554164470564,10.000000000000062,9.523809523809579,11.99999999999999,11.99999999999999,0.0,0.0,0.0,-7.405882349156045,-7.488667719472494,-0.08278537031644984,1.1178326418577773,-1.1116196183839817,0.9245734703723919,0.9245734703723896,-2.3314683517128287e-15,-2.521669100859859e-13,-2.5216691008598623e-13,68.02681192688456,61.8425562971703,-6.184255629714265,-9.090909090905397,-9.52380952380547,3.802730232496312,4.183003255745944,0.38027302324963186,10.000000000000018,9.523809523809541
ad5b9d10-eaa9-46a7-a12d-e0b832653a37,combined_degradation,2738881187,True,7.383480215578124,12.866296381287064,5.4828161657089405,74.25788389248955,54.15186818957518,0.8073147898114523,48.48829007567742,47.68097528586597,5906.119383369877,193.44919457209753,259.27554164470405,143.57016384129597,-115.70537780340808,-44.62641445831552,-57.444017015804654,11.99999999999999,0.33333333333333337,-11.666666666666655,-97.22222222222221,-189.18918918918916,-7.405882349156045,-6.326262996419729,1.0796193527363158,-14.57786259404116,15.72397211895442,0.9245734703723919,0.9934956073224598,0.06892213695006788,7.4544791905296615,7.1866167649080674,68.02681192688456,38.01493032148083,-30.01188160540373,-44.11772469605161,-56.603901386515275,3.802730232496312,0.09514878142342474,-3.7075814510728873,-97.49788242641225,-190.23584045747563
b3504d04-31ce-4fa2-b3cf-c32a539edd12,frame_thinning_2x,3739352690,True,4.696279669971688,10.78769782569859,6.091418155726902,129.7073126772202,78.68027653011276,1.5339079351494938,48.40974850644488,46.875840571295385,3055.974840284459,187.71489278568708,57.45127637235509,95.51906279966525,38.06778642731016,66.26099336868337,49.77146109939868,0.7894736842105265,0.32142857142857145,-0.4680451127819551,-59.2857142857143,-84.26395939086296,-4.551457680405309,-5.14032641966176,-0.5888687392564513,12.938025147231786,-12.151916162729547,0.7792226619808301,0.9409905003485898,0.16176783836775965,20.760155762992856,18.807882872922836,3400.9437343942486,756.1846264045099,-2644.759107989739,-77.76544731519365,-127.23971349691831,0.0065208490069107675,0.03198087028168828,0.025460021274777513,390.440282358863,132.25394473392578
b3504d04-31ce-4fa2-b3cf-c32a539edd12,frame_thinning_3x,3739352690,True,4.696279669971688,11.20017699308359,6.503897323111901,138.49041752556252,81.82826476327284,1.5339079351494938,42.74647192096487,41.21256398581538,2686.769071430537,186.14367862124212,57.45127637235509,77.18995114160346,19.73867476924837,34.35724324263473,29.32040227752977,0.7894736842105265,0.6666666666666669,-0.1228070175438597,-15.555555555555555,-16.867469879518072,-4.551457680405309,-4.607734910329755,-0.05627722992444628,1.2364660703477037,-1.2288687974827222,0.7792226619808301,0.9643681503426099,0.1851454883617798,23.760280263298426,21.237263588819015,3400.9437343942486,602.7569376816301,-2798.1867967126186,-82.27677419106175,-139.7800198315918,0.0065208490069107675,0.01628091339777786,0.009760064390867093,149.67474910894913,85.60798255542014
b3504d04-31ce-4fa2-b3cf-c32a539edd12,landmark_dropout_5pct,3739352690,True,4.696279669971688,2.912436670113113,-1.7838429998585754,-37.98417311610681,-46.889459933229524,1.5339079351494938,0.9916732090450585,-0.5422347261044352,-35.34988728326706,-42.93940246987095,57.45127637235509,57.40444126662092,-0.046835105734167826,-0.08152143640920806,-0.08155467868196828,0.7894736842105265,0.49999999999999994,-0.2894736842105266,-36.66666666666669,-44.89795918367351,-4.551457680405309,-5.834889657994228,-1.2834319775889194,28.198262352614673,-24.71382740771477,0.7792226619808301,0.5572454711506976,-0.22197719083013256,-28.48700399265255,-33.21847866435987,3400.9437343942486,26701.529642267677,23300.58590787343,685.1211818717006,154.8084479060653,0.0065208490069107675,0.9610564069458895,0.9545355579389787,14638.20979334694,197.30425701232943
b3504d04-31ce-4fa2-b3cf-c32a539edd12,landmark_dropout_10pct,3739352690,True,4.696279669971688,2.9124184627402956,-1.7838612072313929,-37.98456081390372,-46.89005073186068,1.5339079351494938,0.9916732503604925,-0.5422346847890013,-35.34988458979159,-42.939398495678034,57.45127637235509,57.404525003868976,-0.046751368486113165,-0.0813756829058186,-0.08140880639189205,0.7894736842105265,0.37499999999999994,-0.4144736842105266,-52.50000000000002,-71.18644067796613,-4.551457680405309,-5.834886891556929,-1.2834292111516197,28.19820157126738,-24.713780719661763,0.7792226619808301,0.5578876814779259,-0.22133498050290423,-28.404587199794424,-33.10646448674809,3400.9437343942486,2370.8007831370983,-1030.1429512571503,-30.289914556338047,-35.69606894858736,0.0065208490069107675,0.9610578088621344,0.9545369598552237,14638.231292330333,197.30426091816784
b3504d04-31ce-4fa2-b3cf-c32a539edd12,landmark_dropout_20pct,3739352690,True,4.696279669971688,2.9257113358552482,-1.7705683341164402,-37.70150967451038,-46.4594705704286,1.5339079351494938,0.9921818704807603,-0.5417260646687334,-35.31672613819141,-42.890483423139734,57.45127637235509,57.40576274379305,-0.04551362856204122,-0.07922126615091508,-0.07925265863072785,0.7894736842105265,0.17857142857142858,-0.610902255639098,-77.38095238095238,-126.21359223300972,-4.551457680405309,-5.838738663141642,-1.2872809827363332,28.28282877984928,-24.77876144344137,0.7792226619808301,0.5342855145865818,-0.24493714739424832,-31.433524632305176,-37.295108133143415,3400.9437343942486,2340.1698634941285,-1060.77387090012,-31.190573962525654,-36.9535928113417,0.0065208490069107675,0.9610785309153052,0.9545576819083944,14638.549073851553,197.30431864996234
b3504d04-31ce-4fa2-b3cf-c32a539edd12,jitter_sigma_0p004,3739352690,True,4.696279669971688,3.889609301293447,-0.8066703686782413,-17.17679579085,-18.790607970309637,1.5339079351494938,1.790827270521461,0.2569193353719672,16.7493321785918,15.455025406759821,57.45127637235509,98.58407501903754,41.13279864668245,71.59597008792497,52.72240973586381,0.7894736842105265,0.425531914893617,-0.3639417693169095,-46.099290780141864,-59.90783410138251,-4.551457680405309,-6.319125586753243,-1.767667906347934,38.837401783564914,-32.52204344339625,0.7792226619808301,0.5313787751199089,-0.24784388686092118,-31.80655529587491,-37.821397084561674,3400.9437343942486,385.93430281463384,-3015.009431579615,-88.65214090690114,-159.23456746982149,0.0065208490069107675,1.6504795592352839,1.643958710228373,25210.807802574676,198.42586665049083
b3504d04-31ce-4fa2-b3cf-c32a539edd12,jitter_sigma_0p008,3739352690,True,4.696279669971688,0.7273821215194421,-3.9688975484522464,-84.5115245974304,-146.35490563511243,1.5339079351494938,0.0,-1.5339079351494938,-100.0,-200.0,57.45127637235509,43.4469443951211,-14.004331977233988,-24.37601540210988,-27.759323941910743,0.7894736842105265,0.0,-0.7894736842105265,-100.0,-200.0,-4.551457680405309,-6.828311707993607,-2.276854027588298,50.02472147308955,-40.01582017838486,0.7792226619808301,1.0,0.22077733801916988,28.33302325396194,24.817280347966772,3400.9437343942486,0.0,-3400.9437343942486,-100.0,-200.0,0.0065208490069107675,0.0,-0.0065208490069107675,-100.0,-200.0
b3504d04-31ce-4fa2-b3cf-c32a539edd12,scale_minus_10pct,3739352690,True,4.696279669971688,4.226651702974519,-0.46962796699716947,-10.000000000000012,-10.5263157894737,1.5339079351494938,1.5339079351494938,0.0,0.0,0.0,57.45127637235509,51.70614873511956,-5.745127637235527,-10.000000000000032,-10.526315789473719,0.7894736842105265,0.7894736842105265,0.0,0.0,0.0,-4.551457680405309,-4.459942699283961,0.09151498112134782,-2.0106741081067985,2.031093443092658,0.7792226619808301,0.7792226619808196,-1.0547118733938987e-14,-1.3535436337448898e-12,-1.3535436337448987e-12,3400.9437343942486,3778.8263715236008,377.88263712935213,11.111111110359426,10.526315788799042,0.0065208490069107675,0.0058687641062196904,-0.0006520849006910771,-10.000000000000005,-10.526315789473692
b3504d04-31ce-4fa2-b3cf-c32a539edd12,scale_minus_5pct,3739352690,True,4.696279669971688,4.461465686473103,-0.23481398349858562,-5.000000000000025,-5.128205128205154,1.5339079351494938,1.5339079351494938,0.0,0.0,0.0,57.45127637235509,54.57871255373734,-2.872563818617749,-4.99999999999999,-5.128205128205119,0.7894736842105265,0.7894736842105265,0.0,0.0,0.0,-4.551457680405309,-4.506904890983006,0.04455278942230301,-0.9788685856425576,0.9836830679095835,0.7792226619808301,0.7792226619808235,-6.661338147750939e-15,-8.548696634178251e-13,-8.548696634178288e-13,3400.9437343942486,3579.940773024433,178.9970386301843,5.263157894085712,5.128205127586962,0.0065208490069107675,0.006194806556565229,-0.0003260424503455381,-4.9999999999999964,-5.128205128205123
b3504d04-31ce-4fa2-b3cf-c32a539edd12,scale_plus_5pct,3739352690,True,4.696279669971688,4.931093653470271,0.23481398349858296,4.999999999999969,4.8780487804877755,1.5339079351494938,1.5339079351494938,0.0,0.0,0.0,57.45127637235509,60.32384019097284,2.872563818617749,4.99999999999999,4.878048780487796,0.7894736842105265,0.7894736842105265,0.0,0.0,0.0,-4.551457680405309,-4.593836278545184,-0.04237859813987477,0.9310994656134194,-0.9267848213539132,0.7792226619808301,0.7792226619808267,-3.4416913763379853e-15,-4.4168265943254293e-13,-4.416826594325439e-13,3400.9437343942486,3238.994032720888,-161.94970167336078,-4.761904762949749,-4.878048781584389,0.0065208490069107675,0.0068468914572563065,0.000326042450345539,5.000000000000009,4.878048780487814
b3504d04-31ce-4fa2-b3cf-c32a539edd12,scale_plus_10pct,3739352690,True,4.696279669971688,5.165907636968858,0.46962796699716947,10.000000000000012,9.523809523809536,1.5339079351494938,1.5339079351494938,0.0,0.0,0.0,57.45127637235509,63.19640400959064,5.745127637235548,10.00000000000007,9.523809523809586,0.7894736842105265,0.7894736842105265,0.0,0.0,0.0,-4.551457680405309,-4.634243050721757,-0.08278537031644806,1.818875976214196,-1.8024835064769296,0.7792226619808301,0.7792226619808337,3.552713678800501e-15,4.559304871561734e-13,4.559304871561723e-13,3400.9437343942486,3091.7670312841274,-309.17670311012125,-9.09090909042015,-9.523809523272908,0.0065208490069107675,0.007172933907601845,0.0006520849006910771,10.000000000000005,9.523809523809529
b3504d04-31ce-4fa2-b3cf-c32a539edd12,combined_degradation,3739352690,True,4.696279669971688,9.364162287105628,4.66788261713394,99.39532875311237,66.39738112619374,1.5339079351494938,7.522032647151197,5.988124712001703,390.38358005613316,132.24743818891974,57.45127637235509,100.04005928476732,42.588782912412235,74.13026411525556,54.08396942563639,0.7894736842105265,0.02857142857142857,-0.760902255639098,-96.38095238095238,-186.02941176470588,-4.551457680405309,-5.136828562919657,-0.585370882514348,12.861173795693087,-12.084095531707822,0.7792226619808301,0.8148082292215129,0.035585567240682736,4.566803428203964,4.4648529005408815,3400.9437343942486,321.25865020509303,-3079.6850841891555,-90.55383813157046,-165.47649837265112,0.0065208490069107675,0.0,-0.0065208490069107675,-100.0,-200.0
b760c52c-ec71-42b4-9e15-97ab9a0b91af,frame_thinning_2x,457504873,True,4.450432371371011,4.82453245874986,0.3741000873788485,8.405926799053958,8.066878834169621,4.348759711729453,15.468873266518125,11.120113554788672,255.7077026995894,112.22443736842274,63.07182549422606,20.194156607307583,-42.87766888691848,-67.98228614905673,-102.98964308049334,0.45901639344262296,0.9310344827586206,0.4720180893159976,102.8325123152709,67.91378609190726,-6.427996161920414,-4.932356857033978,1.4956393048864358,-23.267582419333646,26.330859655347133,0.946180144950832,0.7198315538994677,-0.2263485910513643,-23.922356885128508,-27.17250919757232,2583.2896042074694,768.7934390092529,-1814.4961651982167,-70.23975021007713,-108.26081226537823,0.1135841864607597,0.1452427384993284,0.031658552038568696,27.872323626234607,24.463105639763363
b760c52c-ec71-42b4-9e15-97ab9a0b91af,frame_thinning_3x,457504873,True,4.450432371371011,4.560964629007991,0.11053225763697938,2.483629643448071,2.4531658661211044,4.348759711729453,13.830466238764323,9.48170652703487,218.03243121161321,104.31364407764931,63.07182549422606,17.032903170224866,-46.03892232400119,-72.9944344614155,-114.94682796281029,0.45901639344262296,0.52,0.06098360655737706,13.285714285714286,12.458137977227059,-6.427996161920414,-4.193875599911197,2.234120562009217,-34.75609670155366,42.06641940523617,0.946180144950832,0.7026799156774735,-0.24350022927335857,-25.73508127102075,-29.535584624515888,2583.2896042074694,560.1629974956753,-2023.126606711794,-78.31590400923986,-128.72003259191183,0.1135841864607597,0.15883323652624395,0.045249050065484256,39.83745578977809,33.22037890920286
b760c52c-ec71-42b4-9e15-97ab9a0b91af,landmark_dropout_5pct,457504873,True,4.450432371371011,4.773574049714488,0.3231416783434762,7.260905264445763,7.006536283513303,4.348759711729453,2.431727607869973,-1.9170321038594804,-44.082272439400846,-56.5455553118779,63.07182549422606,178.17435585759665,115.10253036337059,182.49436965148203,95.423297246318,0.45901639344262296,0.4814814814814815,0.02246508803885855,4.894179894179898,4.777275661717241,-6.427996161920414,-6.461413946623069,-0.033417784702654885,0.5198787283138492,-0.5185308624869432,0.946180144950832,0.948746251721333,0.0025661067705009533,0.27120699839186546,0.2708397302404466,2583.2896042074694,2355.7254201485534,-227.564184058916,-8.809085272060726,-9.214962211563108,0.1135841864607597,0.03950242535784651,-0.07408176110291319,-65.2218970010464,-96.7841148521771
b760c52c-ec71-42b4-9e15-97ab9a0b91af,landmark_dropout_10pct,457504873,True,4.450432371371011,1.8763858918526202,-2.5740464795183913,-57.83812143909568,-81.36938260043736,4.348759711729453,0.8283748280125344,-3.520384883716919,-80.95146931714241,-135.99742702040595,63.07182549422606,40.86539751589927,-22.206427978326793,-35.2081580076665,-42.73046236027201,0.45901639344262296,0.20338983050847462,-0.2556265629341483,-55.690072639225164,-77.18120805369125,-6.427996161920414,-4.488212233479451,1.9397839284409635,-30.17711709182847,35.539518085022934,0.946180144950832,0.8278078393930974,-0.11837230555773459,-12.510546346740956,-13.345333407262281,2583.2896042074694,3951.18342197128,1367.8938177638106,52.951624763088404,41.86699714831425,0.1135841864607597,0.014817591964412404,-0.0987665944963473,-86.95452912405946,-153.83991671720477
b760c52c-ec71-42b4-9e15-97ab9a0b91af,landmark_dropout_20pct,457504873,True,4.450432371371011,2.6316757807883207,-1.8187565905826908,-40.866963899563764,-51.36201118386346,4.348759711729453,0.8301605280057887,-3.5185991837236648,-80.91040703475329,-135.88157456943352,63.07182549422606,93.76607083956276,30.694245345336697,48.66554139636661,39.141363232789026,0.45901639344262296,0.04285714285714286,-0.4161592505854801,-90.66326530612244,-165.8422771815212,-6.427996161920414,-6.164471921420851,0.2635242404995628,-4.099632822755652,4.1854263795702185,0.946180144950832,0.8862140226038053,-0.059966122347026696,-6.3377066901084484,-6.545111680534604,2583.2896042074694,3608.8585155816822,1025.5689113742128,39.70011375046153,33.12481844859791,0.1135841864607597,0.012206235567893402,-0.1013779508928663,-89.25357838248873,-161.18548496446573
b760c52c-ec71-42b4-9e15-97ab9a0b91af,jitter_sigma_0p004,457504873,True,4.450432371371011,0.6544987111461272,-3.7959336602248843,-85.29359269997174,-148.71635283088625,4.348759711729453,0.0,-4.348759711729453,-100.0,-200.0,63.07182549422606,39.23069197679084,-23.841133517435225,-37.79997380861883,-46.6090847161989,0.45901639344262296,0.0,-0.45901639344262296,-100.0,-199.99999999999997,-6.427996161920414,-6.742686282947225,-0.3146901210268105,4.895617749292407,-4.778645637294811,0.946180144950832,1.0,0.053819855049167975,5.688119258935063,5.530819455619065,2583.2896042074694,0.0,-2583.2896042074694,-100.0,-200.0,0.1135841864607597,0.0,-0.1135841864607597,-100.0,-200.0
b760c52c-ec71-42b4-9e15-97ab9a0b91af,jitter_sigma_0p008,457504873,True,4.450432371371011,0.6352771441695861,-3.8151552272014255,-85.72549606064723,-150.03433505367576,4.348759711729453,0.0,-4.348759711729453,-100.0,-200.0,63.07182549422606,38.07855010007509,-24.99327539415097,-39.62668782504002,-49.41805751546631,0.45901639344262296,0.0,-0.45901639344262296,-100.0,-199.99999999999997,-6.427996161920414,-6.716795152989582,-0.28879899106916795,4.492830795077621,-4.394120593479279,0.946180144950832,1.0,0.053819855049167975,5.688119258935063,5.530819455619065,2583.2896042074694,0.0,-2583.2896042074694,-100.0,-200.0,0.1135841864607597,0.0,-0.1135841864607597,-100.0,-200.0
b760c52c-ec71-42b4-9e15-97ab9a0b91af,scale_minus_10pct,457504873,True,4.450432371371011,4.005389134233911,-0.44504323713710026,-9.99999999999998,-10.52631578947366,4.348759711729453,4.348759711729453,0.0,0.0,0.0,63.07182549422606,56.764642944803484,-6.307182549422578,-9.999999999999956,-10.526315789473633,0.45901639344262296,0.45901639344262296,0.0,0.0,0.0,-6.427996161920414,-6.336481180799065,0.09151498112134959,-1.4236937735508663,1.4339009528431232,0.946180144950832,0.9461801449508322,2.220446049250313e-16,2.3467476686119828e-14,2.3467476686119825e-14,2583.2896042074694,2870.321782456333,287.0321782488636,11.11111111125005,10.526315789598383,0.1135841864607597,0.10222576781468375,-0.011358418646075952,-9.999999999999984,-10.526315789473667
b760c52c-ec71-42b4-9e15-97ab9a0b91af,scale_minus_5pct,457504873,True,4.450432371371011,4.227910752802462,-0.22252161856854968,-4.9999999999999805,-5.128205128205107,4.348759711729453,4.348759711729453,0.0,0.0,0.0,63.07182549422606,59.91823421951479,-3.1535912747112747,-4.999999999999956,-5.128205128205081,0.45901639344262296,0.45901639344262296,0.0,0.0,0.0,-6.427996161920414,-6.3834433724981094,0.044552789422304784,-0.6931054141916957,0.6955157428267394,0.946180144950832,0.9461801449508317,-3.3306690738754696e-16,-3.5201215029179744e-14,-3.520121502917975e-14,2583.2896042074694,2719.2522149515307,135.9626107440613,5.263157894593604,5.128205128069142,0.1135841864607597,0.10790497713772172,-0.005679209323037976,-4.999999999999992,-5.12820512820512
b760c52c-ec71-42b4-9e15-97ab9a0b91af,scale_plus_5pct,457504873,True,4.450432371371011,4.672953989939563,0.22252161856855146,5.0000000000000195,4.878048780487824,4.348759711729453,4.348759711729453,0.0,0.0,0.0,63.07182549422606,66.22541676893738,3.1535912747113173,5.000000000000022,4.878048780487826,0.45901639344262296,0.45901639344262296,0.0,0.0,0.0,-6.427996161920414,-6.470374760060291,-0.042378598139876544,0.6592816341572862,-0.657115513210389,0.946180144950832,0.9461801449508314,-6.661338147750939e-16,-7.040243005835949e-14,-7.040243005835951e-14,2583.2896042074694,2460.2758135361382,-123.01379067133121,-4.761904761702889,-4.8780487802759644,0.1135841864607597,0.11926339578379769,0.00567920932303799,5.000000000000004,4.87804878048781
b760c52c-ec71-42b4-9e15-97ab9a0b91af,scale_plus_10pct,457504873,True,4.450432371371011,4.8954756085081135,0.44504323713710203,10.00000000000002,9.523809523809541,4.348759711729453,4.348759711729453,0.0,0.0,0.0,63.07182549422606,69.37900804364868,6.30718254942262,10.000000000000023,9.523809523809543,0.45901639344262296,0.45901639344262296,0.0,0.0,0.0,-6.427996161920414,-6.510781532236865,-0.08278537031645072,1.287887674962736,-1.2796474639769697,0.946180144950832,0.9461801449508309,-1.1102230246251565e-15,-1.1733738343059914e-13,-1.1733738343059921e-13,2583.2896042074694,2348.445094736428,-234.84450947104142,-9.090909090817545,-9.523809523709051,0.1135841864607597,0.12494260510683569,0.011358418646075993,10.000000000000021,9.523809523809543
b760c52c-ec71-42b4-9e15-97ab9a0b91af,combined_degradation,457504873,True,4.450432371371011,5.139648602092562,0.6892162307215504,15.486500483754764,14.373522655932936,4.348759711729453,3.346305017636335,-1.0024546940931183,-23.05150802858347,-26.054483733387347,63.07182549422606,101.26209534189096,38.190269847664894,60.550443162868405,46.47886407548247,0.45901639344262296,0.303030303030303,-0.15598609041231998,-33.982683982683994,-40.93872229465451,-6.427996161920414,-5.800457917990457,0.6275382439299575,-9.762579630142087,10.26357444414644,0.946180144950832,0.7684068451800171,-0.1777732997708149,-18.7885257072323,-20.736573973099855,2583.2896042074694,168.11231662659958,-2415.1772875808697,-93.49231629497557,-175.5597587755354,0.1135841864607597,0.6929897212138715,0.5794055347531117,510.1110927561037,143.67078558827907
b95e3543-d28d-49db-be02-bbee7efb8425,frame_thinning_2x,4015782012,True,0.8976827916206047,20.369066118464747,19.471383326844144,2169.071693096853,183.11574946568547,0.2309659330120506,63.94051630875843,63.70955037574638,27583.959913439856,198.56032041060317,44.88413958103023,278.8165341029573,233.93239452192705,521.1916652643062,144.5362419914537,0.0,0.2,0.2,,200.0,-6.702125817213369,-6.924762044610647,-0.2226362273972784,3.321874782258964,-3.2676019595200163,1.0,0.944336760830837,-0.05566323916916305,-5.566323916916305,-5.725678832032937,0.0,10.850400566710935,10.850400566710935,,200.0,0.0,0.9653790217455516,0.9653790217455516,,200.0
b95e3543-d28d-49db-be02-bbee7efb8425,frame_thinning_3x,4015782012,True,0.8976827916206047,0.7334340060146568,-0.1642487856059479,-18.296973846343462,-20.13942666080937,0.2309659330120506,0.41026703826756256,0.17930110525551196,77.63097480101405,55.92385709602781,44.88413958103023,12.22390010024428,-32.660239480785954,-72.76565794878115,-114.38053087819476,0.0,0.0,0.0,,,-6.702125817213369,-4.6181170831864735,2.084008734026895,-31.09474203952487,36.81915224545731,1.0,1.0,0.0,0.0,0.0,0.0,0.0,0.0,,,0.0,0.0,0.0,,
b95e3543-d28d-49db-be02-bbee7efb8425,landmark_dropout_5pct,4015782012,True,0.8976827916206047,0.8976827916206047,0.0,0.0,0.0,0.2309659330120506,0.2309659330120506,0.0,0.0,0.0,44.88413958103023,44.88413958103023,0.0,0.0,0.0,0.0,0.0,0.0,,,-6.702125817213369,-6.702125817213369,0.0,-0.0,0.0,1.0,1.0,0.0,0.0,0.0,0.0,0.0,0.0,,,0.0,0.0,0.0,,
b95e3543-d28d-49db-be02-bbee7efb8425,landmark_dropout_10pct,4015782012,True,0.8976827916206047,0.896282067409555,-0.001400724211049753,-0.15603777014829454,-0.15615960413037325,0.2309659330120506,0.22479731944112236,-0.006168613570928239,-2.6707893629518047,-2.7069376645551424,44.88413958103023,44.814103370477746,-0.07003621055248743,-0.15603777014829406,-0.15615960413037278,0.0,0.0,0.0,,,-6.702125817213369,-6.70076943185033,0.0013563853630387257,-0.020238136376894936,0.02024018449496545,1.0,1.0,0.0,0.0,0.0,0.0,0.0,0.0,,,0.0,0.0,0.0,,
b95e3543-d28d-49db-be02-bbee7efb8425,landmark_dropout_20pct,4015782012,True,0.8976827916206047,2.8162331074412945,1.9185503158206898,213.7225235605879,103.3168422745005,0.2309659330120506,0.4749287616772624,0.2439628286652118,105.62719163110653,69.12159292331492,44.88413958103023,70.07582188581965,25.191682304789417,56.12602255482779,43.82688021699406,0.0,2.0000000000000004,2.0000000000000004,,200.0,-6.702125817213369,-6.674449504496358,0.027676312717010987,-0.4129482715160118,0.41380266699643625,1.0,0.8890080796542627,-0.11099192034573735,-11.099192034573734,-11.751344162175497,0.0,57.890394396190686,57.890394396190686,,200.0,0.0,0.9669422739132467,0.9669422739132467,,200.0
b95e3543-d28d-49db-be02-bbee7efb8425,jitter_sigma_0p004,4015782012,True,0.8976827916206047,2.1642695995363352,1.2665868079157305,141.09514181831827,82.73066632738586,0.2309659330120506,0.0,-0.2309659330120506,-100.0,-200.00000000000003,44.88413958103023,108.21347997681676,63.329340395786524,141.09514181831827,82.73066632738586,0.0,0.0,0.0,,,-6.702125817213369,-7.46650273566422,-0.7643769184508518,11.40499207710587,-10.789709329991716,1.0,1.0,0.0,0.0,0.0,0.0,0.0,0.0,,,0.0,0.0,0.0,,
b95e3543-d28d-49db-be02-bbee7efb8425,jitter_sigma_0p008,4015782012,True,0.8976827916206047,4.9045550826593995,4.006872291038794,446.35725764611215,138.11471979804014,0.2309659330120506,0.0,-0.2309659330120506,-100.0,-200.00000000000003,44.88413958103023,245.22775413296998,200.34361455193974,446.35725764611215,138.11471979804017,0.0,0.0,0.0,,,-6.702125817213369,-8.17707925019094,-1.4749534329775722,22.007247748011288,-19.825702062655676,1.0,1.0,0.0,0.0,0.0,0.0,0.0,0.0,,,0.0,0.0,0.0,,
b95e3543-d28d-49db-be02-bbee7efb8425,scale_minus_10pct,4015782012,True,0.8976827916206047,0.8079145124585443,-0.08976827916206043,-9.999999999999995,-10.526315789473678,0.2309659330120506,0.2309659330120506,0.0,0.0,0.0,44.88413958103023,40.395725622927216,-4.488413958103017,-9.999999999999986,-10.526315789473669,0.0,0.0,0.0,,,-6.702125817213369,-6.610610836092019,0.09151498112134959,-1.3654619984349978,1.3748485154422032,1.0,1.0,0.0,0.0,0.0,0.0,0.0,0.0,,,0.0,0.0,0.0,,
b95e3543-d28d-49db-be02-bbee7efb8425,scale_minus_5pct,4015782012,True,0.8976827916206047,0.8527986520395744,-0.044884139581030325,-5.00000000000001,-5.128205128205139,0.2309659330120506,0.2309659330120506,0.0,0.0,0.0,44.88413958103023,42.63993260197872,-2.244206979051512,-5.000000000000001,-5.128205128205129,0.0,0.0,0.0,,,-6.702125817213369,-6.657573027791065,0.044552789422303896,-0.6647560884022347,0.6669729600823066,1.0,1.0,0.0,0.0,0.0,0.0,0.0,0.0,,,0.0,0.0,0.0,,
b95e3543-d28d-49db-be02-bbee7efb8425,scale_plus_5pct,4015782012,True,0.8976827916206047,0.9425669312016351,0.044884139581030436,5.000000000000022,4.878048780487826,0.2309659330120506,0.2309659330120506,0.0,0.0,0.0,44.88413958103023,47.12834656008176,2.244206979051526,5.000000000000032,4.878048780487836,0.0,0.0,0.0,,,-6.702125817213369,-6.744504415353245,-0.042378598139876544,0.6323157651119247,-0.6303229494217685,1.0,1.0,0.0,0.0,0.0,0.0,0.0,0.0,,,0.0,0.0,0.0,,
b95e3543-d28d-49db-be02-bbee7efb8425,scale_plus_10pct,4015782012,True,0.8976827916206047,0.9874510707826653,0.08976827916206054,10.000000000000007,9.52380952380953,0.2309659330120506,0.2309659330120506,0.0,0.0,0.0,44.88413958103023,49.372553539133264,4.488413958103031,10.000000000000018,9.523809523809538,0.0,0.0,0.0,,,-6.702125817213369,-6.784911187529819,-0.08278537031645072,1.2352106268108152,-1.2276287265666486,1.0,1.0,0.0,0.0,0.0,0.0,0.0,0.0,,,0.0,0.0,0.0,,
b95e3543-d28d-49db-be02-bbee7efb8425,combined_degradation,4015782012,True,0.8976827916206047,19.572067874880144,18.67438508325954,2080.2877427945677,182.45835415885776,0.2309659330120506,66.58238388435048,66.35141795133843,28727.794218845498,198.61724680086598,44.88413958103023,280.7815535760501,235.89741399501986,525.5696470891451,144.87090224836055,0.0,2.0000000000000004,2.0000000000000004,,200.0,-6.702125817213369,-6.953405350508869,-0.25127953329550046,3.749251209968754,-3.680260111586919,1.0,0.9393049428491466,-0.06069505715085344,-6.069505715085343,-6.2594650082913486,0.0,16.306127445942163,16.306127445942163,,200.0,0.0,3.5168456136011104,3.5168456136011104,,200.0
ba749048-28f5-497e-8d85-fcbcfedb6f8c,frame_thinning_2x,3516859669,True,8.565053810082276,5.63655552138188,-2.9284982887003954,-34.1912421525378,-41.241780707376684,8.046861226286055,8.39669746013695,0.3498362338508958,4.347486852489925,4.254994195870095,232.98972430234974,36.15218915586043,-196.8375351464893,-84.48335467836088,-146.27044343805068,0.13402061855670103,0.46341463414634143,0.32939401558964043,245.77861163227018,110.26936026936028,-6.9006798592353,-5.110896973940188,1.7897828852951116,-25.936326880891514,29.800964688529547,0.6656740409802028,0.6003393596501978,-0.06533468133000497,-9.814815856992091,-10.32132539789423,7246.713846422974,2535.3834437372298,-4711.330402685744,-65.01333573439342,-96.32556828942734,0.12730668027053021,0.14315121417878973,0.015844533908259517,12.445956390182703,11.71682116398977
ba749048-28f5-497e-8d85-fcbcfedb6f8c,frame_thinning_3x,3516859669,True,8.565053810082276,4.853534815661905,-3.711518994420371,-43.33328285750394,-55.31906667590435,8.046861226286055,7.8363415261519584,-0.21051970013409615,-2.616171625358815,-2.6508469786017455,232.98972430234974,13.448541388330812,-219.54118291401892,-94.22783926261113,-178.171342261902,0.13402061855670103,0.52,0.385979381443299,288.00000000000006,118.03278688524593,-6.9006798592353,-4.250626804900781,2.650053054334519,-38.402782166280424,47.529014027699596,0.6656740409802028,0.6934626706046624,0.027788629624459604,4.17451003249893,4.089158859090161,7246.713846422974,117.03267806972775,-7129.681168353246,-98.3850241564665,-193.6427644444054,0.12730668027053021,0.15462153753018493,0.027314857259654712,21.455949681202814,19.37717158838112
ba749048-28f5-497e-8d85-fcbcfedb6f8c,landmark_dropout_5pct,3516859669,True,8.565053810082276,8.565059330640315,5.520558039151524e-06,6.445444665686804e-05,6.445442588499626e-05,8.046861226286055,8.036709364487725,-0.010151861798329165,-0.1261592751862909,-0.12623890623084283,232.98972430234974,318.80716692702504,85.8174426246753,36.833144844323854,31.104721316380925,0.13402061855670103,0.2111111111111111,0.07709049255441008,57.52136752136753,44.673083305675405,-6.9006798592353,-7.24695878705637,-0.3462789278210696,5.018040756631225,-4.895218721349447,0.6656740409802028,0.6845510488939353,0.01887700791373248,2.835773479454922,2.7961275575899887,7246.713846422974,6548.992575527981,-697.7212708949928,-9.6281057273897,-10.115049560417113,0.12730668027053021,0.12549604965307784,-0.0018106306174523745,-1.4222589212166512,-1.4324454629105554
ba749048-28f5-497e-8d85-fcbcfedb6f8c,landmark_dropout_10pct,3516859669,True,8.565053810082276,6.0006639426549375,-2.564389867427338,-29.94014893880398,-35.21130796243026,8.046861226286055,3.4336950776834017,-4.613166148602653,-57.32876482985916,-80.36485387049807,232.98972430234974,235.09551422328238,2.1057899209326365,0.9038123579218293,0.8997463485776318,0.13402061855670103,0.14864864864864868,0.014628030091947658,10.914760914760944,10.349926071956657,-6.9006798592353,-6.70855204348152,0.19212781575378024,-2.784186771056365,2.8234924223082074,0.6656740409802028,0.9662255544786857,0.30055151349848297,45.14995252870637,36.83455947104003,7246.713846422974,11970.498435537269,4723.784589114295,65.18519551377052,49.16201704810899,0.12730668027053021,0.05060359860674116,-0.07670308166378906,-60.250633745843416,-86.22670050076363
ba749048-28f5-497e-8d85-fcbcfedb6f8c,landmark_dropout_20pct,3516859669,True,8.565053810082276,6.000722374107685,-2.564331435974591,-29.93946673114898,-35.21036439867828,8.046861226286055,3.4336951115997945,-4.61316611468626,-57.32876440837317,-80.36485304223119,232.98972430234974,235.0971646165323,2.107440314182554,0.904520712444699,0.9004483415675276,0.13402061855670103,0.08974358974358976,-0.04427702881311127,-33.037475345167636,-39.57471943295923,-6.9006798592353,-6.708560706602064,0.19211915263323576,-2.7840612309542134,2.8233633126524844,0.6656740409802028,0.9670575518066509,0.3013835108264481,45.274938223918404,36.917704313178255,7246.713846422974,11368.534883785704,4121.82103736273,56.87848485141011,44.28435093294103,0.12730668027053021,0.05061165396810843,-0.07669502630242178,-60.244306221356744,-86.21374141189084
ba749048-28f5-497e-8d85-fcbcfedb6f8c,jitter_sigma_0p004,3516859669,True,8.565053810082276,3.3843840933046736,-5.180669716777603,-60.4861315719841,-86.70984792195445,8.046861226286055,3.1076484472089505,-4.9392127790771045,-61.380613386776986,-88.55992640919945,232.98972430234974,46.497048467660456,-186.4926758346893,-80.04330508270768,-133.45366865583597,0.13402061855670103,1.6333333333333333,1.4993127147766323,1118.7179487179487,169.6675092358546,-6.9006798592353,-6.084585073542928,0.8160947856923721,-11.826295413489996,12.569551563516182,0.6656740409802028,0.6230293552425619,-0.04264468573764091,-6.406241360237925,-6.618231295522926,7246.713846422974,357.6821944861728,-6889.031651936801,-95.06421528341805,-181.18550414460475,0.12730668027053021,0.8388766156290031,0.7115699353584728,558.9415526713657,147.29501914975438
ba749048-28f5-497e-8d85-fcbcfedb6f8c,jitter_sigma_0p008,3516859669,True,8.565053810082276,0.6208731233863074,-7.944180686695969,-92.75108905147272,-172.96416016007362,8.046861226286055,1.205677994746009,-6.841183231540046,-85.01679150614014,-147.8768815373247,232.98972430234974,37.215172230947495,-195.77455207140224,-84.02711864551866,-144.90821934255882,0.13402061855670103,0.0,-0.13402061855670103,-100.0,-200.0,-6.9006798592353,-6.696874412283161,0.2038054469521393,-2.953411129185814,2.9976780071256157,0.6656740409802028,1.0,0.3343259590197972,50.223673816017126,40.143023279999696,7246.713846422974,0.0,-7246.713846422974,-100.0,-200.0,0.12730668027053021,0.0,-0.12730668027053021,-100.0,-200.0
ba749048-28f5-497e-8d85-fcbcfedb6f8c,scale_minus_10pct,3516859669,True,8.565053810082276,7.708548429074048,-0.8565053810082279,-10.000000000000005,-10.526315789473687,8.046861226286055,8.046861226286055,0.0,0.0,0.0,232.98972430234974,209.69075187211473,-23.29897243023501,-10.000000000000016,-10.526315789473701,0.13402061855670103,0.13402061855670103,0.0,0.0,0.0,-6.9006798592353,-6.8091648781139495,0.09151498112135048,-1.3261734059271622,1.3350257843845512,0.6656740409802028,0.6656740409802034,6.661338147750939e-16,1.0006906890859289e-13,1.0006906890859283e-13,7246.713846422974,8051.904273846307,805.190427423333,11.111111111704517,10.52631579000627,0.12730668027053021,0.11457601224347719,-0.012730668027053027,-10.000000000000005,-10.526315789473689
ba749048-28f5-497e-8d85-fcbcfedb6f8c,scale_minus_5pct,3516859669,True,8.565053810082276,8.136801119578163,-0.4282526905041131,-4.999999999999992,-5.12820512820512,8.046861226286055,8.046861226286055,0.0,0.0,0.0,232.98972430234974,221.34023808723225,-11.649486215117491,-5.000000000000002,-5.1282051282051295,0.13402061855670103,0.13402061855670103,0.0,0.0,0.0,-6.9006798592353,-6.856127069812996,0.044552789422303896,-0.64562898629007,0.6477199200670338,0.6656740409802028,0.6656740409802022,-5.551115123125783e-16,-8.339089075716074e-14,-8.339089075716078e-14,7246.713846422974,7628.11983837347,381.4059919504962,5.263157895199087,5.128205128643972,0.12730668027053021,0.12094134625700369,-0.006365334013526527,-5.000000000000012,-5.128205128205141
ba749048-28f5-497e-8d85-fcbcfedb6f8c,scale_plus_5pct,3516859669,True,8.565053810082276,8.99330650058639,0.42825269050411485,5.000000000000012,4.878048780487816,8.046861226286055,8.046861226286055,0.0,0.0,0.0,232.98972430234974,244.63921051746726,11.64948621511752,5.000000000000014,4.878048780487818,0.13402061855670103,0.13402061855670103,0.0,0.0,0.0,-6.9006798592353,-6.943058457375177,-0.042378598139876544,0.6141220720906293,-0.6122421151088703,0.6656740409802028,0.6656740409802026,-2.220446049250313e-16,-3.3356356302864296e-14,-3.3356356302864296e-14,7246.713846422974,6901.632234537352,-345.0816118856219,-4.76190476399115,-4.878048782677209,0.12730668027053021,0.13367201428405676,0.006365334013526541,5.000000000000024,4.878048780487827
ba749048-28f5-497e-8d85-fcbcfedb6f8c,scale_plus_10pct,3516859669,True,8.565053810082276,9.421559191090504,0.8565053810082279,10.000000000000005,9.523809523809527,8.046861226286055,8.046861226286055,0.0,0.0,0.0,232.98972430234974,256.2886967325847,23.298972430234954,9.999999999999991,9.523809523809515,0.13402061855670103,0.13402061855670103,0.0,0.0,0.0,-6.9006798592353,-6.983465229551751,-0.08278537031645072,1.1996697717494837,-1.1925166409173995,0.6656740409802028,0.6656740409802028,0.0,0.0,0.0,7246.713846422974,6587.92167871314,-658.7921677098338,-9.090909088883343,-9.523809521586255,0.12730668027053021,0.14003734829758321,0.012730668027053,9.999999999999982,9.523809523809508
ba749048-28f5-497e-8d85-fcbcfedb6f8c,combined_degradation,3516859669,True,8.565053810082276,5.319919997610981,-3.2451338124712947,-37.888072677970975,-46.743103118757936,8.046861226286055,4.206502066874105,-3.8403591594119497,-47.72493337982452,-62.68253160429255,232.98972430234974,92.76114657308116,-140.22857772926858,-60.18659327108116,-86.09559652283652,0.13402061855670103,0.04878048780487805,-0.08524013075182298,-63.60225140712945,-93.25997248968362,-6.9006798592353,-5.761301959135059,1.139377900100241,-16.511096346186697,17.996833614895888,0.6656740409802028,0.8109465653827735,0.14527252440257077,21.82337232028118,19.676350685690014,7246.713846422974,311.0954530918831,-6935.61839333109,-95.7070824143906,-183.53515201227145,0.12730668027053021,0.2542913119263998,0.1269846316558696,99.74702928866242,66.55414035320031
c638dd17-dbb3-4068-bb40-957442fe9ec9,frame_thinning_2x,4184951148,True,2.0136497816009986,7.388381767201185,5.374731985600187,266.91493400242035,114.3312901621762,0.5662547893143309,37.56791927151869,37.00166448220436,6534.455015737543,194.06039539851034,20.621187135567084,139.00021511683937,118.37902798127229,574.0650487434552,148.3247563432398,1.4482758620689653,0.140625,-1.3076508620689653,-90.29017857142857,-164.59816887080368,-4.677763539344765,-6.1764774293139215,-1.4987138899691566,32.03911179698254,-27.615268433723745,0.7418973161672661,0.13731362873533895,-0.6045836874319271,-81.49155877194458,-137.5286990993726,125.60606882524449,74.0275444286051,-51.578524396639395,-41.063719993020804,-51.67318624950529,1.140970809990856,0.7371821071223194,-0.40378870286853663,-35.389924030727194,-42.99849061163584
c638dd17-dbb3-4068-bb40-957442fe9ec9,frame_thinning_3x,4184951148,True,2.0136497816009986,11.13695021321444,9.123300431613442,453.07284886251426,138.7510902196137,0.5662547893143309,44.384294599425864,43.818039810111536,7738.219726701141,194.96108682083272,20.621187135567084,127.79272550139622,107.17153836582914,519.7156577905325,144.4224957911897,1.4482758620689653,2.419354838709676,0.9710789766407109,67.05069124423957,50.21570319240721,-4.677763539344765,-5.817144581769951,-1.1393810424251862,24.35738858627267,-21.71302557919234,0.7418973161672661,0.11251913223030725,-0.6293781839369588,-84.83359761811849,-147.32351773361444,125.60606882524449,32.155652997919304,-93.45041582732519,-74.3996024247384,-118.47032949104653,1.140970809990856,5.107374496948088,3.966403686957232,347.63410704512415,126.95853036650972
c638dd17-dbb3-4068-bb40-957442fe9ec9,landmark_dropout_5pct,4184951148,True,2.0136497816009986,2.019080030622369,0.005430249021370237,0.2696719693259069,0.2693088440941881,0.5662547893143309,0.5662480705050087,-6.718809322237007e-06,-0.0011865346570176843,-0.001186541696381908,20.621187135567084,20.617768824647683,-0.003418310919400369,-0.01657669316964067,-0.016578067217308704,1.4482758620689653,0.33962264150943394,-1.1086532205595314,-76.54986522911051,-124.0174672489083,-4.677763539344765,-4.840050373023297,-0.16228683367853236,3.469325294310721,-3.410170343163494,0.7418973161672661,0.6926237483367691,-0.04927356783049697,-6.641561676628021,-6.869688992337326,125.60606882524449,219.42114698740315,93.81507816215866,74.68992465060221,54.3812626150054,1.140970809990856,1.1409713013677063,4.913768503200799e-07,4.306655753305538e-05,4.3066548259415485e-05
c638dd17-dbb3-4068-bb40-957442fe9ec9,landmark_dropout_10pct,4184951148,True,2.0136497816009986,2.0083309771288733,-0.005318804472125294,-0.26413751391746265,-0.2644868183708047,0.5662547893143309,0.5661312371494319,-0.0001235521648990101,-0.021819182324023696,-0.02182156296732859,20.621187135567084,20.580415493817334,-0.040771641749749676,-0.19771723849703796,-0.19791289244982865,1.4482758620689653,0.14516129032258063,-1.3031145717463848,-89.97695852534562,-163.5602094240838,-4.677763539344765,-4.894868623784062,-0.21710508443929744,4.641215457199197,-4.535953763595495,0.7418973161672661,0.6330807474663172,-0.10881656870094891,-14.667335536824538,-15.828117055683784,125.60606882524449,184.22644334380522,58.62037451856072,46.670017672568946,37.84004080667717,1.140970809990856,1.1116253690681355,-0.02934544092272051,-2.5719712253598925,-2.605477288430756
c638dd17-dbb3-4068-bb40-957442fe9ec9,landmark_dropout_20pct,4184951148,True,2.0136497816009986,1.1905590135055957,-0.8230907680954029,-40.875567122748905,-51.37560132488316,0.5662547893143309,0.5806695431536556,0.014414753839324668,2.545630361339507,2.5136364154567308,20.621187135567084,25.723497433508296,5.102310297941212,24.743048324026077,22.01896655628919,1.4482758620689653,0.14285714285714285,-1.3054187192118225,-90.1360544217687,-164.08668730650157,-4.677763539344765,-6.092786846786164,-1.4150233074413991,30.249996510931116,-26.27578455532789,0.7418973161672661,0.9913408335153712,0.2494435173481051,33.62237764071737,28.78352491765534,125.60606882524449,7.234273650572157,-118.37179517467233,-94.24050627630326,-178.21663655560315,1.140970809990856,0.0,-1.140970809990856,-100.0,-200.0
c638dd17-dbb3-4068-bb40-957442fe9ec9,jitter_sigma_0p004,4184951148,True,2.0136497816009986,1.8149014869969538,-0.19874829460404486,-9.870052698340894,-10.382428269104942,0.5662547893143309,3.280129942920114,2.713875153605783,479.2674966850121,141.1130369181367,20.621187135567084,34.833957319243375,14.212770183676291,68.92314244683973,51.25861747689814,1.4482758620689653,0.13559322033898305,-1.3126826417299822,-90.63761097659402,-165.7564575645756,-4.677763539344765,-6.655414707785438,-1.9776511684406728,42.27770710953233,-34.900204078965324,0.7418973161672661,0.38196283616161636,-0.3599344800056497,-48.515403973304025,-64.05325062193675,125.60606882524449,123.79220167306535,-1.8138671521791423,-1.4440919687589082,-1.4545948121893129,1.140970809990856,1.2642193119230445,0.1232485019321885,10.802073186532812,10.248545494117947
c638dd17-dbb3-4068-bb40-957442fe9ec9,jitter_sigma_0p008,4184951148,True,2.0136497816009986,3.5247986279308052,1.5111488463298066,75.04526656707567,54.56939325205531,0.5662547893143309,5.061457700586788,4.4952029112724565,793.8481044399867,159.75240097425228,20.621187135567084,126.53741858463259,105.9162314490655,513.6281958587289,143.94840305900908,1.4482758620689653,1.0,-0.4482758620689653,-30.952380952380942,-36.61971830985914,-4.677763539344765,-7.608599210479455,-2.93083567113469,62.65463498706959,-47.708760205319855,0.7418973161672661,0.7015385154882611,-0.04035880067900499,-5.439944288719574,-5.592046392906302,125.60606882524449,46.93500480179774,-78.67106402344675,-62.633171119224876,-91.19111452093884,1.140970809990856,1.7971999950441369,0.6562291850532809,57.51498454711037,44.66923324734795
c638dd17-dbb3-4068-bb40-957442fe9ec9,scale_minus_10pct,4184951148,True,2.0136497816009986,1.8122848034408998,-0.2013649781600988,-9.999999999999947,-10.526315789473625,0.5662547893143309,0.5662547893143309,0.0,0.0,0.0,20.621187135567084,18.559068422010373,-2.0621187135567105,-10.00000000000001,-10.526315789473697,1.4482758620689653,1.4482758620689653,0.0,0.0,0.0,-4.677763539344765,-4.586248558223417,0.09151498112134782,-1.956383223555732,1.975709447645705,0.7418973161672661,0.7418973161672693,3.219646771412954e-15,4.339747160760804e-13,4.339747160760795e-13,125.60606882524449,139.56229869485105,13.95622986960656,11.11111111121855,10.526315789570111,1.140970809990856,1.0268737289917704,-0.11409708099908555,-9.999999999999996,-10.526315789473681
c638dd17-dbb3-4068-bb40-957442fe9ec9,scale_minus_5pct,4184951148,True,2.0136497816009986,1.9129672925209487,-0.10068248908004995,-5.000000000000001,-5.12820512820513,0.5662547893143309,0.5662547893143309,0.0,0.0,0.0,20.621187135567084,19.590127778788723,-1.0310593567783606,-5.000000000000031,-5.128205128205161,1.4482758620689653,1.4482758620689653,0.0,0.0,0.0,-4.677763539344765,-4.633210749922462,0.04455278942230301,-0.9524378273413905,0.9569952195799546,0.7418973161672661,0.7418973161672663,2.220446049250313e-16,2.9929290763867615e-14,2.9929290763867615e-14,125.60606882524449,132.21691455296445,6.610845727719962,5.263157894796962,5.128205128262205,1.140970809990856,1.083922269491313,-0.05704854049954289,-5.000000000000008,-5.128205128205137
c638dd17-dbb3-4068-bb40-957442fe9ec9,scale_plus_5pct,4184951148,True,2.0136497816009986,2.1143322706810497,0.10068248908005106,5.000000000000057,4.878048780487858,0.5662547893143309,0.5662547893143309,0.0,0.0,0.0,20.621187135567084,21.652246492345434,1.03105935677835,4.99999999999998,4.878048780487785,1.4482758620689653,1.4482758620689653,0.0,0.0,0.0,-4.677763539344765,-4.720142137484641,-0.042378598139875656,0.9059585373101569,-0.9018732385101575,0.7418973161672661,0.7418973161672668,7.771561172376096e-16,1.0475251767353668e-13,1.0475251767353661e-13,125.60606882524449,119.6248274525845,-5.981241372659994,-4.7619047619280925,-4.878048780512287,1.140970809990856,1.1980193504903986,0.057048540499542666,4.9999999999999885,4.878048780487793
c638dd17-dbb3-4068-bb40-957442fe9ec9,scale_plus_10pct,4184951148,True,2.0136497816009986,2.2150147597610976,0.20136497816009902,9.999999999999957,9.523809523809485,0.5662547893143309,0.5662547893143309,0.0,0.0,0.0,20.621187135567084,22.68330584912379,2.062118713556707,9.999999999999993,9.523809523809518,1.4482758620689653,1.4482758620689653,0.0,0.0,0.0,-4.677763539344765,-4.760548909661214,-0.08278537031644895,1.7697638972158276,-1.7542409358394935,0.7418973161672661,0.7418973161672686,2.55351295663786e-15,3.4418684378447766e-13,3.4418684378447705e-13,125.60606882524449,114.18733529574064,-11.418733529503854,-9.090909090858275,-9.523809523753753,1.140970809990856,1.2550678909899418,0.11409708099908578,10.000000000000016,9.523809523809538
c638dd17-dbb3-4068-bb40-957442fe9ec9,combined_degradation,4184951148,True,2.0136497816009986,6.747762776373629,4.73411299477263,235.10111033352902,108.06734561229275,0.5662547893143309,22.71794217063757,22.15168738132324,3911.9646843334203,190.27228999499923,20.621187135567084,113.19932791643924,92.57814078087216,448.9467079283467,138.36165664867417,1.4482758620689653,0.1016949152542373,-1.346580946814728,-92.97820823244552,-173.75565610859732,-4.677763539344765,-6.332045650929622,-1.6542821115848572,35.36480836773078,-30.051058705834464,0.7418973161672661,0.3749664524940384,-0.36693086367322764,-49.45844332863181,-65.70736270065208,125.60606882524449,77.58154114390446,-48.02452768134003,-38.23424149047804,-47.27111824252655,1.140970809990856,1.227713996486453,0.08674318649559698,7.602577185676833,7.324164553966201
c75201af-1cd8-410a-9c50-0f8082faa27e,frame_thinning_2x,3598102455,True,9.640866675629514,9.96513288437146,0.3242662087419461,3.3634549636666637,3.3078263390711817,40.39362871650717,31.407925635029134,-8.98570308147804,-22.24534751394088,-25.02927175499447,49.05321159735693,47.893629627397104,-1.1595819699598238,-2.363926707751596,-2.392201654660494,1.769230769230769,1.176470588235294,-0.592760180995475,-33.50383631713555,-40.2457757296467,-4.342791015021918,-4.002863225431354,0.3399277895905639,-7.827403815075091,8.146222687799769,0.7927689357447043,0.8671538890050589,0.07438495326035455,9.382929868522089,8.962459236207952,342.14935936996704,79.5008663675017,-262.64849300246533,-76.76428022139383,-124.58121778215181,0.11749248409454631,0.0954509408968527,-0.022041543197693608,-18.759960151967473,-20.70178330097197
c75201af-1cd8-410a-9c50-0f8082faa27e,frame_thinning_3x,3598102455,True,9.640866675629514,9.3961623327137,-0.24470434291581356,-2.538198599244038,-2.5708249203021,40.39362871650717,24.82582053142556,-15.567808185081613,-38.540256668546604,-47.739771999301475,49.05321159735693,40.60499176948441,-8.44821982787252,-17.22256209688771,-18.845391744704447,1.769230769230769,1.272727272727273,-0.496503496503496,-28.063241106719346,-32.643678160919514,-4.342791015021918,-3.9542718947217526,0.38851912030016544,-8.946300177840923,9.365220549163423,0.7927689357447043,0.8908560906120196,0.09808715486731534,12.372729359680964,11.651900314118137,342.14935936996704,56.18074036701573,-285.9686190029513,-83.58005390673043,-143.58373579690627,0.11749248409454631,0.06782014997168735,-0.04967233412285896,-42.277031169830046,-53.60922569920978
c75201af-1cd8-410a-9c50-0f8082faa27e,landmark_dropout_5pct,3598102455,True,9.640866675629514,9.640867756520663,1.0808911490300943e-06,1.1211555821660775e-05,1.1211555193165889e-05,40.39362871650717,40.39362941111571,6.94608537799013e-07,1.7195992533227297e-06,1.7195992385376216e-06,49.05321159735693,49.05321885011104,7.252754109288162e-06,1.4785482689331096e-05,1.4785481596278683e-05,1.769230769230769,0.3090909090909091,-1.4601398601398599,-82.5296442687747,-140.51144010767163,-4.342791015021918,-4.342941799805225,-0.0001507847833073228,0.003472070905225491,-0.0034720106298900375,0.7927689357447043,0.7970688426515088,0.004299906906804485,0.5423909430514298,0.5409239817086394,342.14935936996704,318.30852365351024,-23.84083571645681,-6.9679615242762,-7.219487064736675,0.11749248409454631,0.11755677572821932,6.429163367301094e-05,0.05471978413638391,0.05470481695750823
c75201af-1cd8-410a-9c50-0f8082faa27e,landmark_dropout_10pct,3598102455,True,9.640866675629514,9.640813807143319,-5.286848619512341e-05,-0.0005483789785078766,-0.0005483804821095196,40.39362871650717,40.393628181190294,-5.353168788246876e-07,-1.3252507779919415e-06,-1.3252507867733898e-06,49.05321159735693,49.053214436675844,2.8393189168696154e-06,5.788242654070387e-06,5.788242486551626e-06,1.769230769230769,0.3090909090909091,-1.4601398601398599,-82.5296442687747,-140.51144010767163,-4.342791015021918,-4.343051617902595,-0.00026060288067686344,0.00600081559935594,-0.006000635555818694,0.7927689357447043,0.800320772152597,0.007551836407892698,0.9525898489953721,0.9480742196069135,342.14935936996704,342.65649029715144,0.5071309271843916,0.14821916607361801,0.14810940281275517,0.11749248409454631,0.11754845978238554,5.597568783922979e-05,0.047641930690805814,0.0476305846257483
c75201af-1cd8-410a-9c50-0f8082faa27e,landmark_dropout_20pct,3598102455,True,9.640866675629514,0.3148661697837895,-9.326000505845725,-96.7340470480759,-187.3493523913169,40.39362871650717,0.5781350854180299,-39.81549363108914,-98.56874684501476,-194.35577059154218,49.05321159735693,2.8869581613178847,-46.16625343603904,-94.11463986290056,-177.76704870445118,1.769230769230769,0.08620689655172413,-1.6830238726790447,-95.12743628185906,-181.41529664045746,-4.342791015021918,-2.6043105366431067,1.7384804783788113,-40.03141003942685,50.049087823169835,0.7927689357447043,0.683516192380756,-0.1092527433639483,-13.781158473536733,-14.801035556413678,342.14935936996704,529.5418337052191,187.39247433525207,54.76920216373227,42.99515145361549,0.11749248409454631,0.09623193871059615,-0.021260545383950155,-18.095238642534596,-19.895288619713703
c75201af-1cd8-410a-9c50-0f8082faa27e,jitter_sigma_0p004,3598102455,True,9.640866675629514,9.958770951119522,0.3179042754900081,3.29746573815419,3.243981154591769,40.39362871650717,32.92849105101916,-7.465137665488015,-18.48097807176538,-20.362580048576973,49.05321159735693,59.773968447060454,10.720756849703527,21.855361760413626,19.70235164657927,1.769230769230769,3.8,2.0307692307692307,114.78260869565217,72.92817679558011,-4.342791015021918,-5.173248853562303,-0.8304578385403847,19.12267561731136,-17.45385370403957,0.7927689357447043,0.6816278009565775,-0.11114113478812682,-14.019360468977512,-15.076150403966123,342.14935936996704,126.7464273280583,-215.40293204190874,-62.95581918918426,-91.87667629038897,0.11749248409454631,1.0220344469988714,0.9045419629043251,769.872192145022,158.7574524520248
c75201af-1cd8-410a-9c50-0f8082faa27e,jitter_sigma_0p008,3598102455,True,9.640866675629514,10.422631521496873,0.7817648458673592,8.108864816516226,7.792906682438142,40.39362871650717,43.65013456505137,3.256505848544194,8.061929447832442,7.7495479054987975,49.05321159735693,96.13266843092131,47.079456833564386,95.97629859591315,64.85404341578477,1.769230769230769,0.24137931034482762,-1.5278514588859413,-86.3568215892054,-151.9788918205805,-4.342791015021918,-6.403927870613268,-2.06113685559135,47.46111080320883,-38.358439957825816,0.7927689357447043,0.4901512531341429,-0.30261768261056143,-38.17224275145079,-47.17638481860998,342.14935936996704,41.537575960498465,-300.61178340946856,-87.85981185614796,-156.69638746002897,0.11749248409454631,2.6713045230662207,2.5538120389716745,2173.596088849921,183.14793313491631
c75201af-1cd8-410a-9c50-0f8082faa27e,scale_minus_10pct,3598102455,True,9.640866675629514,8.676780008066563,-0.9640866675629507,-9.999999999999993,-10.526315789473678,40.39362871650717,40.39362871650717,0.0,0.0,0.0,49.05321159735693,44.14789043762124,-4.905321159735685,-9.999999999999984,-10.526315789473667,1.769230769230769,1.769230769230769,0.0,0.0,0.0,-4.342791015021918,-4.251276033900571,0.09151498112134693,-2.1072849419829853,2.1297246251487163,0.7927689357447043,0.7927689357447035,-7.771561172376096e-16,-9.803059658329971e-14,-9.803059658329976e-14,342.14935936996704,380.16595485555325,38.01659548558621,11.11111111112114,10.526315789482686,0.11749248409454631,0.10574323568509167,-0.01174924840945464,-10.000000000000009,-10.526315789473694
c75201af-1cd8-410a-9c50-0f8082faa27e,scale_minus_5pct,3598102455,True,9.640866675629514,9.158823341848038,-0.48204333378147624,-5.000000000000006,-5.128205128205134,40.39362871650717,40.39362871650717,0.0,0.0,0.0,49.05321159735693,46.60055101748908,-2.452660579867846,-5.0,-5.128205128205127,1.769230769230769,1.769230769230769,0.0,0.0,0.0,-4.342791015021918,-4.298238225599615,0.04455278942230301,-1.025902219752063,1.0311917291717996,0.7927689357447043,0.7927689357447038,-5.551115123125783e-16,-7.002185470235694e-14,-7.002185470235695e-14,342.14935936996704,360.157220389467,18.007861019499956,5.263157894745028,5.128205128212899,0.11749248409454631,0.11161785988981898,-0.005874624204727327,-5.00000000000001,-5.128205128205139
c75201af-1cd8-410a-9c50-0f8082faa27e,scale_plus_5pct,3598102455,True,9.640866675629514,10.122910009410994,0.4820433337814798,5.000000000000043,4.878048780487846,40.39362871650717,40.39362871650717,0.0,0.0,0.0,49.05321159735693,51.505872177224774,2.452660579867846,5.0,4.878048780487805,1.769230769230769,1.769230769230769,0.0,0.0,0.0,-4.342791015021918,-4.385169613161792,-0.04237859813987388,0.9758378423756594,-0.9710996633744641,0.7927689357447043,0.792768935744704,-3.3306690738754696e-16,-4.201311282141416e-14,-4.2013112821414175e-14,342.14935936996704,325.85653273318667,-16.292826636780376,-4.761904761938454,-4.878048780523161,0.11749248409454631,0.12336710829927361,0.0058746242047272995,4.999999999999987,4.8780487804877914
c75201af-1cd8-410a-9c50-0f8082faa27e,scale_plus_10pct,3598102455,True,9.640866675629514,10.604953343192467,0.9640866675629525,10.000000000000012,9.523809523809534,40.39362871650717,40.39362871650717,0.0,0.0,0.0,49.05321159735693,53.95853275709259,4.905321159735664,9.999999999999941,9.52380952380947,1.769230769230769,1.769230769230769,0.0,0.0,0.0,-4.342791015021918,-4.425576385338364,-0.08278537031644628,1.906271106071828,-1.8882733018930005,0.7927689357447043,0.7927689357447042,-1.1102230246251565e-16,-1.4004370940471388e-14,-1.4004370940471388e-14,342.14935936996704,311.04487215451763,-31.10448721544941,-9.090909090908465,-9.523809523808838,0.11749248409454631,0.12924173250400095,0.01174924840945464,10.000000000000009,9.52380952380953
c75201af-1cd8-410a-9c50-0f8082faa27e,combined_degradation,3598102455,True,9.640866675629514,10.069424025000195,0.42855734937068135,4.445216014178498,4.348564472029727,40.39362871650717,32.435686255935195,-7.957942460571978,-19.700984322113904,-21.85367928720229,49.05321159735693,64.45177857723267,15.398566979875746,31.39155720581901,27.13284580033033,1.769230769230769,0.2758620689655172,-1.4933687002652518,-84.40779610194903,-146.04409857328147,-4.342791015021918,-4.588490698972024,-0.24569968395010644,5.6576446598562935,-5.502002776715303,0.7927689357447043,0.7929195141941994,0.0001505784494950646,0.018993989636288604,0.01899218594937314,342.14935936996704,51.63843453677124,-290.5109248331958,-84.90763372117426,-147.54694245398485,0.11749248409454631,0.3389439380158524,0.22145145392130605,188.4813787264076,97.03496180142407
d7dbb43f-8a5d-42ed-9dd6-541afe3ab905,frame_thinning_2x,3356111080,True,4.846384805274869,5.292070903209013,0.4456860979341446,9.1962589815207,8.791991813135674,2.9220650582684273,3.3787989071937297,0.45673384892530233,15.630516084263919,14.49749911849753,44.31345665809875,43.90171462943863,-0.41174202866012166,-0.9291580023578944,-0.9334948232839642,0.06451612903225806,1.1842105263157896,1.1196943972835316,1735.526315789474,179.33378653976888,-3.611622218532129,-3.568621606141063,0.043000612391066007,-1.1906176723140978,1.1977479718252653,0.8404368327260369,0.8468028621390483,0.006366029413011454,0.7574667321948076,0.7546087769729117,9844.839925051721,3372.5580962877193,-6472.281828764002,-65.74288539008417,-97.93579369123222,0.015032122820822724,0.010989720546713584,-0.00404240227410914,-26.8917592165329,-31.069299872523718
d7dbb43f-8a5d-42ed-9dd6-541afe3ab905,frame_thinning_3x,3356111080,True,4.846384805274869,6.728125550862083,1.8817407455872148,38.827720480204206,32.51525442870233,2.9220650582684273,5.708373415481872,2.7863083572134446,95.35408355570871,64.56933481857435,44.31345665809875,50.48669982377895,6.173243165680198,13.930854488084654,13.023698261216044,0.06451612903225806,0.21739130434782605,0.152875175315568,236.95652173913038,108.45771144278606,-3.611622218532129,-3.632072347299236,-0.020450128767107056,0.5662311152637277,-0.5646325526636828,0.8404368327260369,0.8733302493879206,0.03289341666188372,3.913847582713718,3.838726628044366,9844.839925051721,2875.2629524425925,-6969.576972609129,-70.79421326977557,-109.58365729793596,0.015032122820822724,0.009460654701751201,-0.005571468119071523,-37.06374798477459,-45.494784035306274
d7dbb43f-8a5d-42ed-9dd6-541afe3ab905,landmark_dropout_5pct,3356111080,True,4.846384805274869,4.409350648767167,-0.4370341565077016,-9.017735364967882,-9.44353171452942,2.9220650582684273,2.700275270929343,-0.2217897873390844,-7.590172803014651,-7.889589542891676,44.31345665809875,36.781124163258795,-7.532332494839956,-16.997844589186077,-18.576660532798996,0.06451612903225806,0.1702127659574468,0.10569663692518874,163.82978723404256,90.05847953216374,-3.611622218532129,-3.7894227477147555,-0.17780052918262657,4.92301017172527,-4.8047412221788,0.8404368327260369,0.8440387453631769,0.003601912637140048,0.4285762471234038,0.42765982291365484,9844.839925051721,8998.723422243038,-846.1165028086834,-8.594517628017586,-8.98042994538137,0.015032122820822724,0.013952818783073313,-0.001079304037749411,-7.179984162012984,-7.447343192882854
d7dbb43f-8a5d-42ed-9dd6-541afe3ab905,landmark_dropout_10pct,3356111080,True,4.846384805274869,14.582276222376601,9.735891417101733,200.889772650844,100.22194945133185,2.9220650582684273,1.4775010618642894,-1.444563996404138,-49.43640773214561,-65.66847534322596,44.31345665809875,545.0972844868829,500.7838278287842,1130.0942548729397,169.92694325724977,0.06451612903225806,0.09150326797385622,0.026987138941598154,41.83006535947714,34.594594594594604,-3.611622218532129,-6.542457404632499,-2.93083518610037,81.15010399098577,-57.72724451390394,0.8404368327260369,0.877185488474789,0.03674865574875219,4.372566065382264,4.279014693178932,9844.839925051721,9422.101882328074,-422.7380427236476,-4.294006260558134,-4.388221513823504,0.015032122820822724,0.01273996007947887,-0.0022921627413438547,-15.248430103090405,-16.506955920968842
d7dbb43f-8a5d-42ed-9dd6-541afe3ab905,landmark_dropout_20pct,3356111080,True,4.846384805274869,2.5488222816723543,-2.2975625236025143,-47.407760958267644,-62.13652968982534,2.9220650582684273,0.7730307460717994,-2.149034312196628,-73.5450535612001,-116.31819178665903,44.31345665809875,71.97918323383898,27.66572657574023,62.431885621552,47.57949703686832,0.06451612903225806,0.05921052631578948,-0.005305602716468585,-8.223684210526308,-8.576329331046303,-3.611622218532129,-4.943515292332828,-1.3318930738006989,36.87797319903575,-31.136684176243932,0.8404368327260369,0.7084407595731476,-0.1319960731528893,-15.705650682246693,-17.04409358223741,9844.839925051721,12059.57042145823,2214.730496406508,22.496358633224524,20.22177690584931,0.015032122820822724,0.01010546888440373,-0.004926653936418994,-32.774172983702066,-39.19750144875393
d7dbb43f-8a5d-42ed-9dd6-541afe3ab905,jitter_sigma_0p004,3356111080,True,4.846384805274869,2.261773733497269,-2.5846110717775996,-53.3307026913025,-72.7223811252827,2.9220650582684273,2.1720267084239273,-0.7500383498445,-25.668092081733512,-29.447382740476527,44.31345665809875,43.49630640144855,-0.8171502566502014,-1.8440228279976858,-1.8611831490675115,0.06451612903225806,0.05921052631578948,-0.005305602716468585,-8.223684210526308,-8.576329331046303,-3.611622218532129,-5.783611141659431,-2.1719889231273024,60.13887366132285,-46.23597604994491,0.8404368327260369,0.275713785985399,-0.5647230467406379,-67.19399064280714,-101.19119001924572,9844.839925051721,457.4150030689405,-9387.424921982782,-95.35375885691167,-182.2401986260155,0.015032122820822724,0.3162329686868895,0.30120084586606677,2003.714641346855,181.84882958550705
d7dbb43f-8a5d-42ed-9dd6-541afe3ab905,jitter_sigma_0p008,3356111080,True,4.846384805274869,1.0195476031917294,-3.826837202083139,-78.96271872423253,-130.47668931744494,2.9220650582684273,0.2571715479763559,-2.6648935102920714,-91.1989793913503,-167.6436101080103,44.31345665809875,61.17285619150377,16.859399533405018,38.045778426819666,31.965094006920815,0.06451612903225806,0.0,-0.06451612903225806,-100.0,-200.0,-3.611622218532129,-7.129420017566416,-3.5177977990342875,97.40215299882681,-65.50198242795575,0.8404368327260369,1.0,0.15956316727396314,18.985741826236342,17.33970592596973,9844.839925051721,0.0,-9844.839925051721,-100.0,-200.0,0.015032122820822724,0.0,-0.015032122820822724,-100.0,-200.0
d7dbb43f-8a5d-42ed-9dd6-541afe3ab905,scale_minus_10pct,3356111080,True,4.846384805274869,4.361746324747381,-0.4846384805274875,-10.000000000000012,-10.5263157894737,2.9220650582684273,2.9220650582684273,0.0,0.0,0.0,44.31345665809875,39.88211099228885,-4.4313456658099,-10.000000000000057,-10.526315789473747,0.06451612903225806,0.06451612903225806,0.0,0.0,0.0,-3.611622218532129,-3.5201072374108033,0.09151498112132561,-2.5339023736131527,2.5664176322635286,0.8404368327260369,0.8404368327260381,1.2212453270876722e-15,1.453107811953513e-13,1.453107811953512e-13,9844.839925051721,10938.711027707668,1093.8711026559467,11.111111109815226,10.526315788310619,0.015032122820822724,0.013528910538740457,-0.0015032122820822676,-9.999999999999968,-10.526315789473648
d7dbb43f-8a5d-42ed-9dd6-541afe3ab905,scale_minus_5pct,3356111080,True,4.846384805274869,4.6040655650111235,-0.24231924026374507,-5.000000000000034,-5.128205128205164,2.9220650582684273,2.9220650582684273,0.0,0.0,0.0,44.31345665809875,42.097783825193815,-2.2156728329049358,-4.9999999999999964,-5.128205128205123,0.06451612903225806,0.06451612903225806,0.0,0.0,0.0,-3.611622218532129,-3.567069429109836,0.04455278942229279,-1.2335949533614392,1.241250957949346,0.8404368327260369,0.8404368327260408,3.885780586188048e-15,4.623524856215724e-13,4.623524856215713e-13,9844.839925051721,10362.989394784854,518.1494697331327,5.2631578946715125,5.128205128143106,0.015032122820822724,0.01428051667978159,-0.0007516061410411338,-4.999999999999984,-5.128205128205111
d7dbb43f-8a5d-42ed-9dd6-541afe3ab905,scale_plus_5pct,3356111080,True,4.846384805274869,5.088704045538611,0.2423192402637424,4.999999999999979,4.878048780487785,2.9220650582684273,2.9220650582684273,0.0,0.0,0.0,44.31345665809875,46.52912949100366,2.2156728329049074,4.999999999999932,4.878048780487741,0.06451612903225806,0.06451612903225806,0.0,0.0,0.0,-3.611622218532129,-3.654000816671995,-0.042378598139865886,1.1733950999196647,-1.1665509739365465,0.8404368327260369,0.840436832726039,2.1094237467877974e-15,2.50991349337425e-13,2.509913493374247e-13,9844.839925051721,9376.038023834806,-468.8019012169152,-4.761904762148301,-4.87804878074337,0.015032122820822724,0.015783728961863863,0.000751606141041139,5.000000000000019,4.8780487804878225
d7dbb43f-8a5d-42ed-9dd6-541afe3ab905,scale_plus_10pct,3356111080,True,4.846384805274869,5.331023285802357,0.48463848052748837,10.000000000000032,9.523809523809552,2.9220650582684273,2.9220650582684273,0.0,0.0,0.0,44.31345665809875,48.744802323908615,4.431345665809864,9.999999999999975,9.5238095238095,0.06451612903225806,0.06451612903225806,0.0,0.0,0.0,-3.611622218532129,-3.69440758884856,-0.08278537031643118,2.2921935160227704,-2.2662204370641863,0.8404368327260369,0.840436832726039,2.1094237467877974e-15,2.50991349337425e-13,2.509913493374247e-13,9844.839925051721,8949.85447722654,-894.9854478251818,-9.090909091855853,-9.523809524848598,0.015032122820822724,0.016535335102905,0.0015032122820822745,10.000000000000014,9.523809523809536
d7dbb43f-8a5d-42ed-9dd6-541afe3ab905,combined_degradation,3356111080,True,4.846384805274869,3.861180476864204,-0.9852043284106644,-20.328644298701892,-22.62869806859817,2.9220650582684273,2.544156252726393,-0.37790880554203454,-12.932936057418848,-13.827058365964966,44.31345665809875,40.38790951941144,-3.925547138687314,-8.858589319661839,-9.269147159823783,0.06451612903225806,0.09333333333333334,0.028817204301075275,44.66666666666668,36.512261580381484,-3.611622218532129,-4.210855141014146,-0.5992329224820168,16.591794108675156,-15.320796595230387,0.8404368327260369,0.636631977812698,-0.20380485491333888,-24.249871849652095,-27.595851115291598,9844.839925051721,636.4257658196985,-9208.414159232023,-93.53543815171423,-175.71187356221725,0.015032122820822724,0.08169274719824163,0.0666606243774189,443.4544952299059,137.8355419123958
dfd57aa0-581d-4580-bc43-2a329277309b,frame_thinning_2x,2555735751,True,5.40134191319717,4.404122906590503,-0.9972190066066666,-18.46243068171908,-20.34006597207414,37.945325432507595,24.115015812408057,-13.830309620099538,-36.447993165058406,-44.570523921289585,47.939109337679895,10.112610005101018,-37.82649933257888,-78.9053026958251,-130.31999658519274,0.04854368932038834,0.07407407407407407,0.025530384753685728,52.59259259259261,41.642228739002945,-4.539088891301954,-2.486917945103732,2.0521709461982214,-45.21107639312157,58.41642326804386,0.9376603833110401,0.9615581148167448,0.023897731505704733,2.548655348039525,2.5165857987654063,6960.13181656398,2611.4789863791957,-4348.652830184784,-62.479460803252294,-90.86564256974629,0.013398680200625714,0.0226578604590227,0.009259180258396987,69.10516647725188,51.35922686426275
dfd57aa0-581d-4580-bc43-2a329277309b,frame_thinning_3x,2555735751,True,5.40134191319717,4.268661635160079,-1.1326802780370908,-20.970349521284668,-23.426677609224082,37.945325432507595,24.226048915899565,-13.71927651660803,-36.15537977401239,-44.13374052092036,47.939109337679895,12.569005974182158,-35.37010336349773,-73.78131102593726,-116.9102794929187,0.04854368932038834,0.2903225806451613,0.24177889132477298,498.0645161290324,142.69870609981518,-4.539088891301954,-2.69853869620775,1.8405501950942034,-40.548890739310366,50.860594106016805,0.9376603833110401,0.9652513221659953,0.027590938854955227,2.942530082963181,2.899865377415242,6960.13181656398,5037.56693731855,-1922.5648792454294,-27.622535462188207,-32.04889402016825,0.013398680200625714,0.023607831339951976,0.010209151139326262,76.19519972459301,55.17489065745587
dfd57aa0-581d-4580-bc43-2a329277309b,landmark_dropout_5pct,2555735751,True,5.40134191319717,14.221135284761322,8.819793371564153,163.28892918285055,89.89480056556526,37.945325432507595,37.945339478518456,1.4046010861079594e-05,3.701644590204631e-05,3.701643905096124e-05,47.939109337679895,333.6295533934868,285.6904440558069,595.944413659049,149.74523432344307,0.04854368932038834,0.5190839694656489,0.4705402801452606,969.312977099237,165.79187883535712,-4.539088891301954,-6.726562650245207,-2.187473758943254,48.191912767670374,-38.83439410274603,0.9376603833110401,0.11220740214863724,-0.8254529811624028,-88.03325765428912,-157.2489398369308,6960.13181656398,5116.362963067629,-1843.7688534963509,-26.49043009657492,-30.534834604592024,0.013398680200625714,0.048909455259143586,0.03551077505851787,265.03188766949995,113.98439319836888
dfd57aa0-581d-4580-bc43-2a329277309b,landmark_dropout_10pct,2555735751,True,5.40134191319717,14.119845336385822,8.718503423188652,161.4136554082351,89.3234956636656,37.945325432507595,37.94534889637455,2.3463866952511125e-05,6.18359881884416e-05,6.183596907000035e-05,47.939109337679895,331.2536157973556,283.3145064596757,590.9882565068683,149.4303490969051,0.04854368932038834,0.5190839694656489,0.4705402801452606,969.312977099237,165.79187883535712,-4.539088891301954,-6.72249589962937,-2.183407008327417,48.102318782771114,-38.7761944497485,0.9376603833110401,0.11412069935570422,-0.8235396839553358,-87.8292075268527,-156.59906752977295,6960.13181656398,4296.33269528619,-2663.7991212777897,-38.272251036085,-47.329232344196406,0.013398680200625714,0.0489095216148018,0.035510841414176084,265.0323829097566,113.98448480143298
dfd57aa0-581d-4580-bc43-2a329277309b,landmark_dropout_20pct,2555735751,True,5.40134191319717,5.306236093324326,-0.09510581987284361,-1.760781328070906,-1.776420770690048,37.945325432507595,37.9464876298584,0.0011621973508084693,0.0030628208812588545,0.003062773977618388,47.939109337679895,47.096181105976456,-0.8429282317034392,-1.7583310231441909,-1.773926775555417,0.04854368932038834,0.25581395348837205,0.20727026416798372,426.9767441860465,136.20178041543028,-4.539088891301954,-4.720994800250578,-0.18190590894862435,4.007542335141359,-3.9288178165077965,0.9376603833110401,0.934442730839917,-0.0032176524711230448,-0.3431575577247874,-0.3437473552392787,6960.13181656398,7325.912185868628,365.78036930464805,5.255365543999474,5.120806981167964,0.013398680200625714,0.013242718634179635,-0.00015596156644607888,-1.16400693285295,-1.170821152546425
dfd57aa0-581d-4580-bc43-2a329277309b,jitter_sigma_0p004,2555735751,True,5.40134191319717,5.852340708835456,0.45099879563828615,8.349754614429331,8.015132659869296,37.945325432507595,33.97789258699294,-3.967432845514658,-10.455656395862073,-11.032411938072539,47.939109337679895,62.82176747271073,14.882658135030837,31.04491998422078,26.873492813727303,0.04854368932038834,0.27058823529411763,0.2220445459737293,457.41176470588243,139.15533285612028,-4.539088891301954,-4.850538759266451,-0.31144986796449725,6.861506249884513,-6.633913069931874,0.9376603833110401,0.8483170142551577,-0.08934336905588236,-9.528329301958514,-10.00498317365417,6960.13181656398,258.9419608031433,-6701.1898557608365,-96.27963998918952,-185.65234439825426,0.013398680200625714,0.14165924531068022,0.12826056511005451,957.2626795291733,165.43567790825693
dfd57aa0-581d-4580-bc43-2a329277309b,jitter_sigma_0p008,2555735751,True,5.40134191319717,4.4509898779653785,-0.9503520352317913,-17.59473942780374,-19.29192104724383,37.945325432507595,28.12497364342138,-9.820351789086214,-25.880267667102842,-29.72697846516638,47.939109337679895,53.0738431859178,5.134733848237907,10.710949617501617,10.166486019777274,0.04854368932038834,0.16304347826086957,0.11449978894048123,235.86956521739134,108.22942643391524,-4.539088891301954,-5.4675920229469375,-0.9285031316449839,20.45571597913034,-18.557664416437085,0.9376603833110401,0.6279551469991569,-0.3097052363118832,-33.029574654552505,-39.56338325930134,6960.13181656398,163.46710619810514,-6796.664710365874,-97.65137916197104,-190.82109433894274,0.013398680200625714,0.8174733590376609,0.8040746788370352,6001.148372803802,193.54958185238286
dfd57aa0-581d-4580-bc43-2a329277309b,scale_minus_10pct,2555735751,True,5.40134191319717,4.861207721877455,-0.5401341913197149,-9.999999999999961,-10.526315789473642,37.945325432507595,37.945325432507595,0.0,0.0,0.0,47.939109337679895,43.14519840391194,-4.793910933767954,-9.999999999999925,-10.526315789473603,0.04854368932038834,0.04854368932038834,0.0,0.0,0.0,-4.539088891301954,-4.447573910180607,0.09151498112134693,-2.016153093998949,2.0366844320952913,0.9376603833110401,0.9376603833110407,6.661338147750939e-16,7.104212000755122e-14,7.104212000755121e-14,6960.13181656398,7733.479796265575,773.3479797015952,11.11111111230901,10.526315790548807,0.013398680200625714,0.012058812180563141,-0.0013398680200625724,-10.000000000000007,-10.526315789473692
dfd57aa0-581d-4580-bc43-2a329277309b,scale_minus_5pct,2555735751,True,5.40134191319717,5.131274817537315,-0.2700670956598552,-4.99999999999994,-5.128205128205064,37.945325432507595,37.945325432507595,0.0,0.0,0.0,47.939109337679895,45.54215387079595,-2.396955466883945,-4.999999999999896,-5.128205128205019,0.04854368932038834,0.04854368932038834,0.0,0.0,0.0,-4.539088891301954,-4.4945361018796515,0.04455278942230212,-0.9815359533424554,0.9863767746819169,0.9376603833110401,0.9376603833110411,9.992007221626409e-16,1.0656318001132684e-13,1.0656318001132678e-13,6960.13181656398,7326.454543828197,366.32272726421706,5.263157895837959,5.128205129250502,0.013398680200625714,0.012728746190594425,-0.0006699340100312888,-5.000000000000023,-5.128205128205153
dfd57aa0-581d-4580-bc43-2a329277309b,scale_plus_5pct,2555735751,True,5.40134191319717,5.671409008857031,0.2700670956598614,5.000000000000054,4.878048780487856,37.945325432507595,37.945325432507595,0.0,0.0,0.0,47.939109337679895,50.33606480456394,2.3969554668840445,5.000000000000104,4.878048780487904,0.04854368932038834,0.04854368932038834,0.0,0.0,0.0,-4.539088891301954,-4.581467489441829,-0.042378598139875656,0.9336366648620565,-0.9292985289658322,0.9376603833110401,0.937660383311041,8.881784197001252e-16,9.472282667673498e-14,9.472282667673493e-14,6960.13181656398,6628.696968149338,-331.43484841464124,-4.761904762002931,-4.878048780590821,0.013398680200625714,0.014068614210656997,0.0006699340100312836,4.999999999999984,4.878048780487791
dfd57aa0-581d-4580-bc43-2a329277309b,scale_plus_10pct,2555735751,True,5.40134191319717,5.941476104516887,0.5401341913197175,10.00000000000001,9.523809523809533,37.945325432507595,37.945325432507595,0.0,0.0,0.0,47.939109337679895,52.733020271447906,4.793910933768011,10.000000000000044,9.523809523809565,0.04854368932038834,0.04854368932038834,0.0,0.0,0.0,-4.539088891301954,-4.621874261618402,-0.08278537031644806,1.8238323218363457,-1.8073507978264822,0.9376603833110401,0.9376603833110414,1.3322676295501878e-15,1.4208424001510244e-13,1.4208424001510236e-13,6960.13181656398,6327.392560500093,-632.7392560638864,-9.090909091090344,-9.52380952400845,0.013398680200625714,0.014738548220688288,0.0013398680200625741,10.000000000000021,9.523809523809541
dfd57aa0-581d-4580-bc43-2a329277309b,combined_degradation,2555735751,True,5.40134191319717,4.38604295052029,-1.01529896267688,-18.797161501592534,-20.74709387265778,37.945325432507595,23.81991707144565,-14.125408361061943,-37.225687749566035,-45.73902016221455,47.939109337679895,9.226087375879661,-38.71302196180024,-80.75457073911885,-135.44262658897674,0.04854368932038834,0.07272727272727272,0.024183583406884382,49.818181818181834,39.8835516739447,-4.539088891301954,-3.121527328147325,1.4175615631546288,-31.230090379393904,37.00907401040741,0.9376603833110401,0.9235335256064532,-0.014126857704586882,-1.5066070782155172,-1.5180425464430343,6960.13181656398,530.8645162593189,-6429.26730030466,-92.37278071377976,-171.65319577406652,0.013398680200625714,0.0530947763051508,0.03969609610452508,296.26870341058884,119.39850382443737
e1ca9666-7642-4aa1-aeee-3bb9a8644eaf,frame_thinning_2x,1959502828,True,1.8498304291771566,1.7420125159847868,-0.10781791319236977,-5.828529550156089,-6.0034870587866775,1.7769258206409186,0.8715166369142602,-0.9054091837266585,-50.95368490959778,-68.37295491497721,62.47105326901489,43.55031289961967,-18.92074036939522,-30.287212043501345,-35.69231571549536,0.2,0.0,-0.2,-100.0,-200.0,-6.7038976838624045,-6.073862576678514,0.6300351071838906,-9.39804180932696,9.861432588143101,0.6546237628264971,1.0,0.34537623717350285,52.75950198970123,41.74680008022087,35.12060413082062,0.0,-35.12060413082062,-100.0,-200.0,0.9833724174512636,0.0,-0.9833724174512636,-100.0,-200.0
e1ca9666-7642-4aa1-aeee-3bb9a8644eaf,frame_thinning_3x,1959502828,True,1.8498304291771566,1.7157999047883223,-0.13403052438883423,-7.245557337298955,-7.517914749158731,1.7769258206409186,0.930866440448691,-0.8460593801922276,-47.61365783333954,-62.490715580358085,62.47105326901489,28.596665079805373,-33.87438818920951,-54.224134885862284,-74.39384406109552,0.2,0.0,-0.2,-100.0,-200.0,-6.7038976838624045,-5.356328277246968,1.3475694066154364,-20.10128242051337,22.34733264469414,0.6546237628264971,1.0,0.34537623717350285,52.75950198970123,41.74680008022087,35.12060413082062,0.0,-35.12060413082062,-100.0,-200.0,0.9833724174512636,0.0,-0.9833724174512636,-100.0,-200.0
e1ca9666-7642-4aa1-aeee-3bb9a8644eaf,landmark_dropout_5pct,1959502828,True,1.8498304291771566,1.8498304291771566,0.0,0.0,0.0,1.7769258206409186,1.7769258206409186,0.0,0.0,0.0,62.47105326901489,62.47105326901489,0.0,0.0,0.0,0.2,0.2,0.0,0.0,0.0,-6.7038976838624045,-6.7038976838624045,0.0,-0.0,0.0,0.6546237628264971,0.6546237628264971,0.0,0.0,0.0,35.12060413082062,35.12060413082062,0.0,0.0,0.0,0.9833724174512636,0.9833724174512636,0.0,0.0,0.0
e1ca9666-7642-4aa1-aeee-3bb9a8644eaf,landmark_dropout_10pct,1959502828,True,1.8498304291771566,1.8498304291771566,0.0,0.0,0.0,1.7769258206409186,1.7769258206409186,0.0,0.0,0.0,62.47105326901489,62.47105326901489,0.0,0.0,0.0,0.2,0.2,0.0,0.0,0.0,-6.7038976838624045,-6.7038976838624045,0.0,-0.0,0.0,0.6546237628264971,0.6546237628264971,0.0,0.0,0.0,35.12060413082062,35.12060413082062,0.0,0.0,0.0,0.9833724174512636,0.9833724174512636,0.0,0.0,0.0
e1ca9666-7642-4aa1-aeee-3bb9a8644eaf,landmark_dropout_20pct,1959502828,True,1.8498304291771566,1.3282930587592923,-0.5215373704178643,-28.19379345218443,-32.82045977115243,1.7769258206409186,0.6151162249848963,-1.1618095956560224,-65.38312304094775,-97.13956305914893,62.47105326901489,66.41465293796462,3.94359966894973,6.312683174986137,6.119529907554906,0.2,0.0,-0.2,-100.0,-200.0,-6.7038976838624045,-7.042467823674508,-0.33857013981210393,5.050347660094942,-4.9259586415983385,0.6546237628264971,1.0,0.34537623717350285,52.75950198970123,41.74680008022087,35.12060413082062,0.0,-35.12060413082062,-100.0,-200.0,0.9833724174512636,0.0,-0.9833724174512636,-100.0,-200.0
e1ca9666-7642-4aa1-aeee-3bb9a8644eaf,jitter_sigma_0p004,1959502828,True,1.8498304291771566,2.118486731793204,0.26865630261604756,14.523293507262258,13.540062032257213,1.7769258206409186,1.4682587904900182,-0.30866703015090047,-17.370845004636575,-19.02307986375733,62.47105326901489,70.04007744590845,7.5690241768935635,12.11605020376331,11.423982477633695,0.2,0.25,0.04999999999999999,24.999999999999993,22.222222222222218,-6.7038976838624045,-7.159220983225322,-0.4553232993629175,6.791918982578895,-6.568843711103698,0.6546237628264971,0.46368356077330214,-0.190940202053195,-29.167930175459,-34.14807325745913,35.12060413082062,38.583997441800875,3.4633933109802584,9.861428630553952,9.398038214934951,0.9833724174512636,1.400801548918169,0.4174291314669055,42.44873295803963,35.01666718578908
e1ca9666-7642-4aa1-aeee-3bb9a8644eaf,jitter_sigma_0p008,1959502828,True,1.8498304291771566,2.4333781623398876,0.583547733162731,31.54601221595783,27.248158509882316,1.7769258206409186,1.62158200952876,-0.15534381111215856,-8.742278901441573,-9.141883372056414,62.47105326901489,87.24997452395415,24.778921254939263,39.66464459665097,33.100121766734084,0.2,0.2,0.0,0.0,0.0,-6.7038976838624045,-7.503002519327715,-0.7991048354653101,11.920003453944592,-11.249531200139963,0.6546237628264971,0.49896014454508103,-0.15566361828141612,-23.77909680658408,-26.98782763641235,35.12060413082062,56.111218108905675,20.990613978085058,59.76723492539363,46.01599192643296,0.9833724174512636,1.744999490479083,0.7616270730278195,77.45052225502005,55.83015063408748
e1ca9666-7642-4aa1-aeee-3bb9a8644eaf,scale_minus_10pct,1959502828,True,1.8498304291771566,1.6648473862594408,-0.18498304291771572,-10.000000000000004,-10.526315789473689,1.7769258206409186,1.7769258206409186,0.0,0.0,0.0,62.47105326901489,56.22394794211339,-6.247105326901497,-10.000000000000012,-10.526315789473701,0.2,0.2,0.0,0.0,0.0,-6.7038976838624045,-6.612382702741055,0.09151498112134959,-1.3651011014330379,1.3744826402636603,0.6546237628264971,0.6546237628264945,-2.6645352591003757e-15,-4.0703307921417295e-13,-4.0703307921417376e-13,35.12060413082062,39.022893478689426,3.902289347868809,11.111111111110688,10.526315789473307,0.9833724174512636,0.8850351757061372,-0.09833724174512637,-10.0,-10.526315789473685
e1ca9666-7642-4aa1-aeee-3bb9a8644eaf,scale_minus_5pct,1959502828,True,1.8498304291771566,1.7573389077182981,-0.09249152145885842,-5.000000000000031,-5.1282051282051615,1.7769258206409186,1.7769258206409186,0.0,0.0,0.0,62.47105326901489,59.347500605564115,-3.1235526634507735,-5.000000000000047,-5.128205128205177,0.2,0.2,0.0,0.0,0.0,-6.7038976838624045,-6.6593448944401,0.044552789422304784,-0.6645803907412262,0.6667960887673148,0.6546237628264971,0.6546237628264993,2.1094237467877974e-15,3.2223452104455355e-13,3.222345210445531e-13,35.12060413082062,36.96905697981117,1.8484528489905543,5.263157894736829,5.128205128205115,0.9833724174512636,0.9342037965787002,-0.04916862087256335,-5.000000000000018,-5.128205128205146
e1ca9666-7642-4aa1-aeee-3bb9a8644eaf,scale_plus_5pct,1959502828,True,1.8498304291771566,1.9423219506360143,0.09249152145885775,4.9999999999999964,4.878048780487801,1.7769258206409186,1.7769258206409186,0.0,0.0,0.0,62.47105326901489,65.59460593246563,3.123552663450738,4.99999999999999,4.878048780487795,0.2,0.2,0.0,0.0,0.0,-6.7038976838624045,-6.746276282002281,-0.042378598139876544,0.63214864155654,-0.6301568774861881,0.6546237628264971,0.654623762826497,-1.1102230246251565e-16,-1.695971163392387e-14,-1.6959711633923874e-14,35.12060413082062,33.448194410305426,-1.6724097205151907,-4.761904761904543,-4.878048780487576,0.9833724174512636,1.0325410383238267,0.04916862087256313,4.999999999999995,4.878048780487799
e1ca9666-7642-4aa1-aeee-3bb9a8644eaf,scale_plus_10pct,1959502828,True,1.8498304291771566,2.0348134720948723,0.18498304291771572,10.000000000000004,9.523809523809526,1.7769258206409186,1.7769258206409186,0.0,0.0,0.0,62.47105326901489,68.71815859591638,6.24710532690149,10.000000000000002,9.523809523809524,0.2,0.2,0.0,0.0,0.0,-6.7038976838624045,-6.786683054178855,-0.08278537031645072,1.2348841557610781,-1.2273062505457506,0.6546237628264971,0.6546237628264931,-3.9968028886505635e-15,-6.105496188212594e-13,-6.105496188212613e-13,35.12060413082062,31.927821937109513,-3.1927821937111034,-9.090909090909484,-9.523809523809955,0.9833724174512636,1.08170965919639,0.09833724174512637,10.0,9.523809523809526
e1ca9666-7642-4aa1-aeee-3bb9a8644eaf,combined_degradation,1959502828,True,1.8498304291771566,1.2617377045159717,-0.5880927246611849,-31.791709952721497,-37.800407986771354,1.7769258206409186,0.22987322440920221,-1.5470525962317163,-87.06343158847851,-154.18111744149027,62.47105326901489,31.54344261289929,-30.927610656115597,-49.507106151923054,-65.79328084673638,0.2,0.0,-0.2,-100.0,-200.0,-6.7038976838624045,-5.793698197244581,0.9101994866178238,-13.57716853001579,14.565993256251812,0.6546237628264971,1.0,0.34537623717350285,52.75950198970123,41.74680008022087,35.12060413082062,0.0,-35.12060413082062,-100.0,-200.0,0.9833724174512636,0.0,-0.9833724174512636,-100.0,-200.0
e49b32ac-ecfa-4eb8-9ae1-e8569f2a3d82,frame_thinning_2x,517835230,True,12.100991804937657,13.350772240408938,1.2497804354712816,10.327917377494005,9.820776534346207,14.15026361155129,12.802910285327643,-1.3473533262236472,-9.521754245792014,-9.99773408043544,82.44346990960469,75.6466348345336,-6.796835075071087,-8.244237029959427,-8.598685017093839,0.45945945945945943,1.3333333333333333,0.8738738738738738,190.19607843137257,97.48743718592964,-4.462919178237887,-4.480300227521588,-0.01738104928370099,0.3894547176308853,-0.38869781663877134,0.832580813576553,0.8693865240530311,0.03680571047647807,4.420677233525261,4.325078356408325,981.3967760491117,643.3264458570914,-338.0703301920204,-34.44787454397572,-41.61574422446922,0.0846880111870544,0.04255937127055213,-0.042128639916502265,-49.74569520052934,-66.21533441843137
e49b32ac-ecfa-4eb8-9ae1-e8569f2a3d82,frame_thinning_3x,517835230,True,12.100991804937657,10.793399275611705,-1.3075925293259516,-10.805664117485023,-11.422819892657964,14.15026361155129,10.775082426582301,-3.375181184968989,-23.852426199422364,-27.082321583862935,82.44346990960469,64.44931118479637,-17.994158724808315,-21.826056987336955,-24.499718217254415,0.45945945945945943,0.7272727272727273,0.26781326781326786,58.28877005347594,45.134575569358184,-4.462919178237887,-4.426571439798114,0.03634773843977257,-0.8144386440384498,0.8177687564240448,0.832580813576553,0.8677989208781328,0.035218107301579815,4.229992659846663,4.1423814443277065,981.3967760491117,336.5651492203304,-644.8316268287813,-65.7054967537933,-97.85284604438826,0.0846880111870544,0.035427973731706995,-0.0492600374553474,-58.166482793585075,-82.02078597392956
e49b32ac-ecfa-4eb8-9ae1-e8569f2a3d82,landmark_dropout_5pct,517835230,True,12.100991804937657,17.953685788103076,5.85269398316542,48.365407377412666,38.94697565826247,14.15026361155129,9.94192132079321,-4.208342290758081,-29.740380859920396,-34.93533112564026,82.44346990960469,308.1006781995803,225.65720828997559,273.71143953232183,115.56040943513933,0.45945945945945943,0.0576923076923077,-0.4017671517671517,-87.44343891402715,-155.37688442211052,-4.462919178237887,-6.345104300614369,-1.882185122376482,42.17385633050234,-34.82940476691781,0.832580813576553,0.8466091248095226,0.014028311232969548,1.6849188696419186,1.6708426976941773,981.3967760491117,1135.1191028632575,153.72232681414573,15.663626635599734,14.525979072090896,0.0846880111870544,0.05263733599991101,-0.032050675187143385,-37.845587277225754,-46.67845498836731
e49b32ac-ecfa-4eb8-9ae1-e8569f2a3d82,landmark_dropout_10pct,517835230,True,12.100991804937657,17.961117444334857,5.8601256393972,48.42682099004521,38.98678958821901,14.15026361155129,9.941916503458671,-4.208347108092619,-29.74041490405322,-34.93537810196535,82.44346990960469,308.205948698616,225.7624787890113,273.8391276307863,115.58316384718685,0.45945945945945943,0.0576923076923077,-0.4017671517671517,-87.44343891402715,-155.37688442211052,-4.462919178237887,-6.353387476713082,-1.890468298475195,42.35945628801677,-34.95589314879248,0.832580813576553,0.8543352209259609,0.021754407349407923,2.6128883820846873,2.579192669281075,981.3967760491117,881.3899210781467,-100.00685497096504,-10.190257132652372,-10.737338324907842,0.0846880111870544,0.036457442788946755,-0.04823056839810764,-56.95088091226811,-79.62423155830857
e49b32ac-ecfa-4eb8-9ae1-e8569f2a3d82,landmark_dropout_20pct,517835230,True,12.100991804937657,17.863826731543877,5.762834926606221,47.62283141332902,38.46400684582882,14.15026361155129,9.94103235710249,-4.209231254448801,-29.74666317179192,-34.944000189326566,82.44346990960469,306.23078026885577,223.78731035925108,271.4433424558951,115.1541735818613,0.45945945945945943,0.0576923076923077,-0.4017671517671517,-87.44343891402715,-155.37688442211052,-4.462919178237887,-6.351533474856962,-1.8886142966190747,42.31791393015466,-34.92759841301069,0.832580813576553,0.856752818557481,0.024172004980927975,2.9032623124104027,2.8617206833670776,981.3967760491117,1084.408322958209,103.01154690909732,10.49642197968076,9.973017005195443,0.0846880111870544,0.036460001768212354,-0.04822800941884204,-56.94785925757374,-79.61832512539843
e49b32ac-ecfa-4eb8-9ae1-e8569f2a3d82,jitter_sigma_0p004,517835230,True,12.100991804937657,12.002459702916706,-0.09853210202095042,-0.8142481509717711,-0.8175767025634706,14.15026361155129,13.824672943110656,-0.32559066844063445,-2.300951257012943,-2.3277312375986474,82.44346990960469,88.89595995232001,6.452490042715326,7.8265629161292845,7.531821540336767,0.45945945945945943,1.25,0.7905405405405406,172.05882352941177,92.49011857707511,-4.462919178237887,-5.053593569829689,-0.5906743915918025,13.23515770736007,-12.413673101246983,0.832580813576553,0.6652353888567167,-0.16734542471983627,-20.09960138295325,-22.34525497160147,981.3967760491117,219.02415336763343,-762.3726226814783,-77.6824054538495,-127.01754926114066,0.0846880111870544,0.7222224428757863,0.6375344316887319,752.8036409788625,158.01863229772505
e49b32ac-ecfa-4eb8-9ae1-e8569f2a3d82,jitter_sigma_0p008,517835230,True,12.100991804937657,12.006678920755764,-0.09431288418189254,-0.7793814399858479,-0.7824304990309658,14.15026361155129,13.618611277480802,-0.531652334070488,-3.757190315779587,-3.829124054863853,82.44346990960469,102.36166170606947,19.918191796464782,24.159817409801075,21.55588605395136,0.45945945945945943,0.9285714285714286,0.4691119691119692,102.10084033613447,67.59388038942977,-4.462919178237887,-5.928076180485061,-1.4651570022471736,32.829566114295346,-28.200513072450097,0.832580813576553,0.4799166449931717,-0.3526641685833813,-42.35795046350236,-53.7394059364796,981.3967760491117,45.59511215279336,-935.8016638963184,-95.3540593095945,-182.24129608944702,0.0846880111870544,1.7242394351512111,1.6395514239641567,1935.989995493934,181.2733205284745
e49b32ac-ecfa-4eb8-9ae1-e8569f2a3d82,scale_minus_10pct,517835230,True,12.100991804937657,10.890892624443891,-1.2100991804937653,-9.999999999999996,-10.52631578947368,14.15026361155129,14.15026361155129,0.0,0.0,0.0,82.44346990960469,74.19912291864422,-8.244346990960466,-9.999999999999996,-10.526315789473681,0.45945945945945943,0.45945945945945943,0.0,0.0,0.0,-4.462919178237887,-4.37140419711654,0.09151498112134693,-2.0505632628883985,2.0718051000182096,0.832580813576553,0.8325808135765532,2.220446049250313e-16,2.666943572374492e-14,2.6669435723744914e-14,981.3967760491117,1090.4408622769597,109.04408622784797,11.11111111112832,10.526315789489129,0.0846880111870544,0.07621921006834895,-0.008468801118705446,-10.000000000000009,-10.526315789473694
e49b32ac-ecfa-4eb8-9ae1-e8569f2a3d82,scale_minus_5pct,517835230,True,12.100991804937657,11.495942214690775,-0.6050495902468818,-4.999999999999991,-5.128205128205119,14.15026361155129,14.15026361155129,0.0,0.0,0.0,82.44346990960469,78.32129641412445,-4.12217349548024,-5.000000000000007,-5.128205128205136,0.45945945945945943,0.45945945945945943,0.0,0.0,0.0,-4.462919178237887,-4.418366388815584,0.04455278942230301,-0.998288063103441,1.0032959549815312,0.832580813576553,0.8325808135765516,-1.4432899320127035e-15,-1.7335133220434199e-13,-1.7335133220434214e-13,981.3967760491117,1033.0492379461314,51.652461897019634,5.263157894706065,5.128205128175911,0.0846880111870544,0.08045361062770166,-0.00423440055935273,-5.000000000000012,-5.128205128205141
e49b32ac-ecfa-4eb8-9ae1-e8569f2a3d82,scale_plus_5pct,517835230,True,12.100991804937657,12.706041395184542,0.6050495902468853,5.00000000000002,4.878048780487824,14.15026361155129,14.15026361155129,0.0,0.0,0.0,82.44346990960469,86.56564340508494,4.122173495480254,5.000000000000024,4.878048780487828,0.45945945945945943,0.45945945945945943,0.0,0.0,0.0,-4.462919178237887,-4.505297776377762,-0.04237859813987477,0.949571265966938,-0.9450841422399775,0.832580813576553,0.8325808135765526,-4.440892098500626e-16,-5.333887144748984e-14,-5.3338871447489854e-14,981.3967760491117,934.6635962375337,-46.733179811578,-4.761904761875776,-4.878048780457387,0.0846880111870544,0.08892241174640711,0.004234400559352716,4.9999999999999964,4.8780487804878
e49b32ac-ecfa-4eb8-9ae1-e8569f2a3d82,scale_plus_10pct,517835230,True,12.100991804937657,13.311090985431427,1.2100991804937706,10.00000000000004,9.523809523809561,14.15026361155129,14.15026361155129,0.0,0.0,0.0,82.44346990960469,90.68781690056522,8.244346990960537,10.000000000000082,9.523809523809598,0.45945945945945943,0.45945945945945943,0.0,0.0,0.0,-4.462919178237887,-4.545704548554335,-0.08278537031644806,1.8549601059352938,-1.8379138218469282,0.832580813576553,0.8325808135765511,-1.887379141862766e-15,-2.2669020365183181e-13,-2.2669020365183207e-13,981.3967760491117,892.1788873177264,-89.2178887313853,-9.09090909087321,-9.523809523770145,0.0846880111870544,0.09315681230575984,0.008468801118705446,10.000000000000009,9.523809523809533
e49b32ac-ecfa-4eb8-9ae1-e8569f2a3d82,combined_degradation,517835230,True,12.100991804937657,12.97525624910601,0.8742644441683538,7.224733792577409,6.9728489069350585,14.15026361155129,12.902385248138607,-1.247878363412683,-8.8187640716036,-9.22555399203143,82.44346990960469,76.86012491319921,-5.583344996405472,-6.772331395715564,-7.009691153066472,0.45945945945945943,3.666666666666665,3.2072072072072055,698.0392156862741,155.4585152838428,-4.462919178237887,-4.545224083210045,-0.08230490497215825,1.8441943867927055,-1.827344494495282,0.832580813576553,0.8804635456995338,0.047882732122980776,5.751121253598059,5.590366865130742,981.3967760491117,169.79708981086085,-811.5996862382509,-82.69842596238938,-141.0013917389951,0.0846880111870544,0.3799456962316818,0.2952576850446274,348.6416564824953,127.0926669031078
e7490da1-a2fa-4e53-ab66-4e9927d0b4d3,frame_thinning_2x,2299683318,True,1.651009204201594,17.136140015993835,15.48513081179224,937.9191086509202,164.84811644702697,1.1527558872843187,46.66267806441195,45.50992217712763,3947.923639265955,190.35662093165274,31.81536084888385,208.8717337449385,177.05637289605465,556.5122260817172,147.12577190301846,0.5,0.7499999999999998,0.24999999999999978,49.99999999999996,39.99999999999997,-5.882732658280892,-6.534194495451908,-0.6514618371710164,11.074136375277552,-10.493124894836363,0.856479829883837,0.9797006790391175,0.12322084915528053,14.386894455178565,13.421430905783657,132.03448934915664,54.69311149244001,-77.34137785671663,-58.576647842513616,-82.83872069060244,0.239383301586851,0.45432673407381213,0.21494343248696113,89.79048708164683,61.96924404654378
e7490da1-a2fa-4e53-ab66-4e9927d0b4d3,frame_thinning_3x,2299683318,True,1.651009204201594,12.860430051988166,11.209420847786571,678.9435709540637,154.4908213429659,1.1527558872843187,35.151600103659824,33.9988442163755,2949.353335897554,187.29897990674323,31.81536084888385,133.16970917978654,101.3543483309027,318.57048176292625,122.8648729406725,0.5,0.25,-0.25,-50.0,-66.66666666666667,-5.882732658280892,-6.045834793625369,-0.16310213534447726,2.7725573269913055,-2.734647492283954,0.856479829883837,0.9475028765573454,0.09102304667350847,10.627576213423938,10.091343597530901,132.03448934915664,14.04384089097093,-117.99064845818572,-89.3635057323296,-161.54435536637016,0.239383301586851,0.46395178407150195,0.22456848248465094,93.81125625555588,63.858177151633164
e7490da1-a2fa-4e53-ab66-4e9927d0b4d3,landmark_dropout_5pct,2299683318,True,1.651009204201594,1.651009204201594,0.0,0.0,0.0,1.1527558872843187,1.1527558872843187,0.0,0.0,0.0,31.81536084888385,31.81536084888385,0.0,0.0,0.0,0.5,0.5,0.0,0.0,0.0,-5.882732658280892,-5.882732658280892,0.0,-0.0,0.0,0.856479829883837,0.856479829883837,0.0,0.0,0.0,132.03448934915664,132.03448934915664,0.0,0.0,0.0,0.239383301586851,0.239383301586851,0.0,0.0,0.0
e7490da1-a2fa-4e53-ab66-4e9927d0b4d3,landmark_dropout_10pct,2299683318,True,1.651009204201594,1.651009204201594,0.0,0.0,0.0,1.1527558872843187,1.1527558872843187,0.0,0.0,0.0,31.81536084888385,31.81536084888385,0.0,0.0,0.0,0.5,0.5,0.0,0.0,0.0,-5.882732658280892,-5.882732658280892,0.0,-0.0,0.0,0.856479829883837,0.856479829883837,0.0,0.0,0.0,132.03448934915664,132.03448934915664,0.0,0.0,0.0,0.239383301586851,0.239383301586851,0.0,0.0,0.0
e7490da1-a2fa-4e53-ab66-4e9927d0b4d3,landmark_dropout_20pct,2299683318,True,1.651009204201594,1.712615194685796,0.0616059904842019,3.731414114919713,3.6630719235227187,1.1527558872843187,0.5299528946035191,-0.6228029926807995,-54.02730964558412,-74.02385955127355,31.81536084888385,30.84941414668218,-0.9659467022016699,-3.036101670478326,-3.0829016852610334,0.5,0.33333333333333337,-0.16666666666666663,-33.33333333333333,-39.99999999999999,-5.882732658280892,-5.970389894179323,-0.08765723589843155,1.4900768229717172,-1.4790572781218323,0.856479829883837,0.5865519386621946,-0.2699278912216424,-31.51596591110059,-37.411219504005246,132.03448934915664,171.12873730914694,39.0942479599903,29.609118157459672,25.790890531755405,0.239383301586851,0.5994590480636962,0.3600757464768452,150.41807180782223,85.85063608837797
e7490da1-a2fa-4e53-ab66-4e9927d0b4d3,jitter_sigma_0p004,2299683318,True,1.651009204201594,1.8132222490925387,0.16221304489094468,9.825084225947046,9.365023502497014,1.1527558872843187,1.8789313716438976,0.7261754843595789,62.994732221261096,47.90569886263938,31.81536084888385,47.70865254375906,15.89329169487521,49.954774268834925,39.971050294968045,0.5,0.6,0.09999999999999998,19.999999999999996,18.181818181818176,-5.882732658280892,-6.207001057269305,-0.324268398988413,5.512206959327874,-5.36435965618215,0.856479829883837,0.6068353882384805,-0.24964444164535649,-29.14773155594515,-34.12039163587635,132.03448934915664,34.587511706317265,-97.44697764283939,-73.80418413642452,-116.96771977956995,0.239383301586851,0.7188616791767676,0.47947837758991657,200.29733670289295,100.07427896106978
e7490da1-a2fa-4e53-ab66-4e9927d0b4d3,jitter_sigma_0p008,2299683318,True,1.651009204201594,0.8642763227878365,-0.7867328814137575,-47.651635097589356,-62.55614903135118,1.1527558872843187,0.9077123496682826,-0.24504353761603603,-21.25719246538082,-23.785228349693117,31.81536084888385,43.213816139391824,11.398455290507975,35.82689300507449,30.384060569634496,0.5,0.6666666666666666,0.16666666666666663,33.33333333333333,28.57142857142857,-5.882732658280892,-6.466238244898763,-0.5835055866178713,9.91895468505599,-9.450270653202823,0.856479829883837,0.4045174938856217,-0.4519623359982153,-52.76975828601991,-71.68331406876881,132.03448934915664,22.128773077513817,-109.90571627164283,-83.24015703276156,-142.58353714319034,0.239383301586851,0.8642763227878365,0.6248930212009856,261.04286182813263,113.24017068306509
e7490da1-a2fa-4e53-ab66-4e9927d0b4d3,scale_minus_10pct,2299683318,True,1.651009204201594,1.4859082837814344,-0.16510092042015967,-10.000000000000016,-10.526315789473701,1.1527558872843187,1.1527558872843187,0.0,0.0,0.0,31.81536084888385,28.63382476399545,-3.1815360848884,-10.000000000000046,-10.526315789473735,0.5,0.5,0.0,0.0,0.0,-5.882732658280892,-5.791217677159541,0.09151498112135048,-1.5556542586127629,1.5678494167227037,0.856479829883837,0.8564798298838415,4.551914400963142e-15,5.314677873477197e-13,5.314677873477183e-13,132.03448934915664,146.70498816573956,14.67049881658292,11.111111111118655,10.526315789480456,0.239383301586851,0.21544497142816588,-0.023938330158685128,-10.000000000000012,-10.526315789473696
e7490da1-a2fa-4e53-ab66-4e9927d0b4d3,scale_minus_5pct,2299683318,True,1.651009204201594,1.568458743991514,-0.08255046021007995,-5.000000000000015,-5.128205128205145,1.1527558872843187,1.1527558872843187,0.0,0.0,0.0,31.81536084888385,30.22459280643965,-1.5907680424442,-5.000000000000023,-5.128205128205152,0.5,0.5,0.0,0.0,0.0,-5.882732658280892,-5.838179868858587,0.044552789422304784,-0.7573485318866152,0.7602273170991408,0.856479829883837,0.8564798298838474,1.0436096431476471e-14,1.2184871222118451e-12,1.2184871222118376e-12,132.03448934915664,138.9836729991442,6.94918364998756,5.263157894761038,5.1282051282281,0.239383301586851,0.2274141365075084,-0.011969165079342592,-5.000000000000018,-5.128205128205146
e7490da1-a2fa-4e53-ab66-4e9927d0b4d3,scale_plus_5pct,2299683318,True,1.651009204201594,1.733559664411673,0.08255046021007906,4.999999999999961,4.878048780487768,1.1527558872843187,1.1527558872843187,0.0,0.0,0.0,31.81536084888385,33.40612889132802,1.590768042444168,4.999999999999924,4.878048780487732,0.5,0.5,0.0,0.0,0.0,-5.882732658280892,-5.9251112564207675,-0.042378598139875656,0.720389665850631,-0.7178041723114428,0.856479829883837,0.8564798298838492,1.2212453270876722e-14,1.4258891855670528e-12,1.4258891855670425e-12,132.03448934915664,125.74713271351023,-6.287356635646418,-4.761904761883776,-4.878048780465782,0.239383301586851,0.25135246666619354,0.011969165079342536,4.999999999999994,4.878048780487799
e7490da1-a2fa-4e53-ab66-4e9927d0b4d3,scale_plus_10pct,2299683318,True,1.651009204201594,1.816110124621753,0.165100920420159,9.999999999999975,9.5238095238095,1.1527558872843187,1.1527558872843187,0.0,0.0,0.0,31.81536084888385,34.99689693377221,3.1815360848883643,9.999999999999936,9.523809523809465,0.5,0.5,0.0,0.0,0.0,-5.882732658280892,-5.965518028597342,-0.08278537031644984,1.407260454032636,-1.397427730122784,0.856479829883837,0.856479829883852,1.4988010832439613e-14,1.7499549095595648e-12,1.7499549095595493e-12,132.03448934915664,120.03135395379462,-12.003135395362023,-9.090909090897084,-9.523809523796347,0.239383301586851,0.2633216317455361,0.023938330158685073,9.999999999999988,9.523809523809513
e7490da1-a2fa-4e53-ab66-4e9927d0b4d3,combined_degradation,2299683318,True,1.651009204201594,17.360140795184407,15.709131590982812,951.4866150355314,165.26229703610954,1.1527558872843187,48.16203268300402,47.0092767957197,4077.9906061867905,190.64981584060692,31.81536084888385,223.3083660549759,191.49300520609205,601.8885220747387,150.11775465184692,0.5,0.16666666666666666,-0.33333333333333337,-66.66666666666667,-100.00000000000001,-5.882732658280892,-6.40555385174985,-0.5228211934689577,8.887386591212893,-8.509261125091554,0.856479829883837,0.9397958851939882,0.08331605531015118,9.727731162268142,9.276533063471433,132.03448934915664,10.341678225370423,-121.69281112378621,-92.16744179770899,-170.94547942524986,0.239383301586851,0.0,-0.239383301586851,-100.0,-200.0
e940142a-d4bc-4cee-a6de-828b05ab40a7,frame_thinning_2x,822615255,True,4.2631267400880075,15.34548681777591,11.082360077687902,259.9584941605353,113.03563145843513,0.12716804102124168,0.0,-0.12716804102124168,-100.0,-200.0,61.20327802242113,251.9428202158467,190.73954219342556,311.6492259181776,121.82143942811952,0.09999999999999999,0.14285714285714285,0.04285714285714286,42.85714285714286,35.294117647058826,-6.744589368472532,-7.199827935397633,-0.4552385669251011,6.74968544494504,-6.52933079962765,0.8027781582615131,0.9691400749931044,0.1663619167315913,20.72327392312998,18.777606506821893,132.86201743322383,105.74732314191156,-27.11469429131226,-20.40816089891157,-22.727269792503492,0.2661321161763667,0.3487942673774744,0.0826621512011077,31.060569610594165,26.88521859263177
e940142a-d4bc-4cee-a6de-828b05ab40a7,frame_thinning_3x,822615255,True,4.2631267400880075,16.13138080559526,11.868254065507251,278.3931792105774,116.38676775031328,0.12716804102124168,0.0,-0.12716804102124168,-100.0,-200.0,61.20327802242113,178.49225613404852,117.28897811162739,191.63839242182402,97.86496734233096,0.09999999999999999,0.2,0.10000000000000002,100.00000000000003,66.66666666666669,-6.744589368472532,-6.440038737017477,0.30455063145505523,-4.5154807033719795,4.619783417755135,0.8027781582615131,0.9833651888504162,0.18058703058890313,22.495259584538307,20.220888864368014,132.86201743322383,16.17178521746064,-116.69023221576319,-87.82813513607188,-156.59565835446026,0.2661321161763667,0.40668043436685725,0.14054831819049057,52.811483337602404,41.77933900817186
e940142a-d4bc-4cee-a6de-828b05ab40a7,landmark_dropout_5pct,822615255,True,4.2631267400880075,4.2631267400880075,0.0,0.0,0.0,0.12716804102124168,0.12716804102124168,0.0,0.0,0.0,61.20327802242113,61.20327802242113,0.0,0.0,0.0,0.09999999999999999,0.09999999999999999,0.0,0.0,0.0,-6.744589368472532,-6.744589368472532,0.0,-0.0,0.0,0.8027781582615131,0.8027781582615131,0.0,0.0,0.0,132.86201743322383,132.86201743322383,0.0,0.0,0.0,0.2661321161763667,0.2661321161763667,0.0,0.0,0.0
e940142a-d4bc-4cee-a6de-828b05ab40a7,landmark_dropout_10pct,822615255,True,4.2631267400880075,16.176078936135614,11.912952196047605,279.441661539757,116.56962002105222,0.12716804102124168,0.12558518132546048,-0.0015828596957812024,-1.2446992837742994,-1.2524941767982607,61.20327802242113,476.5629485864346,415.3596705640134,678.6559216842129,154.4759228125069,0.09999999999999999,5.499999999999999,5.3999999999999995,5400.0,192.8571428571429,-6.744589368472532,-7.442921859582071,-0.6983324911095394,10.353966015690782,-9.844326885587178,0.8027781582615131,0.909415400420774,0.10663724215926085,13.283525599425028,12.456213448359122,132.86201743322383,122.4148044468954,-10.447212986328424,-7.86320514181502,-8.185007091035118,0.2661321161763667,3.0925233050508583,2.8263911888744917,1062.0255944612986,168.30492172619196
e940142a-d4bc-4cee-a6de-828b05ab40a7,landmark_dropout_20pct,822615255,True,4.2631267400880075,16.094742531830107,11.831615791742099,277.5337566318248,116.23628812729207,0.12716804102124168,0.07885380488210636,-0.048314236139135325,-37.99243563959996,-46.90205150554878,61.20327802242113,474.64493431144695,413.4416562890258,675.5220792872664,154.3129739999673,0.09999999999999999,0.08333333333333333,-0.016666666666666663,-16.666666666666664,-18.18181818181818,-6.744589368472532,-7.475007417736965,-0.7304180492644328,10.829688945612604,-10.273400297437542,0.8027781582615131,0.9214578967583044,0.11867973849679125,14.7836282384417,13.766066212485876,132.86201743322383,128.1026011100228,-4.759416323201037,-3.5822249391878382,-3.6475567835739504,0.2661321161763667,0.0,-0.2661321161763667,-100.0,-200.0
e940142a-d4bc-4cee-a6de-828b05ab40a7,jitter_sigma_0p004,822615255,True,4.2631267400880075,9.103109938443042,4.839983198355035,113.53129975805314,72.4210309118505,0.12716804102124168,3.481632477284769,3.354464436263527,2637.8203275956807,185.90467493271865,61.20327802242113,262.5602066687283,201.35692864630718,328.9969674051484,124.38519979384913,0.09999999999999999,0.7142857142857144,0.6142857142857144,614.2857142857144,150.87719298245617,-6.744589368472532,-7.6562336923002485,-0.9116443238277165,13.516676464977726,-12.66100305490172,0.8027781582615131,0.6976807746737379,-0.1050973835877752,-13.091709397696228,-14.008698442973042,132.86201743322383,31.28205034662416,-101.57996708659967,-76.45523457270514,-123.76928202222932,0.2661321161763667,1.1394189528749736,0.873286836698607,328.14034218999586,124.26255522512197
e940142a-d4bc-4cee-a6de-828b05ab40a7,jitter_sigma_0p008,822615255,True,4.2631267400880075,1.1257018201779692,-3.137424919910038,-73.59445569392736,-116.44181605789232,0.12716804102124168,1.0378379127182091,0.9106698716969674,716.1153575880378,156.33737643552598,61.20327802242113,56.285091008898455,-4.918187013522676,-8.035822871645786,-8.37221089044415,0.09999999999999999,0.0,-0.09999999999999999,-100.0,-200.00000000000003,-6.744589368472532,-6.89872675396846,-0.15413738549592804,2.2853487006405553,-2.259529635062807,0.8027781582615131,1.0,0.1972218417384869,24.567415008598164,21.879768271507718,132.86201743322383,0.0,-132.86201743322383,-100.0,-200.0,0.2661321161763667,0.0,-0.2661321161763667,-100.0,-200.0
e940142a-d4bc-4cee-a6de-828b05ab40a7,scale_minus_10pct,822615255,True,4.2631267400880075,3.836814066079207,-0.4263126740088006,-9.999999999999996,-10.526315789473678,0.12716804102124168,0.12716804102124168,0.0,0.0,0.0,61.20327802242113,55.08295022017902,-6.120327802242109,-9.999999999999993,-10.526315789473678,0.09999999999999999,0.09999999999999999,0.0,0.0,0.0,-6.744589368472532,-6.6530743873511815,0.09151498112135048,-1.356865127314284,1.366133421307437,0.8027781582615131,0.8027781582615147,1.5543122344752192e-15,1.9361665716481614e-13,1.9361665716481597e-13,132.86201743322383,147.6244638147045,14.762446381480686,11.111111111119671,10.526315789481366,0.2661321161763667,0.23951890455872998,-0.02661321161763669,-10.000000000000009,-10.526315789473696
e940142a-d4bc-4cee-a6de-828b05ab40a7,scale_minus_5pct,822615255,True,4.2631267400880075,4.049970403083607,-0.21315633700440095,-5.000000000000013,-5.128205128205143,0.12716804102124168,0.12716804102124168,0.0,0.0,0.0,61.20327802242113,58.14311412130011,-3.0601639011210224,-4.999999999999944,-5.12820512820507,0.09999999999999999,0.09999999999999999,0.0,0.0,0.0,-6.744589368472532,-6.700036579050227,0.044552789422304784,-0.6605708218585706,0.6627598208563603,0.8027781582615131,0.8027781582615133,2.220446049250313e-16,2.7659522452116594e-14,2.765952245211659e-14,132.86201743322383,139.85475519286658,6.9927377596427505,5.263157894736384,5.128205128204693,0.2661321161763667,0.2528255103675483,-0.013306605808818373,-5.000000000000015,-5.128205128205144
e940142a-d4bc-4cee-a6de-828b05ab40a7,scale_plus_5pct,822615255,True,4.2631267400880075,4.476283077092407,0.21315633700439918,4.999999999999972,4.878048780487778,0.12716804102124168,0.12716804102124168,0.0,0.0,0.0,61.20327802242113,64.2634419235422,3.060163901121072,5.000000000000025,4.878048780487829,0.09999999999999999,0.09999999999999999,0.0,0.0,0.0,-6.744589368472532,-6.786967966612408,-0.042378598139875656,0.6283347409995587,-0.6263669005783308,0.8027781582615131,0.8027781582615127,-4.440892098500626e-16,-5.531904490423319e-14,-5.531904490423321e-14,132.86201743322383,126.53525469830477,-6.326762734919058,-4.7619047619075,-4.878048780490677,0.2661321161763667,0.279438721985185,0.013306605808818317,4.999999999999994,4.878048780487799
e940142a-d4bc-4cee-a6de-828b05ab40a7,scale_plus_10pct,822615255,True,4.2631267400880075,4.689439414096809,0.4263126740088019,10.000000000000027,9.523809523809549,0.12716804102124168,0.12716804102124168,0.0,0.0,0.0,61.20327802242113,67.32360582466329,6.1203278022421586,10.000000000000075,9.523809523809591,0.09999999999999999,0.09999999999999999,0.0,0.0,0.0,-6.744589368472532,-6.827374738788982,-0.08278537031644984,1.2274338109215164,-1.2199467912261355,0.8027781582615131,0.8027781582615139,7.771561172376096e-16,9.680832858240807e-14,9.680832858240805e-14,132.86201743322383,120.78365221202351,-12.078365221200315,-9.090909090907697,-9.523809523807996,0.2661321161763667,0.29274532779400336,0.02661321161763669,10.000000000000009,9.52380952380953
e940142a-d4bc-4cee-a6de-828b05ab40a7,combined_degradation,822615255,True,4.2631267400880075,14.738059304579377,10.474932564491368,245.7100903426372,110.25556551961787,0.12716804102124168,0.0,-0.12716804102124168,-100.0,-200.0,61.20327802242113,229.31918822788882,168.11591020546769,274.6844869058816,115.73350066539878,0.09999999999999999,0.33333333333333337,0.2333333333333334,233.3333333333334,107.69230769230772,-6.744589368472532,-7.126128312071166,-0.38153894359863383,5.656963274623228,-5.501358363508678,0.8027781582615131,0.941033555515135,0.1382553972536219,17.22211744687052,15.856688673594954,132.86201743322383,40.16405994300161,-92.69795749022222,-69.77009628565366,-107.14911751557669,0.2661321161763667,0.40557871183985694,0.13944659566349027,52.39750754887416,41.519829619338005
eb859af6-2991-42e4-9345-05d3baf63c6e,frame_thinning_2x,2025129596,True,7.208226054464843,6.724474900263413,-0.4837511542014301,-6.7110985497158495,-6.944111637410296,0.797376153742076,0.5690306268299847,-0.2283455269120913,-28.637115098121342,-33.42277426587302,29.108115959200497,23.324651554010977,-5.78346440518952,-19.868906710746703,-22.060496439491818,4.428571428571431,0.1568627450980392,-4.271708683473391,-96.45793801391524,-186.31643249847278,-4.5772414120095215,-3.688097592526502,0.8891438194830195,-19.425320612326267,21.514999420956762,0.07327566750599729,0.1013393914742305,0.028063723968233215,38.29883087170284,32.143532330062044,252.3490656175407,191.31754422201925,-61.03152139552145,-24.185356599663656,-27.512334731519168,3.6314685743008854,0.06024988512190547,-3.57121868917898,-98.34089476780053,-193.47188733007278
eb859af6-2991-42e4-9345-05d3baf63c6e,frame_thinning_3x,2025129596,True,7.208226054464843,6.205178519804988,-1.0030475346598555,-13.91531740376758,-14.955897723146956,0.797376153742076,0.4917626029967455,-0.30561355074533053,-38.32740035064882,-47.41360061479365,29.108115959200497,17.868609775760827,-11.23950618343967,-38.61296347449476,-47.85138175381572,4.428571428571431,1.0512820512820515,-3.377289377289379,-76.26137303556659,-123.26203208556153,-4.5772414120095215,-3.235524377405539,1.3417170346039824,-29.31278719718949,34.34678757225196,0.07327566750599729,0.09927831021699617,0.026002642710998877,35.486053687427244,30.138560761249753,252.3490656175407,129.2686823441915,-123.08038327334921,-48.77386130681751,-64.50453834012534,3.6314685743008854,2.2489386448343756,-1.3825299294665099,-38.07082179508241,-47.02157105608808
eb859af6-2991-42e4-9345-05d3baf63c6e,landmark_dropout_5pct,2025129596,True,7.208226054464843,7.269357365237837,0.06113131077299361,0.8480770485149851,0.8444960598852352,0.797376153742076,0.797528069081131,0.00015191533905500876,0.01905190396553396,0.019050089263178076,29.108115959200497,48.92274449771981,19.814628538519315,68.07252165098066,50.78664626403467,4.428571428571431,0.07042253521126761,-4.358148893360163,-98.40981372103589,-193.73881932021465,-4.5772414120095215,-4.965916271151042,-0.38867485914152056,8.491465145835136,-8.145623745217144,0.07327566750599729,0.0711606555189357,-0.0021150119870615852,-2.8863769639334653,-2.9286427994937068,252.3490656175407,245.86930625333426,-6.479759364206444,-2.5677762461094837,-2.601172389478173,3.6314685743008854,0.054469161726458146,-3.5769994125744273,-98.50007894569363,-194.08897646923745
eb859af6-2991-42e4-9345-05d3baf63c6e,landmark_dropout_10pct,2025129596,True,7.208226054464843,40.161984224600424,32.95375817013558,457.168766921838,139.1328346486109,0.797376153742076,24.951190024284948,24.153813870542873,3029.161802392677,187.61288456640307,29.108115959200497,1199.9050056679241,1170.7968897087237,4022.2352121647987,190.5263449357926,4.428571428571431,0.06072874493927126,-4.367842683632159,-98.6287057594358,-194.58902344756504,-4.5772414120095215,-8.049648893491428,-3.4724074814819064,75.86245008557314,-55.00020032595261,0.07327566750599729,0.06389870396296639,-0.0093769635430309,-12.796831284086817,-13.671596877194341,252.3490656175407,231.56486907264744,-20.784196544893263,-8.236288291391462,-8.590038457230929,3.6314685743008854,0.05484702975170985,-3.576621544549176,-98.48967356788242,-194.04858013877998
eb859af6-2991-42e4-9345-05d3baf63c6e,landmark_dropout_20pct,2025129596,True,7.208226054464843,39.97768850640139,32.76946245193655,454.61202526575636,138.89510357870222,0.797376153742076,2.6955268970114306,1.8981507432693545,238.04959984837234,108.68613962015785,29.108115959200497,1194.4602182658566,1165.3521023066562,4003.529819449931,190.48418788064308,4.428571428571431,0.05439330543933055,-4.3741781231321,-98.77176407072479,-195.14666666666665,-4.5772414120095215,-8.41082176908129,-3.833580357071768,83.75307334704752,-59.032363850108744,0.07327566750599729,0.012173483036135002,-0.061102184469862285,-83.38673198010969,-143.01414135119978,252.3490656175407,334.1631468308998,81.81408121335909,32.42099629461526,27.898509008642765,3.6314685743008854,0.05599520131999638,-3.575473372980889,-98.45805628840458,-193.9258845941538
eb859af6-2991-42e4-9345-05d3baf63c6e,jitter_sigma_0p004,2025129596,True,7.208226054464843,6.903353857793002,-0.30487219667184107,-4.229503824772537,-4.320879711094825,0.797376153742076,2.573219724152083,1.775843570410007,222.71089523758593,105.37267799185096,29.108115959200497,25.063823258697784,-4.044292700502712,-13.894038027646346,-14.931319642205045,4.428571428571431,0.07042253521126761,-4.358148893360163,-98.40981372103589,-193.73881932021465,-4.5772414120095215,-5.253586771253684,-0.6763453592441628,14.77626584146521,-13.75968222892203,0.07327566750599729,0.06893542007997214,-0.004340247426025151,-5.923176920455786,-6.103950823667509,252.3490656175407,129.64113172244862,-122.70793389509208,-48.626268377418036,-64.24664022772093,3.6314685743008854,0.1067282371531752,-3.52474033714771,-97.06101718989206,-188.57970914467066
eb859af6-2991-42e4-9345-05d3baf63c6e,jitter_sigma_0p008,2025129596,True,7.208226054464843,6.985373640477468,-0.22285241398737554,-3.091640194182571,-3.1401817548339883,0.797376153742076,5.723549365098975,4.9261732113568995,617.797909836961,151.08816063375056,29.108115959200497,64.84897846853286,35.740862509332366,122.78658831587961,76.0791140403395,4.428571428571431,0.10047846889952153,-4.328092959671909,-97.73113134743015,-191.1258677935406,-4.5772414120095215,-5.921266603636849,-1.3440251916273276,29.3632140114119,-25.604118025614113,0.07327566750599729,0.03311405810828877,-0.04016160939770852,-54.808930119157864,-75.49903746027823,252.3490656175407,79.13601186713989,-173.21305375040083,-68.64025960489265,-104.50730094081281,3.6314685743008854,0.7549383054271559,-2.8765302688737293,-79.2112119386165,-131.15656380021338
eb859af6-2991-42e4-9345-05d3baf63c6e,scale_minus_10pct,2025129596,True,7.208226054464843,6.487403449018346,-0.7208226054464975,-10.000000000000183,-10.526315789473886,0.797376153742076,0.797376153742076,0.0,0.0,0.0,29.108115959200497,26.197304363280377,-2.9108115959201193,-10.00000000000024,-10.52631578947395,4.428571428571431,4.428571428571431,0.0,0.0,0.0,-4.5772414120095215,-4.485726430888172,0.09151498112134959,-1.9993479234291087,2.019536706026524,0.07327566750599729,0.07327566750599793,6.38378239159465e-16,8.712008513702268e-13,8.71200851370223e-13,252.3490656175407,280.3878506862565,28.03878506871581,11.111111111150809,10.526315789509313,3.6314685743008854,3.268321716870792,-0.36314685743009356,-10.000000000000139,-10.526315789473838
eb859af6-2991-42e4-9345-05d3baf63c6e,scale_minus_5pct,2025129596,True,7.208226054464843,6.847814751741595,-0.3604113027232483,-5.000000000000085,-5.1282051282052175,0.797376153742076,0.797376153742076,0.0,0.0,0.0,29.108115959200497,27.65271016124044,-1.4554057979600579,-5.000000000000114,-5.128205128205247,4.428571428571431,4.428571428571431,0.0,0.0,0.0,-4.5772414120095215,-4.532688622587217,0.044552789422304784,-0.9733545909422553,0.9781148538596206,0.07327566750599729,0.07327566750599764,3.469446951953614e-16,4.734787235707755e-13,4.734787235707744e-13,252.3490656175407,265.6305953870689,13.28152976952822,5.263157894809746,5.128205128274342,3.6314685743008854,3.4498951455858378,-0.18157342871504767,-5.000000000000093,-5.128205128205226
eb859af6-2991-42e4-9345-05d3baf63c6e,scale_plus_5pct,2025129596,True,7.208226054464843,7.568637357188077,0.3604113027232341,4.999999999999888,4.878048780487698,0.797376153742076,0.797376153742076,0.0,0.0,0.0,29.108115959200497,30.56352175716045,1.4554057979599548,4.999999999999759,4.878048780487576,4.428571428571431,4.428571428571431,0.0,0.0,0.0,-4.5772414120095215,-4.619620010149395,-0.04237859813987388,0.9258545557305145,-0.9215882722287603,0.07327566750599729,0.07327566750599766,3.7470027081099033e-16,5.113570214564375e-13,5.113570214564362e-13,252.3490656175407,240.33244344537934,-12.016622172161362,-4.761904761864151,-4.878048780445189,3.6314685743008854,3.813042003015925,0.18157342871503968,4.999999999999873,4.878048780487684
eb859af6-2991-42e4-9345-05d3baf63c6e,scale_plus_10pct,2025129596,True,7.208226054464843,7.929048659911327,0.7208226054464841,9.999999999999998,9.523809523809522,0.797376153742076,0.797376153742076,0.0,0.0,0.0,29.108115959200497,32.01892755512051,2.9108115959200163,9.999999999999885,9.52380952380942,4.428571428571431,4.428571428571431,0.0,0.0,0.0,-4.5772414120095215,-4.660026782325968,-0.08278537031644628,1.8086301958913167,-1.7924210616123981,0.07327566750599729,0.07327566750599736,6.938893903907228e-17,9.469574471415508e-14,9.469574471415504e-14,252.3490656175407,229.408241470688,-22.94082414685269,-9.090909090831238,-9.52380952372408,3.6314685743008854,3.99461543173097,0.3631468574300847,9.999999999999893,9.523809523809428
eb859af6-2991-42e4-9345-05d3baf63c6e,combined_degradation,2025129596,True,7.208226054464843,6.811863026892431,-0.39636302757241193,-5.498759675092334,-5.654215537039089,0.797376153742076,0.9432209411064038,0.1458447873643277,18.29058803425209,16.75801801530912,29.108115959200497,25.715433475383502,-3.392682483816994,-11.655452000302462,-12.376734154599665,4.428571428571431,0.6811594202898551,-3.7474120082815756,-84.61898083216457,-146.67747163695302,-4.5772414120095215,-4.3982169462049905,0.17902446580453102,-3.911186885070475,3.9891994070850854,0.07327566750599729,0.03909338046734843,-0.03418228703864886,-46.648892056631475,-60.839328365150884,252.3490656175407,66.2265726708873,-186.1224929466534,-73.75596675627877,-116.84665779631536,3.6314685743008854,2.848968206234677,-0.7825003680662084,-21.547766476730477,-24.149618137360804
ed241630-f662-4957-b17f-1f485cf04683,frame_thinning_2x,669688604,True,3.659401879610693,9.346689607153452,5.68728772754276,155.4157732505675,87.45575461053028,0.1781257917284727,0.13910391431057312,-0.039021877417899586,-21.906921529579982,-24.60165405385877,39.980185730365775,111.22132252377307,71.24113679340729,178.19111015109212,94.23336792866576,5.499999999999999,1.0,-4.499999999999999,-81.81818181818181,-138.46153846153845,-5.606290309283555,-5.8826722587838525,-0.2763819495002977,4.929854400201716,-4.811260335523728,0.8949150267830432,0.9032572706218822,0.00834224383883897,0.9321827870995626,0.9278581202566933,416.4807084088705,53.59920369323793,-362.88150471563256,-87.13044743464609,-154.39141106578884,0.9494591416046361,0.7486961709285099,-0.20076297067612614,-21.144982641046155,-23.64483026898725
ed241630-f662-4957-b17f-1f485cf04683,frame_thinning_3x,669688604,True,3.659401879610693,7.83416333991974,4.174761460309046,114.08316434359978,72.6451954736392,0.1781257917284727,0.09197071022301977,-0.08615508150545294,-48.36755007202104,-63.79577734844253,39.980185730365775,77.90301066893677,37.922824938571,94.85404893896686,64.33966179558966,5.499999999999999,0.5714285714285715,-4.928571428571428,-89.61038961038962,-162.35294117647058,-5.606290309283555,-5.382986227018681,0.22330408226487375,-3.983098804125441,4.064036090587143,0.8949150267830432,0.8815601099741086,-0.013354916808934636,-1.4923111590763696,-1.5035298307988967,416.4807084088705,33.899861394935435,-382.58084701393506,-91.86040056346259,-169.89225231478983,0.9494591416046361,0.7576291602280257,-0.19182998137661034,-20.204132328686367,-22.474523569831668
ed241630-f662-4957-b17f-1f485cf04683,landmark_dropout_5pct,669688604,True,3.659401879610693,4.872364220936193,1.2129623413255,33.14646440129559,28.43402707084877,0.1781257917284727,0.17837404059467526,0.0002482488662025606,0.1393671650767905,0.13927011667008937,39.980185730365775,108.43091123860161,68.45072550823583,171.21162460294948,92.24475380375203,5.499999999999999,1.9999999999999993,-3.5,-63.63636363636365,-93.33333333333336,-5.606290309283555,-7.051463436632836,-1.445173127349281,25.777707675183954,-22.834590660535145,0.8949150267830432,0.8877767224706172,-0.007138304312426014,-0.7976516315840757,-0.8008456106238813,416.4807084088705,415.72388401996625,-0.7568243889042492,-0.18171895447345762,-0.18188421351903714,0.9494591416046361,0.9494874429546596,2.8301350023518523e-05,0.002980786511327675,0.0029807420865486487
ed241630-f662-4957-b17f-1f485cf04683,landmark_dropout_10pct,669688604,True,3.659401879610693,4.84605043159244,1.186648551981747,32.42739089667815,27.903243909056506,0.1781257917284727,0.17836565393605214,0.00023986220757943322,0.13465888642621102,0.13456828235096266,39.980185730365775,107.84386220905014,67.86367647868437,169.74327467203463,91.81682875643827,5.499999999999999,0.038461538461538464,-5.461538461538461,-99.3006993006993,-197.22222222222223,-5.606290309283555,-7.046492364346829,-1.4402020550632741,25.6890381270199,-22.764985256006867,0.8949150267830432,0.9220294715802035,0.027114444797160298,3.0298345636935795,2.984620038926421,416.4807084088705,250.30336448408573,-166.17734392478476,-39.90037006987702,-49.84442510865506,0.9494591416046361,0.14379531989381114,-0.805663821710825,-84.85502813203848,-147.38816077760305
ed241630-f662-4957-b17f-1f485cf04683,landmark_dropout_20pct,669688604,True,3.659401879610693,4.8745639940736,1.2151621144629066,33.20657731618649,28.478251083942883,0.1781257917284727,0.17949679189399032,0.0013710001655176107,0.7696808823774967,0.7667301945142009,39.980185730365775,108.47783807744443,68.49765234707866,171.32899984267277,92.27881469815857,5.499999999999999,0.038461538461538464,-5.461538461538461,-99.3006993006993,-197.22222222222223,-5.606290309283555,-7.0554084073956025,-1.4491180981120477,25.848074540707028,-22.889789601503242,0.8949150267830432,0.8648933413390658,-0.03002168544397743,-3.3546967639929544,-3.4119266606299368,416.4807084088705,213.61984405402742,-202.86086435484307,-48.70834597113896,-64.38999729865753,0.9494591416046361,0.14462046798734998,-0.8048386736172861,-84.76812095958825,-147.1261627693498
ed241630-f662-4957-b17f-1f485cf04683,jitter_sigma_0p004,669688604,True,3.659401879610693,1.3592929408477166,-2.3001089387629765,-62.85477830622076,-91.6616379775363,0.1781257917284727,1.17548167080836,0.9973558790798873,559.9166012972528,147.36264488535184,39.980185730365775,26.796887820668218,-13.183297909697558,-32.97457895420573,-39.484503314216965,5.499999999999999,1.142857142857143,-4.357142857142856,-79.2207792207792,-131.1827956989247,-5.606290309283555,-6.134000374411878,-0.5277100651283231,9.41282088539865,-8.989727415543316,0.8949150267830432,0.4901083926581984,-0.40480663412484486,-45.234086143352165,-58.45484320953295,416.4807084088705,110.57404605584837,-305.9066623530221,-73.45037985593925,-116.0815493121596,0.9494591416046361,0.760876921454862,-0.1885822201497741,-19.862067980203992,-22.052066166743028
ed241630-f662-4957-b17f-1f485cf04683,jitter_sigma_0p008,669688604,True,3.659401879610693,0.5269294086281334,-3.1324724709825595,-85.60066847087614,-149.65239276609563,0.1781257917284727,0.0,-0.1781257917284727,-100.0,-200.00000000000003,39.980185730365775,26.346470431406672,-13.633715298959103,-34.101180497028096,-41.11081754432521,5.499999999999999,0.0,-5.499999999999999,-100.0,-200.0,-5.606290309283555,-6.239384892942872,-0.6330945836593171,11.292575816328396,-10.689041744793498,0.8949150267830432,1.0,0.10508497321695676,11.742452643208638,11.091259685175146,416.4807084088705,0.0,-416.4807084088705,-100.0,-200.0,0.9494591416046361,0.0,-0.9494591416046361,-100.0,-200.0
ed241630-f662-4957-b17f-1f485cf04683,scale_minus_10pct,669688604,True,3.659401879610693,3.293461691649624,-0.3659401879610691,-9.999999999999993,-10.526315789473678,0.1781257917284727,0.1781257917284727,0.0,0.0,0.0,39.980185730365775,35.982167157329215,-3.9980185730365605,-9.999999999999957,-10.526315789473637,5.499999999999999,5.499999999999999,0.0,0.0,0.0,-5.606290309283555,-5.514775328162205,0.09151498112134959,-1.6323625084096756,1.6457951801526884,0.8949150267830432,0.8949150267830427,-5.551115123125783e-16,-6.202952187628821e-14,-6.202952187628822e-14,416.4807084088705,462.7563426764315,46.275634267560974,11.111111111089189,10.526315789454008,0.9494591416046361,0.8545132274441727,-0.09494591416046338,-9.999999999999977,-10.526315789473658
ed241630-f662-4957-b17f-1f485cf04683,scale_minus_5pct,669688604,True,3.659401879610693,3.476431785630161,-0.18297009398053188,-4.999999999999924,-5.128205128205049,0.1781257917284727,0.1781257917284727,0.0,0.0,0.0,39.980185730365775,37.981176443847545,-1.9990092865182305,-4.999999999999854,-5.128205128204975,5.499999999999999,5.499999999999999,0.0,0.0,0.0,-5.606290309283555,-5.561737519861251,0.044552789422303896,-0.7946928711224275,0.7978631519172269,0.8949150267830432,0.8949150267830421,-1.1102230246251565e-15,-1.2405904375257641e-13,-1.240590437525765e-13,416.4807084088705,438.40074569360144,21.920037284730938,5.263157894749698,5.128205128217334,0.9494591416046361,0.9019861845244045,-0.04747295708023158,-4.999999999999977,-5.128205128205103
ed241630-f662-4957-b17f-1f485cf04683,scale_plus_5pct,669688604,True,3.659401879610693,3.8423719735912285,0.18297009398053543,5.000000000000021,4.878048780487825,0.1781257917284727,0.1781257917284727,0.0,0.0,0.0,39.980185730365775,41.979195016884105,1.99900928651833,5.000000000000103,4.878048780487903,5.499999999999999,5.499999999999999,0.0,0.0,0.0,-5.606290309283555,-5.64866890742343,-0.042378598139875656,0.7559115886257297,-0.7530653345588031,0.8949150267830432,0.8949150267830418,-1.4432899320127035e-15,-1.6127675687834934e-13,-1.6127675687834946e-13,416.4807084088705,396.64829372274085,-19.832414686129653,-4.761904761903072,-4.878048780486032,0.9494591416046361,0.996932098684868,0.047472957080231915,5.0000000000000115,4.878048780487816
ed241630-f662-4957-b17f-1f485cf04683,scale_plus_10pct,669688604,True,3.659401879610693,4.025342067571763,0.36594018796106953,10.000000000000005,9.523809523809529,0.1781257917284727,0.1781257917284727,0.0,0.0,0.0,39.980185730365775,43.978204303402386,3.9980185730366102,10.000000000000082,9.523809523809598,5.499999999999999,5.499999999999999,0.0,0.0,0.0,-5.606290309283555,-5.689075679600005,-0.08278537031644984,1.4766515066007924,-1.4658289142277254,0.8949150267830432,0.8949150267830447,1.4432899320127035e-15,1.6127675687834934e-13,1.612767568783492e-13,416.4807084088705,378.6188258262758,-37.86188258259472,-9.090909090901917,-9.523809523801651,0.9494591416046361,1.0444050557650997,0.09494591416046361,10.0,9.523809523809526
ed241630-f662-4957-b17f-1f485cf04683,combined_degradation,669688604,True,3.659401879610693,11.10881404824234,7.449412168631648,203.56911904478108,100.88438854123153,0.1781257917284727,0.7399046868869185,0.5617788951584457,315.3832410832437,122.38785274444093,39.980185730365775,126.8069375836119,86.82675185324612,217.17445846505763,104.11685282177842,5.499999999999999,0.0625,-5.437499999999999,-98.86363636363636,-195.5056179775281,-5.606290309283555,-6.5873310158017375,-0.9810407065181828,17.49892803256478,-16.09104761191722,0.8949150267830432,0.8805914921942407,-0.014323534588802533,-1.6005468854726281,-1.6134589691118775,416.4807084088705,52.332982229488366,-364.1477261793821,-87.43447627396185,-155.3485887681912,0.9494591416046361,0.0,-0.9494591416046361,-100.0,-200.0
ee9f203f-8208-4081-acb9-66b1ef4c3049,frame_thinning_2x,3844618247,True,33.48965129800592,21.28444050182589,-12.205210796180026,-36.44472343880978,-44.565634573305715,94.00738791984249,46.83564286570979,-47.1717450541327,-50.17876370988497,-66.98484801275887,716.7139708737448,274.0731386417917,-442.6408322319531,-61.75976054887424,-89.35135065461044,0.1081081081081081,0.09933774834437087,-0.008770359763737232,-8.11258278145694,-8.455565142364092,-7.287728330579426,-5.953169360670818,1.334558969908608,-18.312413819115307,20.158134305206538,0.03696312508941229,0.030881773411403562,-0.006081351678008728,-16.452482476246765,-17.927218736823956,1295.3221608266983,569.9534535341728,-725.3687072925255,-55.999096535921375,-77.77603499535054,0.25517549274623547,0.08639160121988998,-0.1687838915263455,-66.14424046363892,-98.82912874686016
ee9f203f-8208-4081-acb9-66b1ef4c3049,frame_thinning_3x,3844618247,True,33.48965129800592,19.577477806919454,-13.912173491086463,-41.5417090112098,-52.43235775419108,94.00738791984249,27.28141423033916,-66.72597368950332,-70.97949976697441,-110.02825076445589,716.7139708737448,167.27850183056293,-549.4354690431818,-76.66035425169207,-124.30772568964305,0.1081081081081081,0.08737864077669903,-0.02072946733140907,-19.17475728155339,-21.20805369127516,-7.287728330579426,-5.46364982686348,1.8240785037159455,-25.029452539580582,28.609903669922005,0.03696312508941229,0.026957776384850484,-0.010005348704561805,-27.068459932322487,-31.305405505241122,1295.3221608266983,392.2592644603928,-903.0628963663055,-69.71724283555484,-107.02451245724947,0.25517549274623547,0.07582583637426044,-0.17934965637197503,-70.2848280772531,-108.36793728201954
ee9f203f-8208-4081-acb9-66b1ef4c3049,landmark_dropout_5pct,3844618247,True,33.48965129800592,31.942172469568696,-1.547478828437221,-4.620767217511646,-4.730049505983935,94.00738791984249,74.54556390633859,-19.4618240135039,-20.70244099335944,-23.092830831670938,716.7139708737448,819.8542216309944,103.14025075724965,14.390713024822377,13.424754105982386,0.1081081081081081,0.05128205128205128,-0.05682605682605682,-52.56410256410257,-71.30434782608695,-7.287728330579426,-7.459638410684928,-0.17191008010550224,2.3588980311486747,-2.331400352640361,0.03696312508941229,0.03687000106697866,-9.312402243363133e-05,-0.25193763300145244,-0.2522553961385273,1295.3221608266983,739.0489322387751,-556.2732285879232,-42.94477817262845,-54.68748848074793,0.25517549274623547,0.024888214375325873,-0.2302872783709096,-90.24662826846132,-164.4534957690563
ee9f203f-8208-4081-acb9-66b1ef4c3049,landmark_dropout_10pct,3844618247,True,33.48965129800592,31.99598822741098,-1.4936630705949376,-4.460073523321144,-4.561803416503867,94.00738791984249,74.5439816707375,-19.46340624910499,-20.704124090439468,-23.094925062172578,716.7139708737448,821.2415897417743,104.52761886802955,14.584286495852746,13.593061014870365,0.1081081081081081,0.05154639175257732,-0.05656171635553078,-52.31958762886598,-70.85514834205934,-7.287728330579426,-7.689077719702588,-0.40134938912316276,5.507194710306287,-5.359612560591385,0.03696312508941229,0.0651904172385998,0.028227292149187504,76.36608669019958,55.26444116553586,1295.3221608266983,1375.4642260743115,80.14206524761312,6.187037300162068,6.001383385857696,0.25517549274623547,0.02493355332872822,-0.23024193941750726,-90.22886051462477,-164.39450467150508
ee9f203f-8208-4081-acb9-66b1ef4c3049,landmark_dropout_20pct,3844618247,True,33.48965129800592,35.7517964184719,2.2621451204659806,6.754758657641431,6.534078056047474,94.00738791984249,27.188768094531223,-66.81861982531126,-71.07805174023733,-110.26524606504294,716.7139708737448,916.8595623637852,200.1455914900405,27.925448592280596,24.504019858032102,0.1081081081081081,0.05128205128205128,-0.05682605682605682,-52.56410256410257,-71.30434782608695,-7.287728330579426,-8.097880423838703,-0.8101520932592772,11.11666155089599,-10.531297216649085,0.03696312508941229,0.05916253201615046,0.02219940692673817,60.05825230696461,46.18830725361772,1295.3221608266983,1373.8241096108388,78.5019487841405,6.060418879426807,5.882176608573208,0.25517549274623547,0.02491235471804998,-0.2302631380281855,-90.2371679780297,-164.422084080279
ee9f203f-8208-4081-acb9-66b1ef4c3049,jitter_sigma_0p004,3844618247,True,33.48965129800592,34.150302278144245,0.6606509801383282,1.9727018781400856,1.9534341619396784,94.00738791984249,90.90609076827758,-3.101297151564907,-3.298993004900102,-3.35432243616555,716.7139708737448,716.9881495661992,0.274178692454484,0.038254966918006804,0.03824765110486827,0.1081081081081081,0.06148867313915857,-0.04661943496894953,-43.122977346278326,-54.97679216090769,-7.287728330579426,-7.292952935812364,-0.005224605232938551,0.07169044997212674,-0.0716647615771037,0.03696312508941229,0.03747695879712883,0.0005138337077165434,1.3901251760331428,1.3805296310512225,1295.3221608266983,261.13322230984346,-1034.188938516855,-79.84028759739714,-132.89027744987789,0.25517549274623547,0.08907223025607199,-0.1661032624901635,-65.09373635474796,-96.50217061220772
ee9f203f-8208-4081-acb9-66b1ef4c3049,jitter_sigma_0p008,3844618247,True,33.48965129800592,35.052427020236536,1.5627757222306187,4.6664436972614025,4.56004766874624,94.00738791984249,88.19244779360038,-5.8149401262421065,-6.185620359115122,-6.383035531807645,716.7139708737448,722.2807995934501,5.566828719705313,0.7767155303138297,0.7737107644801161,0.1081081081081081,0.17985611510791366,0.07174800699980556,66.36690647482015,49.83119513841999,-7.287728330579426,-7.311777294205602,-0.0240489636261767,0.32999259213967763,-0.3294490134700135,0.03696312508941229,0.03807799422542317,0.0011148691360108806,3.0161657958142274,2.971355294777629,1295.3221608266983,108.1362801629836,-1187.1858806637147,-91.65178490469359,-169.18005492582202,0.25517549274623547,16.393113652781206,16.13793816003497,6324.2508072997725,193.86902784987277
ee9f203f-8208-4081-acb9-66b1ef4c3049,scale_minus_10pct,3844618247,True,33.48965129800592,30.14068616820533,-3.348965129800586,-9.999999999999982,-10.526315789473667,94.00738791984249,94.00738791984249,0.0,0.0,0.0,716.7139708737448,645.0425737863703,-71.67139708737443,-9.999999999999993,-10.526315789473676,0.1081081081081081,0.1081081081081081,0.0,0.0,0.0,-7.287728330579426,-7.196213349458075,0.09151498112135048,-1.2557408422779996,1.2636750843519489,0.03696312508941229,0.03696312508941228,-6.938893903907228e-18,-1.8772476318282957e-14,-1.877247631828296e-14,1295.3221608266983,1439.2468453662964,143.92468453959805,11.111111111365737,10.526315789702215,0.25517549274623547,0.22965794347161192,-0.025517549274623547,-10.0,-10.526315789473685
ee9f203f-8208-4081-acb9-66b1ef4c3049,scale_minus_5pct,3844618247,True,33.48965129800592,31.81516873310562,-1.6744825649002983,-5.000000000000007,-5.128205128205137,94.00738791984249,94.00738791984249,0.0,0.0,0.0,716.7139708737448,680.8782723300576,-35.83569854368716,-4.999999999999989,-5.128205128205116,0.1081081081081081,0.1081081081081081,0.0,0.0,0.0,-7.287728330579426,-7.243175541157121,0.044552789422304784,-0.6113398771378532,0.6132142888779624,0.03696312508941229,0.0369631250894123,1.3877787807814457e-17,3.7544952636565913e-14,3.754495263656591e-14,1295.3221608266983,1363.4970113996492,68.17485057295085,5.2631578949780655,5.12820512843414,0.25517549274623547,0.24241671810892376,-0.012758774637311704,-4.9999999999999725,-5.128205128205098
ee9f203f-8208-4081-acb9-66b1ef4c3049,scale_plus_5pct,3844618247,True,33.48965129800592,35.16413386290621,1.6744825649002948,4.9999999999999964,4.878048780487802,94.00738791984249,94.00738791984249,0.0,0.0,0.0,716.7139708737448,752.549669417432,35.83569854368727,5.000000000000004,4.87804878048781,0.1081081081081081,0.1081081081081081,0.0,0.0,0.0,-7.287728330579426,-7.330106928719302,-0.042378598139876544,0.5815062831315385,-0.5798204369955337,0.03696312508941229,0.0369631250894123,1.3877787807814457e-17,3.7544952636565913e-14,3.754495263656591e-14,1295.3221608266983,1233.640153162495,-61.68200766420341,-4.761904762351694,-4.878048780956804,0.25517549274623547,0.2679342673835473,0.012758774637311843,5.0000000000000275,4.878048780487831
ee9f203f-8208-4081-acb9-66b1ef4c3049,scale_plus_10pct,3844618247,True,33.48965129800592,36.83861642780651,3.3489651298005896,9.999999999999993,9.523809523809518,94.00738791984249,94.00738791984249,0.0,0.0,0.0,716.7139708737448,788.3853679611193,71.67139708737454,10.000000000000009,9.523809523809533,0.1081081081081081,0.1081081081081081,0.0,0.0,0.0,-7.287728330579426,-7.370513700895875,-0.08278537031644984,1.1359557678499224,-1.1295402291582681,0.03696312508941229,0.03696312508941232,2.7755575615628914e-17,7.508990527313183e-14,7.50899052731318e-14,1295.3221608266983,1177.5656007456837,-117.75656008101464,-9.090909091361507,-9.523809524306053,0.25517549274623547,0.28069304202085904,0.025517549274623574,10.00000000000001,9.523809523809534
ee9f203f-8208-4081-acb9-66b1ef4c3049,combined_degradation,3844618247,True,33.48965129800592,21.16337353402316,-12.326277763982755,-36.80622904758851,-45.10739451975955,94.00738791984249,39.91510857222513,-54.09227934761736,-57.54045564348661,-80.78146803486644,716.7139708737448,273.76856035954665,-442.9454105141981,-61.80225703905341,-89.44032762751871,0.1081081081081081,0.07843137254901962,-0.02967673555908848,-27.450980392156843,-31.818181818181795,-7.287728330579426,-6.036331957552331,1.2513963730270943,-17.171281862637702,18.784009468071233,0.03696312508941229,0.035602756467153704,-0.0013603686222585856,-3.680339849425365,-3.7493339654343254,1295.3221608266983,116.48604365777577,-1178.8361171689226,-91.00717588407255,-166.99663784704777,0.25517549274623547,0.04050422162315029,-0.21467127112308518,-84.1269154857945,-145.20527495836347
f0647c16-5b92-48b6-a06a-d05d86fe8145,frame_thinning_2x,2862752597,True,5.083877776610216,3.6653693685257642,-1.418508408084452,-27.902095023029304,-32.4258392648801,1.298087896850041,0.8999710357498795,-0.3981168611001614,-30.669484097820927,-36.22440283066101,125.58398882359863,76.0806152031884,-49.50337362041023,-39.41853900654889,-49.09475696968092,1.7,1.0,-0.7,-41.17647058823529,-51.85185185185185,-7.058691631419842,-6.0414860142381785,1.0172056171816637,-14.410682181579517,15.529646157413913,0.7191846267462869,0.7109655967401906,-0.008219030006096362,-1.1428261534566786,-1.1493939407371738,573.6081057630362,233.78657796322656,-339.8215277998096,-59.242804344224794,-84.17730129989855,0.15686301139220424,0.3896379064638971,0.23277489507169288,148.39374369123027,85.18737570830014
f0647c16-5b92-48b6-a06a-d05d86fe8145,frame_thinning_3x,2862752597,True,5.083877776610216,14.142730633999337,9.05885285738912,178.18785689669554,94.23245810103771,1.298087896850041,0.5597671318347537,-0.7383207650152872,-56.87756328418955,-79.48098787212221,125.58398882359863,183.20912027436023,57.6251314507616,45.885731127480476,37.32280919033145,1.7,0.10000000000000002,-1.5999999999999999,-94.11764705882352,-177.77777777777777,-7.058691631419842,-6.210815023126246,0.8478766082935962,-12.01180973141686,12.77932375885454,0.7191846267462869,0.9691933279744034,0.25000870122811647,34.76279830385115,29.615252974500677,573.6081057630362,112.97092622876642,-460.63717953426976,-80.30520749380136,-134.1832937128699,0.15686301139220424,0.04307650950178513,-0.11378650189041911,-72.53877181148778,-113.82092082810406
f0647c16-5b92-48b6-a06a-d05d86fe8145,landmark_dropout_5pct,2862752597,True,5.083877776610216,5.083322384014716,-0.0005553925955004146,-0.010924585914627053,-0.01092518268011116,1.298087896850041,1.2980952956042335,7.398754192644574e-06,0.0005699732822868544,0.0005699716579437708,125.58398882359863,125.57424943802134,-0.009739385577290705,-0.007755276503417261,-0.007755577236646831,1.7,0.49999999999999994,-1.2,-70.58823529411765,-109.09090909090911,-7.058691631419842,-7.05862157230473,7.005911511193119e-05,-0.0009925226765833222,0.0009925276021140834,0.7191846267462869,0.7217879381167314,0.00260331137044445,0.36198095365612465,0.3613269862208551,573.6081057630362,640.0701397729607,66.46203400992454,11.586662277290191,10.952166977430316,0.15686301139220424,0.04249082508783734,-0.11437218630436691,-72.91214499153175,-114.74289968411755
f0647c16-5b92-48b6-a06a-d05d86fe8145,landmark_dropout_10pct,2862752597,True,5.083877776610216,0.6915520444865807,-4.392325732123636,-86.39715439918213,-152.10385610016817,1.298087896850041,0.6211352905170325,-0.6769526063330084,-52.1499821372429,-70.54443806107824,125.58398882359863,15.015166134899186,-110.56882268869944,-88.04372573641515,-157.2823431568095,1.7,0.6923076923076923,-1.0076923076923077,-59.276018099547514,-84.24437299035371,-7.058691631419842,-5.363909228540388,1.6947824028794543,-24.00986601164998,27.285468187937578,0.7191846267462869,0.45455240628867716,-0.26463222045760976,-36.79614533125531,-45.09225030982331,573.6081057630362,704.9281826340073,131.3200768709711,22.89369267128538,20.54225258410347,0.15686301139220424,0.04212612065344678,-0.11473689073875745,-73.14464367376007,-115.31975596781348
f0647c16-5b92-48b6-a06a-d05d86fe8145,landmark_dropout_20pct,2862752597,True,5.083877776610216,0.9505750189682066,-4.13330275764201,-81.30216616651192,-136.99014302243188,1.298087896850041,0.5679461938371649,-0.730141703012876,-56.24747790844121,-78.25598756815704,125.58398882359863,47.52875094841033,-78.05523787518831,-62.153813241932056,-90.17850214604398,1.7,0.09999999999999999,-1.5999999999999999,-94.11764705882352,-177.77777777777777,-7.058691631419842,-6.088829875362309,0.9698617560575329,-13.73996494960139,14.753529865796066,0.7191846267462869,0.6282360698173636,-0.09094855692892334,-12.64606521699303,-13.49965265649711,573.6081057630362,1100.038660430288,526.4305546672518,91.77529908978066,62.90820324824067,0.15686301139220424,0.9505750189682066,0.7937120075760024,505.9905458473483,143.34201748836318
f0647c16-5b92-48b6-a06a-d05d86fe8145,jitter_sigma_0p004,2862752597,True,5.083877776610216,1.2674253039874959,-3.8164524726227205,-75.06971332358468,-120.17856569564177,1.298087896850041,1.7957780869116624,0.4976901900616215,38.34025348124143,32.172705131623104,125.58398882359863,32.58593265182656,-92.99805617177208,-74.05247837955017,-117.59259321149901,1.7,3.400000000000001,1.7000000000000008,100.00000000000004,66.6666666666667,-7.058691631419842,-6.069412374548707,0.9892792568711348,-14.015051351267815,15.071167267129661,0.7191846267462869,0.6694938647506508,-0.04969076199563616,-6.909319269023531,-7.156553845962081,573.6081057630362,117.81600911936309,-455.79209664367306,-79.46053970722056,-131.84153888563645,0.15686301139220424,0.5912960259604985,0.4344330145682942,276.95057662898125,116.1338680357317
f0647c16-5b92-48b6-a06a-d05d86fe8145,jitter_sigma_0p008,2862752597,True,5.083877776610216,2.64121429831591,-2.4426634782943064,-48.047250261059666,-63.23972464283321,1.298087896850041,3.8611003847415355,2.563012487891495,197.44521877994075,99.3571991561751,125.58398882359863,83.59448116372597,-41.98950765987266,-33.43539893357995,-40.14706452572969,1.7,6.0,4.3,252.94117647058823,111.68831168831169,-7.058691631419842,-7.015769035054446,0.04292259636539608,-0.6080814775126008,0.6099359312238339,0.7191846267462869,0.5199107823665652,-0.19927384437972173,-27.70830145261452,-32.16440685909645,573.6081057630362,47.88133512930236,-525.7267706337338,-91.65260486240712,-169.18284882809658,0.15686301139220424,2.136603129754314,1.9797401183621097,1262.082182913198,172.6417567579546
f0647c16-5b92-48b6-a06a-d05d86fe8145,scale_minus_10pct,2862752597,True,5.083877776610216,4.575489998949193,-0.5083877776610235,-10.000000000000037,-10.526315789473724,1.298087896850041,1.298087896850041,0.0,0.0,0.0,125.58398882359863,113.02558994123866,-12.558398882359967,-10.000000000000082,-10.526315789473776,1.7,1.7,0.0,0.0,0.0,-7.058691631419842,-6.967176650298492,0.09151498112135048,-1.296486458113519,1.304945680127816,0.7191846267462869,0.7191846267463005,1.354472090042691e-14,1.883344053349071e-12,1.883344053349054e-12,573.6081057630362,637.3423397368193,63.73423397378315,11.111111111130716,10.526315789491282,0.15686301139220424,0.1411767102529838,-0.015686301139220427,-10.000000000000002,-10.526315789473687
f0647c16-5b92-48b6-a06a-d05d86fe8145,scale_minus_5pct,2862752597,True,5.083877776610216,4.829683887779704,-0.2541938888305122,-5.0000000000000275,-5.128205128205157,1.298087896850041,1.298087896850041,0.0,0.0,0.0,125.58398882359863,119.30478938241865,-6.279199441179983,-5.000000000000041,-5.128205128205171,1.7,1.7,0.0,0.0,0.0,-7.058691631419842,-7.0141388419975375,0.044552789422304784,-0.6311763106917745,0.6331745345254031,0.7191846267462869,0.7191846267462987,1.176836406102666e-14,1.6363481119262425e-12,1.636348111926229e-12,573.6081057630362,603.7980060663501,30.189900303313948,5.263157894736189,5.128205128204509,0.15686301139220424,0.149019860822594,-0.007843150569610241,-5.000000000000019,-5.128205128205147
f0647c16-5b92-48b6-a06a-d05d86fe8145,scale_plus_5pct,2862752597,True,5.083877776610216,5.338071665440726,0.25419388883050953,4.999999999999974,4.878048780487781,1.298087896850041,1.298087896850041,0.0,0.0,0.0,125.58398882359863,131.8631882647785,6.27919944117987,4.999999999999951,4.878048780487758,1.7,1.7,0.0,0.0,0.0,-7.058691631419842,-7.101070229559718,-0.042378598139875656,0.6003746919788772,-0.5985778370561373,0.7191846267462869,0.7191846267462995,1.2545520178264269e-14,1.7444088362987302e-12,1.744408836298715e-12,573.6081057630362,546.2934340602162,-27.314671702819965,-4.761904761873075,-4.878048780454554,0.15686301139220424,0.16470616196181442,0.007843150569610186,4.999999999999983,4.878048780487789
f0647c16-5b92-48b6-a06a-d05d86fe8145,scale_plus_10pct,2862752597,True,5.083877776610216,5.592265554271236,0.50838777766102,9.999999999999968,9.523809523809495,1.298087896850041,1.298087896850041,0.0,0.0,0.0,125.58398882359863,138.1423877059584,12.558398882359782,9.999999999999936,9.523809523809465,1.7,1.7,0.0,0.0,0.0,-7.058691631419842,-7.141477001736292,-0.08278537031644984,1.1728146608353498,-1.16597728456764,0.7191846267462869,0.719184626746298,1.1102230246251565e-14,1.5437246338926814e-12,1.5437246338926697e-12,573.6081057630362,521.4619143299963,-52.14619143303992,-9.090909090915476,-9.523809523816531,0.15686301139220424,0.17254931253142466,0.015686301139220427,10.000000000000002,9.523809523809526
f0647c16-5b92-48b6-a06a-d05d86fe8145,combined_degradation,2862752597,True,5.083877776610216,0.4965097986162413,-4.587367977993975,-90.23364013783785,-164.41037172253453,1.298087896850041,0.0,-1.298087896850041,-100.0,-200.0,125.58398882359863,12.412744965406032,-113.1712438581926,-90.11598127939575,-164.02017750830257,1.7,0.0,-1.7,-100.0,-200.0,-7.058691631419842,-4.983615682115195,2.0750759493046473,-29.39745858946454,34.463095738677104,0.7191846267462869,1.0,0.2808153732537131,39.04635371923471,32.66843698866499,573.6081057630362,0.0,-573.6081057630362,-100.0,-200.0,0.15686301139220424,0.0,-0.15686301139220424,-100.0,-200.0
fd63adbe-d98c-4936-8f31-ea097117898e,frame_thinning_2x,3524549938,True,6.376542593133113,5.444365201542402,-0.9321773915907112,-14.618853053605749,-15.771671817127132,5.310151881618304,5.350153466025815,0.040001584407511004,0.7533039600238375,0.7504772725173614,46.85257225595758,32.962739427830165,-13.889832828127417,-29.645827666081324,-34.80493287592774,0.2692307692307692,0.7000000000000001,0.43076923076923085,160.00000000000003,88.8888888888889,-5.397867297530896,-4.550233901231288,0.8476333962996074,-15.70311661213557,17.041109240124662,0.8356092991410747,0.9107492192770492,0.07513992013597448,8.992231203411812,8.605325807215953,1449.66898207326,665.8165559226893,-783.8524261505706,-54.07113181310781,-74.10614840630234,0.12163820632274139,0.14410538625631056,0.02246717993356917,18.470495917999017,16.90891563218839
fd63adbe-d98c-4936-8f31-ea097117898e,frame_thinning_3x,3524549938,True,6.376542593133113,6.16907581726093,-0.20746677587218265,-3.253593508425761,-3.307398154247964,5.310151881618304,5.252110812584374,-0.058041069033929915,-1.0930208839194542,-1.0990271822303186,46.85257225595758,37.377620288982534,-9.474951966975048,-20.222906685278634,-22.497756874816094,0.2692307692307692,0.29411764705882354,0.02488687782805432,9.243697478991605,8.835341365461856,-5.397867297530896,-4.78112762238085,0.616739675150046,-11.425617584784947,12.117889438054526,0.8356092991410747,0.4322490387088768,-0.4033602604321979,-48.27139440008783,-63.62860082873624,1449.66898207326,60.95781551492276,-1388.7111665583373,-95.795052783171,-183.85893442053433,0.12163820632274139,0.1453599366121752,0.023721730289433807,19.50187445751476,17.769209949311303
fd63adbe-d98c-4936-8f31-ea097117898e,landmark_dropout_5pct,3524549938,True,6.376542593133113,6.376132874068184,-0.00040971906492881516,-0.0064254109330351035,-0.006425617369195582,5.310151881618304,5.31014942175379,-2.4598645138596e-06,-4.6323807090616396e-05,-4.632381782009439e-05,46.85257225595758,46.85047383286563,-0.0020984230919509628,-0.004478778839477988,-0.00447887913902355,0.2692307692307692,0.6499999999999998,0.3807692307692306,141.42857142857136,82.8451882845188,-5.397867297530896,-5.397835377679132,3.191985176353995e-05,-0.000591341913465357,0.0005913436618968197,0.8356092991410747,0.8389244373475101,0.003315138206435364,0.39673304376136126,0.3959476162465435,1449.66898207326,1444.3622120120851,-5.306770061174802,-0.3660677110981065,-0.3667389675702511,0.12163820632274139,0.12215922849220716,0.0005210221694657707,0.42833759656349096,0.42742219159216854
fd63adbe-d98c-4936-8f31-ea097117898e,landmark_dropout_10pct,3524549938,True,6.376542593133113,6.390535170536909,0.013992577403795892,0.2194383115838428,0.2191978095976379,5.310151881618304,5.310320253190919,0.00016837157261484492,0.0031707487162030584,0.003170698448762879,46.85257225595758,46.92815441804528,0.07558216208769863,0.16131913030257994,0.16118911586265391,0.2692307692307692,0.619047619047619,0.34981684981684974,129.9319727891156,78.76288659793812,-5.397867297530896,-5.547342254158072,-0.14947495662717625,2.769148413403001,-2.7313311073904583,0.8356092991410747,0.8044234074500561,-0.031185891691018597,-3.7321140062795695,-3.803081678272092,1449.66898207326,876.6632255355066,-573.0057565377533,-39.52666185340207,-49.262590670723256,0.12163820632274139,0.08569969639758228,-0.03593850992515911,-29.545412590024416,-34.666608906174055
fd63adbe-d98c-4936-8f31-ea097117898e,landmark_dropout_20pct,3524549938,True,6.376542593133113,6.383845288616098,0.007302695482985122,0.11452437392717146,0.11445883229662544,5.310151881618304,5.20011530601974,-0.11003657559856439,-2.072192623707592,-2.093887312931247,46.85257225595758,95.21070816174304,48.35813590578546,103.21340660146238,68.07971175042665,0.2692307692307692,0.09375,-0.17548076923076922,-65.17857142857143,-96.68874172185431,-5.397867297530896,-6.252337018817679,-0.8544697212867831,15.82976524223996,-14.668750831909742,0.8356092991410747,0.7455902703824346,-0.0900190287586401,-10.772861054941696,-11.386169145716009,1449.66898207326,11653.627062149146,10203.958080075885,703.8819348595416,155.74643273934245,0.12163820632274139,0.08108074927113727,-0.040557457051604115,-33.34269575136075,-40.01348263934012
fd63adbe-d98c-4936-8f31-ea097117898e,jitter_sigma_0p004,3524549938,True,6.376542593133113,6.044701439393603,-0.33184115373950984,-5.20409216895797,-5.34312268353377,5.310151881618304,6.024176458984126,0.714024577365822,13.44640592743683,12.599327563292931,46.85257225595758,46.57901467662028,-0.2735575793373002,-0.5838688596281194,-0.5855783644876008,0.2692307692307692,0.31999999999999995,0.05076923076923073,18.857142857142843,17.23237597911226,-5.397867297530896,-5.294132149751574,0.10373514777932158,-1.9217802524855019,1.9404256105846958,0.8356092991410747,0.7211367043399929,-0.11447259480108185,-13.699296419839818,-14.706650223621276,1449.66898207326,77.87943915265541,-1371.7895429206046,-94.62777778129217,-179.60668530817395,0.12163820632274139,0.30562945736440206,0.18399125104166067,151.2610688729482,86.12458497509135
fd63adbe-d98c-4936-8f31-ea097117898e,jitter_sigma_0p008,3524549938,True,6.376542593133113,5.936568760112387,-0.43997383302072635,-6.899880720541778,-7.146428232450893,5.310151881618304,6.90148364464273,1.5913317630244261,29.967725942698596,26.062549272819005,46.85257225595758,75.46331236905021,28.610740113092632,61.06546286677912,46.78172455001498,0.2692307692307692,0.31999999999999995,0.05076923076923073,18.857142857142843,17.23237597911226,-5.397867297530896,-6.304177489967624,-0.9063101924367283,16.790153267593197,-15.489774802519195,0.8356092991410747,0.4869287801873812,-0.3486805189536935,-41.72769729969536,-52.72899501400257,1449.66898207326,59.96482490571429,-1389.7041571675456,-95.86355053138028,-184.11142500161313,0.12163820632274139,2.1251766859027263,2.003538479579985,1647.1292533400376,178.34477477541392
fd63adbe-d98c-4936-8f31-ea097117898e,scale_minus_10pct,3524549938,True,6.376542593133113,5.738888333819802,-0.6376542593133108,-9.999999999999993,-10.526315789473676,5.310151881618304,5.310151881618304,0.0,0.0,0.0,46.85257225595758,42.167315030361834,-4.685257225595748,-9.999999999999979,-10.52631578947366,0.2692307692307692,0.2692307692307692,0.0,0.0,0.0,-5.397867297530896,-5.306352316409546,0.09151498112134959,-1.6953914588306123,1.709886090195062,0.8356092991410747,0.835609299141074,-7.771561172376096e-16,-9.300472338405647e-14,-9.300472338405651e-14,1449.66898207326,1610.743313382321,161.0743313090611,11.111111108875276,10.526315787467006,0.12163820632274139,0.10947438569046725,-0.012163820632274142,-10.000000000000002,-10.526315789473689
fd63adbe-d98c-4936-8f31-ea097117898e,scale_minus_5pct,3524549938,True,6.376542593133113,6.057715463476458,-0.31882712965665494,-4.999999999999989,-5.128205128205116,5.310151881618304,5.310151881618304,0.0,0.0,0.0,46.85257225595758,44.509943643159716,-2.342628612797867,-4.999999999999974,-5.128205128205101,0.2692307692307692,0.2692307692307692,0.0,0.0,0.0,-5.397867297530896,-5.353314508108592,0.044552789422303896,-0.8253776346573642,0.8287979912856449,0.8356092991410747,0.8356092991410734,-1.3322676295501878e-15,-1.5943666865838252e-13,-1.5943666865838265e-13,1449.66898207326,1525.967349567068,76.29836749380797,5.2631578958590275,5.128205129270504,0.12163820632274139,0.11555629600660432,-0.006081910316137071,-5.000000000000001,-5.12820512820513
fd63adbe-d98c-4936-8f31-ea097117898e,scale_plus_5pct,3524549938,True,6.376542593133113,6.695369722789768,0.31882712965665494,4.999999999999989,4.878048780487795,5.310151881618304,5.310151881618304,0.0,0.0,0.0,46.85257225595758,49.19520086875545,2.342628612797867,4.999999999999974,4.87804878048778,0.2692307692307692,0.2692307692307692,0.0,0.0,0.0,-5.397867297530896,-5.440245895670772,-0.042378598139876544,0.7850989252600088,-0.7820290743311117,0.8356092991410747,0.8356092991410748,1.1102230246251565e-16,1.3286389054865211e-14,1.328638905486521e-14,1449.66898207326,1380.6371257680744,-69.03185630518556,-4.761904763007268,-4.878048781644749,0.12163820632274139,0.12772011663887844,0.006081910316137057,4.99999999999999,4.878048780487795
fd63adbe-d98c-4936-8f31-ea097117898e,scale_plus_10pct,3524549938,True,6.376542593133113,7.014196852446426,0.6376542593133134,10.000000000000034,9.523809523809554,5.310151881618304,5.310151881618304,0.0,0.0,0.0,46.85257225595758,51.53782948155339,4.685257225595805,10.000000000000101,9.523809523809614,0.2692307692307692,0.2692307692307692,0.0,0.0,0.0,-5.397867297530896,-5.4806526678473455,-0.08278537031644984,1.5336681276754933,-1.5219969367142017,0.8356092991410747,0.8356092991410717,-2.9976021664879227e-15,-3.5873250448136073e-13,-3.5873250448136134e-13,1449.66898207326,1317.8808927920024,-131.7880892812575,-9.090909091038101,-9.523809523951112,0.12163820632274139,0.13380202695501553,0.012163820632274142,10.000000000000002,9.523809523809527
fd63adbe-d98c-4936-8f31-ea097117898e,combined_degradation,3524549938,True,6.376542593133113,31.00971465046095,24.633172057327837,386.30922161259076,131.77661458234687,5.310151881618304,41.46635279766966,36.156200916051354,680.8882631250184,154.59128963973598,46.85257225595758,373.98368122736167,327.1311089714041,698.2137654775346,155.46717102611535,0.2692307692307692,0.10344827586206896,-0.16578249336870027,-61.57635467980296,-88.96797153024912,-5.397867297530896,-6.682086135277581,-1.2842188377466854,23.791226552274,-21.26198325001517,0.8356092991410747,0.2353591477185338,-0.6002501514225409,-71.83382856551978,-112.09483401357886,1449.66898207326,63.150829186340644,-1386.5181528869193,-95.64377592627906,-183.30248487855005,0.12163820632274139,0.06517017537129695,-0.05646803095144444,-46.42293951755454,-60.45556461586382
