session_id,scenario,session_seed,processed,max_speed_baseline,max_speed_scenario,max_speed_delta,max_speed_pct_change,max_speed_symmetric_pct_change,max_ang_vel_baseline,max_ang_vel_scenario,max_ang_vel_delta,max_ang_vel_pct_change,max_ang_vel_symmetric_pct_change,max_accel_baseline,max_accel_scenario,max_accel_delta,max_accel_pct_change,max_accel_symmetric_pct_change,swing_tempo_baseline,swing_tempo_scenario,swing_tempo_delta,swing_tempo_pct_change,swing_tempo_symmetric_pct_change,smoothness_index_baseline,smoothness_index_scenario,smoothness_index_delta,smoothness_index_pct_change,smoothness_index_symmetric_pct_change,path_efficiency_baseline,path_efficiency_scenario,path_efficiency_delta,path_efficiency_pct_change,path_efficiency_symmetric_pct_change,curvature_rms_baseline,curvature_rms_scenario,curvature_rms_delta,curvature_rms_pct_change,curvature_rms_symmetric_pct_change,backswing_peak_speed_baseline,backswing_peak_speed_scenario,backswing_peak_speed_delta,backswing_peak_speed_pct_change,backswing_peak_speed_symmetric_pct_change
052f8a05-916d-4300-badf-aa80d38d1c6d,frame_thinning_2x,1747554356,True,59.63826723025004,47.351327518964915,-12.286939711285122,-20.60244249526565,-22.968476028133157,117.92001963503915,69.59382628798816,-48.32619334705099,-40.98217885022399,-51.54413329764293,2272.1533287073953,1007.279124759718,-1264.8742039476774,-55.668523244742964,-77.13982354540737,0.5416666666666667,0.11764705882352941,-0.4240196078431373,-78.28054298642535,-128.62453531598513,-9.10024051441032,-8.285901199525858,0.814339314884462,-8.94854716856052,9.367682931420186,0.01473491769455176,0.016825141963006978,0.002090224268455218,14.18551709473124,13.246009615540144,16.866262090103866,10.321889316954653,-6.544372773149213,-38.80155981323845,-48.14135889687726,45.443066574147906,35.29071456911237,-10.152352005035539,-22.340816257349825,-25.150195770022016
052f8a05-916d-4300-badf-aa80d38d1c6d,frame_thinning_3x,1747554356,True,59.63826723025004,0.0,-59.63826723025004,-100.0,-200.0,117.92001963503915,0.0,-117.92001963503915,-100.0,-200.0,2272.1533287073953,0.0,-2272.1533287073953,-100.0,-200.0,0.5416666666666667,0.0,-0.5416666666666667,-100.0,-200.0,-9.10024051441032,0.0,9.10024051441032,-100.0,200.0,0.01473491769455176,0.0,-0.01473491769455176,-100.0,-200.0,16.866262090103866,0.0,-16.866262090103866,-100.0,-200.0,45.443066574147906,0.0,-45.443066574147906,-100.0,-200.0
052f8a05-916d-4300-badf-aa80d38d1c6d,landmark_dropout_5pct,1747554356,True,59.63826723025004,59.75455534403317,0.11628811378313486,0.19498908869060935,0.19479917012730533,117.92001963503915,117.92001963503915,0.0,0.0,0.0,2272.1533287073953,2272.1533287073953,0.0,0.0,0.0,0.5416666666666667,0.13846153846153844,-0.4032051282051283,-74.43786982248521,-118.56738925541944,-9.10024051441032,-9.10173661895345,-0.0014961045431292064,0.016440274746146656,-0.0164389234440569,0.01473491769455176,0.014927358841597922,0.0001924411470461615,1.306021187463549,1.2975480611653778,16.866262090103866,16.82704938844483,-0.03921270165903579,-0.23249195019946653,-0.23276252726895716,45.443066574147906,45.443066574147906,0.0,0.0,0.0
052f8a05-916d-4300-badf-aa80d38d1c6d,landmark_dropout_10pct,1747554356,True,59.63826723025004,58.81315700022273,-0.8251102300273061,-1.3835248211383133,-1.393162193511285,117.92001963503915,118.30769757066436,0.3876779356252058,0.3287634591862041,0.3282239190311624,2272.1533287073953,2272.1533287073953,0.0,0.0,0.0,0.5416666666666667,0.13846153846153844,-0.4032051282051283,-74.43786982248521,-118.56738925541944,-9.10024051441032,-9.193531285865392,-0.09329077145507192,1.0251462179196809,-1.019918390516557,0.01473491769455176,0.021748751889819274,0.007013834195267514,47.60009075490718,38.44917068469515,16.866262090103866,17.63975627419284,0.7734941840889746,4.586043902061831,4.483242174874092,45.443066574147906,45.443066574147906,0.0,0.0,0.0
052f8a05-916d-4300-badf-aa80d38d1c6d,landmark_dropout_20pct,1747554356,True,59.63826723025004,58.46448742554601,-1.1737798047040258,-1.968165507177336,-1.9877263796681832,117.92001963503915,118.30769757066436,0.3876779356252058,0.3287634591862041,0.3282239190311624,2272.1533287073953,2272.2008850435977,0.04755633620243316,0.002093007351290305,0.00209298544812066,0.5416666666666667,0.04225352112676056,-0.4994131455399062,-92.19934994582883,-171.05527638190955,-9.10024051441032,-9.561189472619121,-0.46094895820880133,5.065239292070184,-4.940124722801866,0.01473491769455176,0.013526781449027121,-0.001208136245524639,-8.199138064892944,-8.54963630733526,16.866262090103866,8.305610102745334,-8.560651987358533,-50.75607115331987,-68.01760251897699,45.443066574147906,45.44401770087196,0.0009511267240540633,0.0020930073513021888,0.0020929854481325427
052f8a05-916d-4300-badf-aa80d38d1c6d,jitter_sigma_0p004,1747554356,True,59.63826723025004,59.61502062777182,-0.02324660247821697,-0.03897933920257446,-0.0389869376279058,117.92001963503915,107.1992012906445,-10.720818344394658,-9.091601559748247,-9.524569515042712,2272.1533287073953,2201.835014448751,-70.31831425864448,-3.0947873706501947,-3.1434285860941187,0.5416666666666667,1.4333333333333333,0.8916666666666666,164.61538461538458,90.29535864978902,-9.10024051441032,-9.063340099101485,0.03690041530883548,-0.4054883522078709,0.40631212638091224,0.01473491769455176,0.025872451067461374,0.011137533372909614,75.58598971358843,54.8547404693131,16.866262090103866,17.731885325062596,0.8656232349587292,5.132276673600526,5.003870436018051,45.443066574147906,44.03670028897502,-1.4063662851728864,-3.094787370650188,-3.143428586094112
052f8a05-916d-4300-badf-aa80d38d1c6d,jitter_sigma_0p008,1747554356,True,59.63826723025004,59.82949571518111,0.1912284849310737,0.32064728539610854,0.32013403484992087,117.92001963503915,109.20881636705445,-8.7112032679847,-7.387382816714036,-7.670715371344925,2272.1533287073953,2107.0161924531853,-165.13713625420996,-7.267869389261454,-7.541938509402343,0.5416666666666667,0.12307692307692307,-0.41858974358974366,-77.27810650887574,-125.94021215043395,-9.10024051441032,-9.055585007753832,0.04465550665648799,-0.4907068839090083,0.49191381137667056,0.01473491769455176,0.03549097085598772,0.020756053161435962,140.8630410545864,82.65081518886545,16.866262090103866,11.91578727116178,-4.950474818942087,-29.35134526248549,-34.3997382313182,45.443066574147906,42.140323849063705,-3.302742725084201,-7.267869389261458,-7.541938509402345
052f8a05-916d-4300-badf-aa80d38d1c6d,scale_minus_10pct,1747554356,True,59.63826723025004,53.674440507225036,-5.963826723025001,-9.999999999999995,-10.526315789473678,117.92001963503915,117.92001963503915,0.0,0.0,0.0,2272.1533287073953,2044.9379958366555,-227.21533287073976,-10.00000000000001,-10.526315789473696,0.5416666666666667,0.5416666666666667,0.0,0.0,0.0,-9.10024051441032,-9.008725533288969,0.09151498112135137,-1.0056325541774034,1.0107145916591762,0.01473491769455176,0.014734917694551704,-5.551115123125783e-17,-3.7673200748032064e-13,-3.7673200748032135e-13,16.866262090103866,18.740291211227124,1.8740291211232574,11.1111111111147,10.526315789476907,45.443066574147906,40.89875991673311,-4.5443066574147934,-10.000000000000005,-10.52631578947369
052f8a05-916d-4300-badf-aa80d38d1c6d,scale_minus_5pct,1747554356,True,59.63826723025004,56.65635386873757,-2.9819133615124684,-4.999999999999944,-5.128205128205069,117.92001963503915,117.92001963503915,0.0,0.0,0.0,2272.1533287073953,2158.5456622720253,-113.60766643536999,-5.00000000000001,-5.128205128205138,0.5416666666666667,0.5416666666666667,0.0,0.0,0.0,-9.10024051441032,-9.055687724988015,0.044552789422304784,-0.4895781529263431,0.490779527599424,0.01473491769455176,0.014734917694551758,-1.734723475976807e-18,-1.177287523376002e-14,-1.177287523376002e-14,16.866262090103866,17.753960094846786,0.8876980047429193,5.263157894740462,5.128205128208565,45.443066574147906,43.17091324544051,-2.2721533287073967,-5.000000000000003,-5.128205128205131
052f8a05-916d-4300-badf-aa80d38d1c6d,scale_plus_5pct,1747554356,True,59.63826723025004,62.62018059176252,2.9819133615124827,4.999999999999968,4.878048780487775,117.92001963503915,117.92001963503915,0.0,0.0,0.0,2272.1533287073953,2385.760995142765,113.60766643536954,4.99999999999999,4.878048780487795,0.5416666666666667,0.5416666666666667,0.0,0.0,0.0,-9.10024051441032,-9.142619112550197,-0.042378598139876544,0.4656865724897009,-0.46460477147175566,0.01473491769455176,0.014734917694551743,-1.734723475976807e-17,-1.177287523376002e-13,-1.1772875233760027e-13,16.866262090103866,16.063106752480852,-0.8031553376230143,-4.761904761898955,-4.878048780481711,45.443066574147906,47.715219902855296,2.2721533287073896,4.999999999999988,4.878048780487793
052f8a05-916d-4300-badf-aa80d38d1c6d,scale_plus_10pct,1747554356,True,59.63826723025004,65.60209395327502,5.9638267230249795,9.99999999999996,9.523809523809486,117.92001963503915,117.92001963503915,0.0,0.0,0.0,2272.1533287073953,2499.368661578135,227.21533287073953,10.0,9.523809523809524,0.5416666666666667,0.5416666666666667,0.0,0.0,0.0,-9.10024051441032,-9.183025884726769,-0.08278537031644895,0.9097053004847234,-0.9055862175738592,0.01473491769455176,0.014734917694551652,-1.0755285551056204e-16,-7.299182644931212e-13,-7.299182644931239e-13,16.866262090103866,15.332965536458714,-1.5332965536451528,-9.090909090905217,-9.523809523805273,45.443066574147906,49.9873732315627,4.5443066574147934,10.000000000000005,9.523809523809529
052f8a05-916d-4300-badf-aa80d38d1c6d,combined_degradation,1747554356,True,59.63826723025004,14.709577008684887,-44.92869022156515,-75.33533804412107,-120.86077459670746,117.92001963503915,69.56860818670249,-48.35141144833666,-41.00356461776688,-51.57796716535542,2272.1533287073953,171.12281104833434,-2101.030517659061,-92.46869439283464,-171.9846957511004,0.5416666666666667,0.125,-0.41666666666666674,-76.92307692307693,-125.0,-9.10024051441032,-6.575920546140257,2.5243199682700634,-27.739046723795685,32.20584374605047,0.01473491769455176,0.9285760333270655,0.9138411156325138,6201.874585091214,193.75183011345575,16.866262090103866,14.981603855729707,-1.8846582343741591,-11.174131080768431,-11.835381608171552,45.443066574147906,0.0,-45.443066574147906,-100.0,-200.0
0de5883a-0f0b-4e36-aa9d-2115230940b7,frame_thinning_2x,1603145021,True,4.176600361876319,14.718848535475724,10.542248173599404,252.41218359860858,111.58505130911992,0.024907393534689973,0.0,-0.024907393534689973,-100.0,-200.0,60.63794605716876,173.561429981376,112.92348392420723,186.22577324394246,96.43363345735146,0.05882352941176471,0.09999999999999999,0.04117647058823528,69.99999999999997,51.85185185185184,-6.557658985301804,-6.211307787746425,0.3463511975553786,-5.281628677729091,5.424889949379938,0.9030372316220044,0.9645291086544945,0.06149187703249004,6.809450915112375,6.585241520618322,1083.252313714702,98.56476975105804,-984.687543963644,-90.90103307390514,-166.63958538761005,0.007299056284006101,0.034196846393932175,0.026897790109926073,368.51051784413926,129.6407036554313
0de5883a-0f0b-4e36-aa9d-2115230940b7,frame_thinning_3x,1603145021,True,4.176600361876319,12.030963900330836,7.854363538454517,188.0563821750468,96.92219523410245,0.024907393534689973,0.0,-0.024907393534689973,-100.0,-200.0,60.63794605716876,146.24638446657994,85.60843840941118,141.17964735926333,82.75971234040269,0.05882352941176471,0.14285714285714285,0.08403361344537813,142.8571428571428,83.33333333333331,-6.557658985301804,-6.069009350980483,0.48864963432132047,-7.451586540510406,7.7399615053989015,0.9030372316220044,0.9757091072172882,0.07267187559528376,8.047494948215263,7.736209417199039,1083.252313714702,15.058816357528444,-1068.1934973571736,-98.60985144763839,-194.51564645200742,0.007299056284006101,0.11099731659529306,0.10369826031128697,1420.7077775042444,175.31942491101225
0de5883a-0f0b-4e36-aa9d-2115230940b7,landmark_dropout_5pct,1603145021,True,4.176600361876319,4.176600361876319,0.0,0.0,0.0,0.024907393534689973,0.024907393534689973,0.0,0.0,0.0,60.63794605716876,60.63794605716876,0.0,0.0,0.0,0.05882352941176471,0.05882352941176471,0.0,0.0,0.0,-6.557658985301804,-6.557658985301804,0.0,-0.0,0.0,0.9030372316220044,0.9030372316220044,0.0,0.0,0.0,1083.252313714702,1083.252313714702,0.0,0.0,0.0,0.007299056284006101,0.007299056284006101,0.0,0.0,0.0
0de5883a-0f0b-4e36-aa9d-2115230940b7,landmark_dropout_10pct,1603145021,True,4.176600361876319,4.176600361876319,0.0,0.0,0.0,0.024907393534689973,0.024907393534689973,0.0,0.0,0.0,60.63794605716876,60.63794605716876,0.0,0.0,0.0,0.05882352941176471,0.05882352941176471,0.0,0.0,0.0,-6.557658985301804,-6.557658985301804,0.0,-0.0,0.0,0.9030372316220044,0.9030372316220044,0.0,0.0,0.0,1083.252313714702,1083.252313714702,0.0,0.0,0.0,0.007299056284006101,0.007299056284006101,0.0,0.0,0.0
0de5883a-0f0b-4e36-aa9d-2115230940b7,landmark_dropout_20pct,1603145021,True,4.176600361876319,7.837922915357167,3.661322553480848,87.66274568429179,60.94827849588918,0.024907393534689973,0.025029946255777938,0.0001225527210879651,0.4920335036955144,0.4908259895388264,60.63794605716876,296.9065234943639,236.26857743719515,389.63816026097555,132.1617854884157,0.05882352941176471,17.999999999999982,17.941176470588218,30499.999999999967,198.69706840390882,-6.557658985301804,-7.416698587236824,-0.8590396019350202,13.099790700621261,-12.29451296742458,0.9030372316220044,0.9082645577767009,0.0052273261546964545,0.5788605354961179,0.577189973011815,1083.252313714702,1116.4208625532738,33.16854883857172,3.0619411949215904,3.0157706332398315,0.007299056284006101,4.1931103299282775,4.185811273644271,57347.294099051396,199.30491953398968
0de5883a-0f0b-4e36-aa9d-2115230940b7,jitter_sigma_0p004,1603145021,True,4.176600361876319,8.511759291845609,4.33515892996929,103.79635479468617,68.33285071167792,0.024907393534689973,0.9991772197922855,0.9742698262575955,3911.5687673247435,190.27135328055655,60.63794605716876,300.19561561244376,239.557669555275,395.06230855745474,132.78014852433236,0.05882352941176471,0.26666666666666666,0.20784313725490194,353.33333333333326,127.71084337349396,-6.557658985301804,-7.284813631671221,-0.7271546463694172,11.088631598551343,-10.506138122719673,0.9030372316220044,0.8729925435110361,-0.030044688110968387,-3.3270708071474697,-3.3833541004364944,1083.252313714702,105.2375280994618,-978.0147856152403,-90.28504008095953,-164.5810929477285,0.007299056284006101,0.4102953620430045,0.40299630575899836,5521.211100153527,193.00847332850088
0de5883a-0f0b-4e36-aa9d-2115230940b7,jitter_sigma_0p008,1603145021,True,4.176600361876319,2.968284682320242,-1.208315679556077,-28.930603238592994,-33.82323640147388,0.024907393534689973,1.849570847627067,1.824663454092377,7325.7904386946875,194.6849436845417,60.63794605716876,104.77568724313598,44.137741185967215,72.78897795178395,53.366509525652134,0.05882352941176471,0.0,-0.05882352941176471,-100.0,-200.0,-6.557658985301804,-6.723352170229536,-0.16569318492773188,2.5267124334936146,-2.4951893042981625,0.9030372316220044,0.6587530467641253,-0.24428418485787917,-27.051396808867374,-31.282584894856605,1083.252313714702,209.15776033733025,-874.0945533773718,-80.69168579755127,-135.26582172744358,0.007299056284006101,2.968284682320242,2.9609856260362357,40566.691238214335,199.01880680562803
0de5883a-0f0b-4e36-aa9d-2115230940b7,scale_minus_10pct,1603145021,True,4.176600361876319,3.7589403256886875,-0.41766003618763126,-9.999999999999986,-10.526315789473667,0.024907393534689973,0.024907393534689973,0.0,0.0,0.0,60.63794605716876,54.574151451451876,-6.063794605716886,-10.000000000000016,-10.526315789473701,0.05882352941176471,0.05882352941176471,0.0,0.0,0.0,-6.557658985301804,-6.466144004180453,0.09151498112135048,-1.395543460348734,1.4053495925154276,0.9030372316220044,0.9030372316220083,3.885780586188048e-15,4.3030126002762285e-13,4.3030126002762194e-13,1083.252313714702,1203.6136819060007,120.36136819129865,11.111111111182765,10.526315789537993,0.007299056284006101,0.006569150655605491,-0.0007299056284006096,-9.999999999999993,-10.526315789473678
0de5883a-0f0b-4e36-aa9d-2115230940b7,scale_minus_5pct,1603145021,True,4.176600361876319,3.967770343782504,-0.20883001809381474,-4.999999999999972,-5.128205128205098,0.024907393534689973,0.024907393534689973,0.0,0.0,0.0,60.63794605716876,57.60604875431033,-3.0318973028584324,-4.99999999999999,-5.128205128205118,0.05882352941176471,0.05882352941176471,0.0,0.0,0.0,-6.557658985301804,-6.5131061958795,0.044552789422303896,-0.6794008276759064,0.6817166218615722,0.9030372316220044,0.9030372316220042,-2.220446049250313e-16,-2.4588643430149876e-14,-2.458864343014988e-14,1083.252313714702,1140.265593384029,57.01327966932695,5.263157894749037,5.128205128216706,0.007299056284006101,0.0069341034698057954,-0.00036495281420030525,-5.000000000000003,-5.128205128205131
0de5883a-0f0b-4e36-aa9d-2115230940b7,scale_plus_5pct,1603145021,True,4.176600361876319,4.385430379970136,0.20883001809381696,5.000000000000025,4.878048780487828,0.024907393534689973,0.024907393534689973,0.0,0.0,0.0,60.63794605716876,63.66984336002722,3.031897302858461,5.000000000000037,4.87804878048784,0.05882352941176471,0.05882352941176471,0.0,0.0,0.0,-6.557658985301804,-6.60003758344168,-0.042378598139876544,0.6462458361263224,-0.6441643933414336,0.9030372316220044,0.9030372316220059,1.4432899320127035e-15,1.598261822959742e-13,1.5982618229597405e-13,1083.252313714702,1031.6688702054132,-51.58344350928883,-4.761904761818441,-4.878048780397221,0.007299056284006101,0.007664009098206406,0.00036495281420030525,5.000000000000003,4.878048780487808
0de5883a-0f0b-4e36-aa9d-2115230940b7,scale_plus_10pct,1603145021,True,4.176600361876319,4.594260398063952,0.41766003618763303,10.000000000000028,9.52380952380955,0.024907393534689973,0.024907393534689973,0.0,0.0,0.0,60.63794605716876,66.70174066288564,6.063794605716879,10.000000000000005,9.523809523809527,0.05882352941176471,0.05882352941176471,0.0,0.0,0.0,-6.557658985301804,-6.6404443556182535,-0.08278537031644984,1.2624226191389822,-1.2545040477108245,0.9030372316220044,0.9030372316220069,2.4424906541753444e-15,2.704750777316486e-13,2.7047507773164827e-13,1083.252313714702,984.7748306503845,-98.47748306431754,-9.09090909084859,-9.523809523743124,0.007299056284006101,0.008028961912406712,0.0007299056284006114,10.000000000000018,9.523809523809541
0de5883a-0f0b-4e36-aa9d-2115230940b7,combined_degradation,1603145021,True,4.176600361876319,15.130264135023006,10.953663773146687,262.26267356414735,113.46911120555946,0.024907393534689973,0.9019359874192251,0.8770285938845351,3521.1576541039776,189.25065699490457,60.63794605716876,182.10040970764976,121.462463650481,200.3076811605188,100.07686116829606,0.05882352941176471,1.2,1.1411764705882352,1939.9999999999998,181.30841121495325,-6.557658985301804,-6.254424384650019,0.303234600651785,-4.6241288443246065,4.733572080290409,0.9030372316220044,0.9483033245952016,0.04526609297319717,5.0126496879748546,4.890088192708115,1083.252313714702,76.70967299375046,-1006.5426407209516,-92.91857750751561,-173.54752177304553,0.007299056284006101,0.5988358584667388,0.5915368021827327,8104.29155723768,195.18321343557145
0f116f84-9ff5-4346-abf4-aa3ffef93b6a,frame_thinning_2x,2744893009,True,16.94572619562514,10.602115588090157,-6.343610607534984,-37.434870210358454,-46.05522753717107,21.387954932386968,46.27638030872727,24.8884253763403,116.36655049545061,73.56438303177946,320.2871430747377,85.03360334626684,-235.25353972847086,-73.4508221185686,-116.08265395036761,0.19047619047619047,0.2556390977443609,0.06516290726817042,34.21052631578947,29.213483146067414,-6.285842455256705,-5.219753397216882,1.0660890580398226,-16.960161913512117,18.53166184019273,0.08929536091495978,0.09914679296673774,0.009851432051777964,11.032411931410358,10.455656389878259,367.8880737997657,335.3248135954446,-32.563260204321125,-8.851404142566652,-9.261280840554434,0.12527457415916568,0.09225151888959042,-0.03302305526957526,-26.36054082899402,-30.36238531822801
0f116f84-9ff5-4346-abf4-aa3ffef93b6a,frame_thinning_3x,2744893009,True,16.94572619562514,11.09485525052482,-5.850870945100322,-34.52711838699975,-41.73145236903538,21.387954932386968,30.807585804481914,9.419630872094945,44.04175575398822,36.09362309160364,320.2871430747377,103.06271626231137,-217.22442681242632,-67.82177540037499,-102.62170732858733,0.19047619047619047,0.5135135135135135,0.323037323037323,169.5945945945946,91.77330895795247,-6.285842455256705,-4.809102082316177,1.4767403729405277,-23.493117803255853,26.62005867518429,0.08929536091495978,0.09117284329961027,0.0018774823846504918,2.10255310624536,2.0806794114471647,367.8880737997657,263.1232115145457,-104.76486228522003,-28.477373893409087,-33.20538466535852,0.12527457415916568,0.3900790826556227,0.264804508496457,211.3792924652162,102.76613156608468
0f116f84-9ff5-4346-abf4-aa3ffef93b6a,landmark_dropout_5pct,2744893009,True,16.94572619562514,17.243781937229407,0.29805574160426573,1.758884441796389,1.7435509188729617,21.387954932386968,22.158298459649398,0.7703435272624297,3.6017633742809503,3.538047327870959,320.2871430747377,332.42457125822335,12.137428183485667,3.789545864054071,3.719077784865411,0.19047619047619047,0.06885245901639343,-0.12162373145979703,-63.852459016393446,-93.79891631547262,-6.285842455256705,-6.500146263827491,-0.21430380857078646,3.4093092548250095,-3.352166395249817,0.08929536091495978,0.09107326742921014,0.0017779065142503603,1.9910401795044483,1.971414353562475,367.8880737997657,362.6734453796817,-5.214628420084011,-1.4174497058913171,-1.4275672296402857,0.12527457415916568,0.07065218698773616,-0.05462238717142952,-43.602133583810776,-55.75796471261501
0f116f84-9ff5-4346-abf4-aa3ffef93b6a,landmark_dropout_10pct,2744893009,True,16.94572619562514,40.441697605181666,23.495971409556525,138.65426089335995,81.8854370989422,21.387954932386968,22.159701258848497,0.7717463264615283,3.608322202385522,3.54437595021177,320.2871430747377,1182.7853927383233,862.4982496635855,269.2890639891608,114.76468754676992,0.19047619047619047,0.06885245901639343,-0.12162373145979703,-63.852459016393446,-93.79891631547262,-6.285842455256705,-7.787746718016102,-1.501904262759397,23.893444251110513,-21.343585410488856,0.08929536091495978,0.04821398405314448,-0.041081376861815296,-46.00617147506581,-59.75066912193386,367.8880737997657,291.85622776601326,-76.03184603375246,-20.667113573008923,-23.04888298490951,0.12527457415916568,18.69816785824025,18.572893284081083,14825.748487864408,197.33790299815635
0f116f84-9ff5-4346-abf4-aa3ffef93b6a,landmark_dropout_20pct,2744893009,True,16.94572619562514,59.21820854799294,42.272482352367795,249.45807494093248,111.00393511618013,21.387954932386968,4.723187523941644,-16.664767408445325,-77.91660054047757,-127.64487372636007,320.2871430747377,1775.9715527804701,1455.6844097057324,454.4935509216036,138.8840425643991,0.19047619047619047,0.04907975460122699,-0.14139643587496348,-74.23312883435584,-118.04878048780489,-6.285842455256705,-8.793635838801475,-2.5077933835447697,39.89589941834384,-33.261009892270934,0.08929536091495978,0.08436047154850132,-0.004934889366458459,-5.526478997221579,-5.683528501695222,367.8880737997657,379.89790982849235,12.009836028726625,3.26453529865264,3.2121051455002925,0.12527457415916568,59.21820854799294,59.09293397383377,47170.732265873965,199.1555967559147
0f116f84-9ff5-4346-abf4-aa3ffef93b6a,jitter_sigma_0p004,2744893009,True,16.94572619562514,16.92956634450491,-0.016159851120232105,-0.09536239954357385,-0.09540789117076104,21.387954932386968,91.68747709355415,70.29952216116718,328.6874429247804,124.34093047734623,320.2871430747377,313.78056767908157,-6.506575395656114,-2.0314819175048284,-2.0523282562112146,0.19047619047619047,0.17328519855595667,-0.017190991920233795,-9.025270758122742,-9.451795841209828,-6.285842455256705,-6.334894293497898,-0.0490518382411933,0.7803542419389208,-0.7773213120229875,0.08929536091495978,0.0706946712931578,-0.018600689621801975,-20.830521800025306,-23.25231061595875,367.8880737997657,83.64248437176542,-284.2455894280003,-77.26414898209221,-125.90314621409024,0.12527457415916568,0.8569296673290644,0.7316550931698987,584.0411736225944,148.98227115397083
0f116f84-9ff5-4346-abf4-aa3ffef93b6a,jitter_sigma_0p008,2744893009,True,16.94572619562514,16.913685353943723,-0.032040841681418186,-0.18907918912138527,-0.1892581129740642,21.387954932386968,93.07927226264209,71.69131733025512,335.19482136974057,125.26086127360729,320.2871430747377,307.5216189999868,-12.765524074750886,-3.985649861621858,-4.066691911901503,0.19047619047619047,2.316326530612244,2.1258503401360533,1116.0714285714282,169.60651289009493,-6.285842455256705,-6.457612627504062,-0.17177017224735724,2.7326515653237506,-2.6958179101635693,0.08929536091495978,0.05381247479941526,-0.03548288611554452,-39.736539224402215,-49.58901927126314,367.8880737997657,49.77166226437611,-318.1164115353896,-86.47097696038229,-152.33281260635334,0.12527457415916568,3.466263372346929,3.3409887981877633,2666.932871743728,186.0478072597245
0f116f84-9ff5-4346-abf4-aa3ffef93b6a,scale_minus_10pct,2744893009,True,16.94572619562514,15.251153576062626,-1.694572619562516,-10.00000000000001,-10.526315789473696,21.387954932386968,21.387954932386968,0.0,0.0,0.0,320.2871430747377,288.2584287672639,-32.02871430747376,-9.999999999999998,-10.526315789473681,0.19047619047619047,0.19047619047619047,0.0,0.0,0.0,-6.285842455256705,-6.194327474135355,0.09151498112134959,-1.455890467709984,1.4665662669515833,0.08929536091495978,0.08929536091496001,2.3592239273284576e-16,2.6420453460905533e-13,2.6420453460905497e-13,367.8880737997657,408.7645264419465,40.876452642180766,11.111111110502868,10.526315788927784,0.12527457415916568,0.11274711674324911,-0.01252745741591657,-10.000000000000002,-10.526315789473685
0f116f84-9ff5-4346-abf4-aa3ffef93b6a,scale_minus_5pct,2744893009,True,16.94572619562514,16.098439885843867,-0.8472863097812748,-5.000000000000105,-5.128205128205239,21.387954932386968,21.387954932386968,0.0,0.0,0.0,320.2871430747377,304.2727859210005,-16.014357153737194,-5.000000000000097,-5.128205128205231,0.19047619047619047,0.19047619047619047,0.0,0.0,0.0,-6.285842455256705,-6.2412896658344,0.044552789422304784,-0.7087799247187037,0.7113007030123709,0.08929536091495978,0.08929536091496043,6.522560269672795e-16,7.304478309779766e-13,7.304478309779738e-13,367.8880737997657,387.2506039944966,19.36253019473088,5.263157893307932,5.128205126848556,0.12527457415916568,0.11901084545120741,-0.0062637287079582715,-4.99999999999999,-5.128205128205118
0f116f84-9ff5-4346-abf4-aa3ffef93b6a,scale_plus_5pct,2744893009,True,16.94572619562514,17.793012505406402,0.8472863097812606,5.000000000000021,4.878048780487825,21.387954932386968,21.387954932386968,0.0,0.0,0.0,320.2871430747377,336.3015002284747,16.014357153737024,5.0000000000000435,4.8780487804878465,0.19047619047619047,0.19047619047619047,0.0,0.0,0.0,-6.285842455256705,-6.3282210533965815,-0.042378598139876544,0.6741912232374883,-0.6719261895392344,0.08929536091495978,0.08929536091495978,0.0,0.0,0.0,367.8880737997657,350.36959409253546,-17.518479707230256,-4.761904762578746,-4.878048781195067,0.12527457415916568,0.13153830286712395,0.0062637287079582715,4.99999999999999,4.878048780487795
0f116f84-9ff5-4346-abf4-aa3ffef93b6a,scale_plus_10pct,2744893009,True,16.94572619562514,18.64029881518765,1.694572619562507,9.999999999999957,9.523809523809486,21.387954932386968,21.387954932386968,0.0,0.0,0.0,320.2871430747377,352.31585738221133,32.02871430747365,9.999999999999963,9.523809523809488,0.19047619047619047,0.19047619047619047,0.0,0.0,0.0,-6.285842455256705,-6.368627825573155,-0.08278537031644984,1.3170131276073955,-1.3083972458627626,0.08929536091495978,0.08929536091496006,2.7755575615628914e-16,3.1082886424594745e-13,3.1082886424594694e-13,367.8880737997657,334.44370345180727,-33.444370347958454,-9.090909091595497,-9.52380952456286,0.12527457415916568,0.13780203157508228,0.012527457415916599,10.000000000000025,9.523809523809545
0f116f84-9ff5-4346-abf4-aa3ffef93b6a,combined_degradation,2744893009,True,16.94572619562514,10.704650974227581,-6.24107522139756,-36.82978911230615,-45.14278545322861,21.387954932386968,41.014551161231104,19.626596228844136,91.76471659347068,62.903230839478596,320.2871430747377,79.5512932488959,-240.7358498258418,-75.16250809033164,-120.41656226915993,0.19047619047619047,0.09868421052631579,-0.09179197994987467,-48.19078947368421,-63.48862405200432,-6.285842455256705,-5.428107539943418,0.8577349153132872,-13.64550450347325,14.644674352626575,0.08929536091495978,0.06572681886297603,-0.02356854205198375,-26.393915440276,-30.40667094959562,367.8880737997657,54.25485096572838,-313.6332228340373,-85.25234851857192,-148.59101239622322,0.12527457415916568,0.47469172127707543,0.3494171471179097,278.92104161053715,116.4789254915879
15f312b0-d99c-4535-8c57-5b099a1428be,frame_thinning_2x,274161411,True,6.8878906285666215,4.910736354303608,-1.9771542742630137,-28.70478613674593,-33.51498911074203,10.113791914292,36.62432086917459,26.510528954882588,262.12254690963175,113.44287296195911,38.35053949831066,17.3813989314113,-20.96914056689936,-54.677563448157095,-75.249995452218,0.08176100628930816,0.6074766355140186,0.5257156292247105,642.9906542056076,152.54988913525497,-4.574190682654739,-3.175591240668749,1.3985994419859895,-30.57588847988907,36.09390446915186,0.21099715431787935,0.12076793373927815,-0.09022922057860121,-42.76324051397665,-54.393439108973546,2587.7668173147244,2003.9583849845974,-583.8084323301271,-22.56031835727509,-25.428718253338985,0.006473106823908176,0.5334357146381309,0.5269626078142227,8140.798879881082,195.20429630589888
15f312b0-d99c-4535-8c57-5b099a1428be,frame_thinning_3x,274161411,True,6.8878906285666215,4.432135060569912,-2.455755567996709,-35.65323116211784,-43.387809099292404,10.113791914292,23.257140500558975,13.143348586266976,129.95470638162774,78.77123972968658,38.35053949831066,14.838694082346365,-23.511845415964295,-61.307730539227464,-88.40828804314522,0.08176100628930816,0.11538461538461539,0.03362360909530723,41.12426035502963,34.11042944785279,-4.574190682654739,-2.5675328568600055,2.006657825794733,-43.869133689680865,56.19533757340259,0.21099715431787935,0.13106462223502607,-0.07993253208285328,-37.88322754459064,-46.735728784645666,2587.7668173147244,983.0892261032803,-1604.677591211444,-62.01013091575952,-89.87635299212202,0.006473106823908176,0.006139569249808676,-0.00033353757409950065,-5.152665994443228,-5.288926349175791
15f312b0-d99c-4535-8c57-5b099a1428be,landmark_dropout_5pct,274161411,True,6.8878906285666215,106.70918388728212,99.8212932587155,1449.2287790505818,175.74623938891793,10.113791914292,39.47525155697254,29.361459642680536,290.3110909488782,118.41914095275777,38.35053949831066,2550.6356692945365,2512.2851297962256,6550.846905053035,194.07481749140837,0.08176100628930816,0.09385113268608415,0.012090126396775994,14.787154592979872,13.769123783032022,-4.574190682654739,-8.21267662032321,-3.638485937668471,79.54381857025669,-56.90973170294963,0.21099715431787935,0.032625107871500865,-0.1783720464463785,-84.53765503284976,-146.43328967015393,2587.7668173147244,3126.8830801489,539.1162628341754,20.833262843736666,18.86786671125576,0.006473106823908176,0.013071135651612269,0.0065980288277040925,101.92986161350717,67.51890062731523
15f312b0-d99c-4535-8c57-5b099a1428be,landmark_dropout_10pct,274161411,True,6.8878906285666215,123.09235096967565,116.20446034110903,1687.083413594959,178.80326873108456,10.113791914292,39.505862042696634,29.392070128404633,290.61375177068965,118.46946838396859,38.35053949831066,2930.3604814948676,2892.009941996557,7540.988939996398,194.8327015695208,0.08176100628930816,0.09385113268608415,0.012090126396775994,14.787154592979872,13.769123783032022,-4.574190682654739,-8.673116821168039,-4.0989261385133,89.60986593882859,-61.88315832980358,0.21099715431787935,0.01522994552933384,-0.1957672087885455,-92.78191898911155,-173.07140384221046,2587.7668173147244,3868.9823885919313,1281.215571277207,49.5104722227909,39.686087547125005,0.006473106823908176,0.01307109684131947,0.0065979900174112935,101.9292620514444,67.51863755032602
15f312b0-d99c-4535-8c57-5b099a1428be,landmark_dropout_20pct,274161411,True,6.8878906285666215,148.69073812453243,141.8028474959658,2058.7267589275752,182.29090798968898,10.113791914292,42.257301335961834,32.14350942166983,317.81857580288164,122.75286776265278,38.35053949831066,3537.1403139601116,3498.789774461801,9123.182672869367,195.70961962202017,0.08176100628930816,0.0935483870967742,0.011787380807466039,14.416873449131543,13.447517648420346,-4.574190682654739,-9.210468405570287,-4.6362777229155485,101.35733388851153,-67.2672090509064,0.21099715431787935,0.005055283346644164,-0.2059418709712352,-97.60409880266533,-190.64063631720043,2587.7668173147244,3886.6097618212407,1298.8429445065162,50.19165312021043,40.12256403781359,0.006473106823908176,49.162197770297766,49.155724663473855,759383.8013288926,199.9473395826372
15f312b0-d99c-4535-8c57-5b099a1428be,jitter_sigma_0p004,274161411,True,6.8878906285666215,6.588216951164718,-0.29967367740190376,-4.350732227934145,-4.447481227481831,10.113791914292,65.73620226357392,55.622410349281914,549.9659358294764,146.66424421562664,38.35053949831066,54.01190994725736,15.661370448946698,40.83741885726687,33.912852123256904,0.08176100628930816,0.6699029126213593,0.5881419063320511,719.3427931292011,156.4906580016247,-4.574190682654739,-4.910168992703438,-0.3359783100486995,7.3450875435238,-7.084891791306116,0.21099715431787935,0.18595170603480363,-0.025045448283075727,-11.870040789907204,-12.618979815598026,2587.7668173147244,107.36369482091686,-2480.4031224938076,-95.8511062858312,-184.0655293927356,0.006473106823908176,1.2258093827648422,1.219336275940934,18836.95587159726,197.89882372634594
15f312b0-d99c-4535-8c57-5b099a1428be,jitter_sigma_0p008,274161411,True,6.8878906285666215,6.380556866051145,-0.5073337625154766,-7.36558969753928,-7.647221164665605,10.113791914292,52.816687872214565,42.702895957922564,422.22438744837393,135.71450941671935,38.35053949831066,65.97967651376895,27.62913701545829,72.04367233654003,52.964784453737394,0.08176100628930816,0.06501547987616099,-0.016745526413147166,-20.481066920695383,-22.8177235340939,-4.574190682654739,-5.35746610426101,-0.7832754216062714,17.123803443009926,-15.773308289069774,0.21099715431787935,0.15354980137709806,-0.05744735294078129,-27.226600816726442,-31.51712120665655,2587.7668173147244,60.71992827784705,-2527.0468890368775,-97.65357806307854,-190.82949108521794,0.006473106823908176,0.6221621236076404,0.6156890167837322,9511.491676758802,195.8811682765762
15f312b0-d99c-4535-8c57-5b099a1428be,scale_minus_10pct,274161411,True,6.8878906285666215,6.199101565709956,-0.6887890628566655,-10.00000000000005,-10.526315789473738,10.113791914292,10.113791914292,0.0,0.0,0.0,38.35053949831066,34.515485548479575,-3.835053949831085,-10.00000000000005,-10.52631578947374,0.08176100628930816,0.08176100628930816,0.0,0.0,0.0,-4.574190682654739,-4.482675701533391,0.09151498112134782,-2.0006813766721887,2.02089723397308,0.21099715431787935,0.21099715431787913,-2.220446049250313e-16,-1.0523582919535887e-13,-1.0523582919535893e-13,2587.7668173147244,2875.296463719794,287.52964640506934,11.111111112531898,10.526315790748852,0.006473106823908176,0.005825796141517359,-0.0006473106823908174,-9.999999999999996,-10.526315789473678
15f312b0-d99c-4535-8c57-5b099a1428be,scale_minus_5pct,274161411,True,6.8878906285666215,6.543496097138299,-0.3443945314283221,-4.999999999999869,-5.12820512820499,10.113791914292,10.113791914292,0.0,0.0,0.0,38.35053949831066,36.43301252339517,-1.9175269749154893,-4.999999999999885,-5.128205128205009,0.08176100628930816,0.08176100628930816,0.0,0.0,0.0,-4.574190682654739,-4.529637893232437,0.04455278942230212,-0.9740037640154708,0.9787703942560324,0.21099715431787935,0.21099715431788013,7.771561172376096e-16,3.683254021837561e-13,3.683254021837554e-13,2587.7668173147244,2723.9650708679874,136.19825355326293,5.263157895138065,5.128205128586038,0.006473106823908176,0.006149451482712767,-0.00032365534119540955,-5.0000000000000115,-5.12820512820514
15f312b0-d99c-4535-8c57-5b099a1428be,scale_plus_5pct,274161411,True,6.8878906285666215,7.232285159994961,0.34439453142833987,5.000000000000128,4.8780487804879265,10.113791914292,10.113791914292,0.0,0.0,0.0,38.35053949831066,40.26806647322625,1.9175269749155888,5.000000000000146,4.878048780487943,0.08176100628930816,0.08176100628930816,0.0,0.0,0.0,-4.574190682654739,-4.616569280794615,-0.042378598139876544,0.9264720489369965,-0.9222000859213294,0.21099715431787935,0.21099715431787985,4.996003610813204e-16,2.367806156895575e-13,2.3678061568955717e-13,2587.7668173147244,2464.539826022393,-123.2269912923316,-4.761904761581334,-4.878048780148408,0.006473106823908176,0.006796762165103586,0.00032365534119540955,5.0000000000000115,4.878048780487815
15f312b0-d99c-4535-8c57-5b099a1428be,scale_plus_10pct,274161411,True,6.8878906285666215,7.5766796914232915,0.68878906285667,10.000000000000114,9.523809523809627,10.113791914292,10.113791914292,0.0,0.0,0.0,38.35053949831066,42.18559344814177,3.8350539498311136,10.000000000000124,9.523809523809637,0.08176100628930816,0.08176100628930816,0.0,0.0,0.0,-4.574190682654739,-4.656976052971188,-0.08278537031644895,1.8098364510769045,-1.793605785430234,0.21099715431787935,0.21099715431787977,4.163336342344337e-16,1.973171797412979e-13,1.9731717974129769e-13,2587.7668173147244,2352.5152884804597,-235.25152883426472,-9.090909090424951,-9.523809523278178,0.006473106823908176,0.0071204175062989945,0.0006473106823908182,10.000000000000009,9.523809523809533
15f312b0-d99c-4535-8c57-5b099a1428be,combined_degradation,274161411,True,6.8878906285666215,8.12430501361354,1.2364143850469187,17.950551942840853,16.472132584962225,10.113791914292,28.213250852023375,18.099458937731377,178.95818987688165,94.44745866820966,38.35053949831066,95.66680947957038,57.316269981259715,149.4536210730086,85.53559732138785,0.08176100628930816,0.06832298136645962,-0.01343802492284854,-16.435738174868604,-17.90733992712128,-4.574190682654739,-5.089712850997532,-0.5155221683427929,11.270237821471786,-10.669025545373216,0.21099715431787935,0.06644877315958028,-0.14454838115829907,-68.50726571436533,-104.19931730303918,2587.7668173147244,102.33184608256,-2485.4349712321646,-96.04555381891991,-184.78392670500395,0.006473106823908176,0.15345854239082543,0.14698543556691726,2270.709252379894,183.810316830493
1923a324-7b77-4d06-a3a6-8a7fd6e6fd8b,frame_thinning_2x,1732375491,True,9.444440428158881,14.63936110772013,5.19492067956125,55.005065880583444,43.14037110646407,5.419663561730389,30.557092758566643,25.137429196836255,463.81899744364176,139.74261032896095,140.889333344575,111.5707318224923,-29.318601522082687,-20.809667294242765,-23.22632809484612,0.9420289855072468,1.3448275862068966,0.4027986006996498,42.75862068965511,35.22727272727269,-4.706365850485842,-4.205989867918239,0.5003759825676024,-10.631897274113278,11.2288153295839,0.5127423226842958,0.743778291974346,0.2310359692900502,45.05888417412795,36.77392421497448,348.89029164412534,167.39156267895603,-181.4987289651693,-52.021719523884435,-70.30993921068168,0.22578295040891477,0.14528986642900776,-0.08049308397990701,-35.650647595013815,-43.38398304991704
1923a324-7b77-4d06-a3a6-8a7fd6e6fd8b,frame_thinning_3x,1732375491,True,9.444440428158881,10.076064743650715,0.631624315491834,6.687789713921295,6.471393131812899,5.419663561730389,18.7134921438591,13.293828582128711,245.28881600695266,110.17066101346806,140.889333344575,76.86353764468036,-64.02579569989463,-45.444033398402034,-58.80592564316075,0.9420289855072468,0.04545454545454545,-0.8965744400527014,-95.17482517482519,-181.58772515010008,-4.706365850485842,-4.29906709852042,0.4072987519654214,-8.654209317862012,9.045622887245333,0.5127423226842958,0.8009758151433843,0.2882334924590886,56.214102036698634,43.88056831364173,348.89029164412534,175.86550826212792,-173.02478338199742,-49.592891383313685,-65.94487699341599,0.22578295040891477,0.03473364714752395,-0.19104930326139083,-84.61635518332187,-146.66958270864228
1923a324-7b77-4d06-a3a6-8a7fd6e6fd8b,landmark_dropout_5pct,1732375491,True,9.444440428158881,9.444440718711306,2.9055242478648324e-07,3.0764387471828663e-06,3.0764386998604904e-06,5.419663561730389,5.419663315788402,-2.4594198677618806e-07,-4.537956719543376e-06,-4.537956822508634e-06,140.889333344575,140.8893738857185,4.0541143505379296e-05,2.8775168810137857e-05,2.877516467008675e-05,0.9420289855072468,0.558139534883721,-0.38388945062352575,-40.75134168157425,-51.17951022242195,-4.706365850485842,-4.707987834241985,-0.0016219837561433081,0.034463613915094796,-0.03445767623484395,0.5127423226842958,0.5098573506574796,-0.002884972026816146,-0.5626553337186626,-0.5642427045548107,348.89029164412534,316.0536079608007,-32.83668368332462,-9.411750475653434,-9.876527539491502,0.22578295040891477,0.22530348744767545,-0.0004794629612393242,-0.212355698413441,-0.21258141278534978
1923a324-7b77-4d06-a3a6-8a7fd6e6fd8b,landmark_dropout_10pct,1732375491,True,9.444440428158881,9.447459735428259,0.0030193072693780465,0.03196914938841577,0.031964040072555086,5.419663561730389,5.419655874229932,-7.68750045754274e-06,-0.00014184460658824135,-0.0001418447071877748,140.889333344575,140.9235677411489,0.03423439657390759,0.02429878526728496,0.024295833471082946,0.9420289855072468,0.3267326732673268,-0.61529631223992,-65.31607006854533,-96.99163085274826,-4.706365850485842,-4.727384426490558,-0.02101857600471657,0.44659885509212605,-0.44560382430333334,0.5127423226842958,0.5039419649160727,-0.008800357768223077,-1.716331455174534,-1.7311879165545367,348.89029164412534,388.3449765435097,39.45468489938435,11.308622178466596,10.703417647497208,0.22578295040891477,0.1129312580342303,-0.11285169237468447,-49.98238005584528,-66.6353460006253
1923a324-7b77-4d06-a3a6-8a7fd6e6fd8b,landmark_dropout_20pct,1732375491,True,9.444440428158881,13.5572630919824,4.112822663823518,43.54755260630386,35.76102665806604,5.419663561730389,18.736738525999296,13.317074964268908,245.71774267141103,110.25710630171498,140.889333344575,180.36943078592802,39.480097441353024,28.02206278086078,24.57837845962407,0.9420289855072468,0.11570247933884299,-0.8263265061684038,-87.7177368086459,-156.2450458611709,-4.706365850485842,-6.799042893177559,-2.092677042691717,44.46481869818277,-36.37727419018048,0.5127423226842958,0.34702642729061267,-0.1657158953936831,-32.31952738485315,-38.548945957507605,348.89029164412534,413.1970237336019,64.30673208947655,18.43179177799267,16.876473546237424,0.22578295040891477,5.671488033034584,5.445705082625669,2411.9204185980257,184.6855977252667
1923a324-7b77-4d06-a3a6-8a7fd6e6fd8b,jitter_sigma_0p004,1732375491,True,9.444440428158881,9.853979827706135,0.4095393995472545,4.336301368646475,4.244279004368667,5.419663561730389,5.3539922060601945,-0.06567135567019466,-1.2117238445189966,-1.2191099676031747,140.889333344575,154.41235073608684,13.523017391511843,9.598325913316952,9.158781084240632,0.9420289855072468,7.933333333333336,6.991304347826089,742.1538461538461,157.54408883082954,-4.706365850485842,-5.114149819087773,-0.40778396860193133,8.664519112126303,-8.304736376835015,0.5127423226842958,0.35916544594898214,-0.15357687673531362,-29.952057776567344,-35.22778033645613,348.89029164412534,377.73207215081345,28.84178050668811,8.266719137059644,7.938588720571665,0.22578295040891477,0.5383587930473398,0.312575842638425,138.44085307252826,81.81095858593658
1923a324-7b77-4d06-a3a6-8a7fd6e6fd8b,jitter_sigma_0p008,1732375491,True,9.444440428158881,2.1712616552313126,-7.273178772927569,-77.01016093279989,-125.23011903564243,5.419663561730389,2.0627674312417317,-3.3568961304886575,-61.93919774268919,-89.72741970200927,140.889333344575,50.30231497101122,-90.58701837356378,-64.29657676923905,-94.76043453952377,0.9420289855072468,1.2203389830508475,0.27830999754360075,29.543676662320685,25.74122458252865,-4.706365850485842,-5.505409875793366,-0.7990440253075244,16.977941169300266,-15.649462869640722,0.5127423226842958,0.04023134501435041,-0.4725109776699453,-92.1536913895205,-170.89818386341298,348.89029164412534,119.64662633921748,-229.24366530490786,-65.70651886718038,-97.85511301504647,0.22578295040891477,1.4732348422128365,1.2474518918039217,552.5004831164911,146.84388794763368
1923a324-7b77-4d06-a3a6-8a7fd6e6fd8b,scale_minus_10pct,1732375491,True,9.444440428158881,8.499996385342998,-0.9444440428158831,-9.999999999999948,-10.526315789473625,5.419663561730389,5.419663561730389,0.0,0.0,0.0,140.889333344575,126.80040001011758,-14.088933334457408,-9.999999999999936,-10.526315789473612,0.9420289855072468,0.9420289855072468,0.0,0.0,0.0,-4.706365850485842,-4.614850869364495,0.09151498112134693,-1.9444935652824304,1.9635844519408685,0.5127423226842958,0.5127423226842946,-1.1102230246251565e-15,-2.1652650376371214e-13,-2.1652650376371234e-13,348.89029164412534,387.6558796045649,38.765587960439575,11.111111111105723,10.52631578946885,0.22578295040891477,0.20320465536802332,-0.022578295040891455,-9.999999999999991,-10.526315789473674
1923a324-7b77-4d06-a3a6-8a7fd6e6fd8b,scale_minus_5pct,1732375491,True,9.444440428158881,8.97221840675094,-0.4722220214079407,-4.9999999999999645,-5.1282051282050904,5.419663561730389,5.419663561730389,0.0,0.0,0.0,140.889333344575,133.84486667734632,-7.044466667228676,-4.999999999999948,-5.128205128205073,0.9420289855072468,0.9420289855072468,0.0,0.0,0.0,-4.706365850485842,-4.661813061063539,0.04455278942230301,-0.9466495133969194,0.9511515491527804,0.5127423226842958,0.5127423226842956,-1.1102230246251565e-16,-2.1652650376371212e-14,-2.1652650376371212e-14,348.89029164412534,367.2529385727655,18.362646928640174,5.263157894737415,5.128205128205672,0.22578295040891477,0.21449380288846898,-0.011289147520445797,-5.000000000000026,-5.128205128205155
1923a324-7b77-4d06-a3a6-8a7fd6e6fd8b,scale_plus_5pct,1732375491,True,9.444440428158881,9.916662449566829,0.4722220214079478,5.00000000000004,4.878048780487842,5.419663561730389,5.419663561730389,0.0,0.0,0.0,140.889333344575,147.9338000118038,7.044466667228818,5.000000000000048,4.878048780487852,0.9420289855072468,0.9420289855072468,0.0,0.0,0.0,-4.706365850485842,-4.748744448625717,-0.042378598139875656,0.900452695055589,-0.8964167904811797,0.5127423226842958,0.5127423226842946,-1.1102230246251565e-15,-2.1652650376371214e-13,-2.1652650376371234e-13,348.89029164412534,332.27646823247835,-16.61382341164699,-4.76190476191106,-4.878048780494414,0.22578295040891477,0.23707209792936054,0.01128914752044577,5.000000000000013,4.878048780487817
1923a324-7b77-4d06-a3a6-8a7fd6e6fd8b,scale_plus_10pct,1732375491,True,9.444440428158881,10.388884470974775,0.9444440428158938,10.00000000000006,9.523809523809579,5.419663561730389,5.419663561730389,0.0,0.0,0.0,140.889333344575,154.9782666790326,14.088933334457607,10.000000000000076,9.523809523809593,0.9420289855072468,0.9420289855072468,0.0,0.0,0.0,-4.706365850485842,-4.7891512208022915,-0.08278537031644984,1.759008393023756,-1.7436727182929368,0.5127423226842958,0.5127423226842954,-3.3306690738754696e-16,-6.495795112911363e-14,-6.495795112911366e-14,348.89029164412534,317.1729924037511,-31.717299240374246,-9.090909090908866,-9.523809523809277,0.22578295040891477,0.24836124544980623,0.022578295040891455,9.999999999999991,9.523809523809515
1923a324-7b77-4d06-a3a6-8a7fd6e6fd8b,combined_degradation,1732375491,True,9.444440428158881,14.548451184447465,5.104010756288584,54.042489813063185,42.54602437004162,5.419663561730389,29.4611007955227,24.041437233792312,443.59648823139065,137.84925690020407,140.889333344575,108.48656187318966,-32.402771471385336,-22.99874000548887,-25.987091850308936,0.9420289855072468,0.0625,-0.8795289855072468,-93.36538461538461,-175.11271415689814,-4.706365850485842,-4.467889437445424,0.23847641304041733,-5.067103166571703,5.1988178997838235,0.5127423226842958,0.6252457983346449,0.11250347565034913,21.941523192658206,19.772346226182904,348.89029164412534,136.64770818481927,-212.24258345930608,-60.83361691124311,-87.42573538387491,0.22578295040891477,0.24594684306659095,0.02016389265767618,8.930653364728125,8.548916323099773
1efface8-4d43-4627-bf20-1017135f0a83,frame_thinning_2x,2161806699,True,2.614248912969347,4.549251160746794,1.9350022477774464,74.01752136829272,54.023933213241214,1.713818930886754,8.090233741627717,6.376414810740963,372.0588386453239,130.0771226702434,38.02406924115188,22.767835099871647,-15.256234141280231,-40.122570902456275,-50.19166386266678,0.13114754098360656,9.750000000000002,9.618852459016395,7334.375000000002,194.69099958523435,-4.575046629259837,-4.041635538914574,0.5334110903452629,-11.659139973215083,12.380892782964862,0.9425344544359673,0.9377564789489996,-0.004777975486967678,-0.5069284697742875,-0.5082166171344767,1610.7254106384555,185.6249530027911,-1425.1004576356645,-88.4756922702788,-158.66620303925018,0.021121307549546994,3.8399032062111456,3.8187818986615985,18080.23433067951,197.81184424245217
1efface8-4d43-4627-bf20-1017135f0a83,frame_thinning_3x,2161806699,True,2.614248912969347,12.005993289509753,9.391744376540405,359.25210984875054,128.47590684849095,1.713818930886754,6.547849933811905,4.834031002925151,282.0619445733369,117.02311196665154,38.02406924115188,49.80770994634763,11.78364070519575,30.989951734157913,26.83229422016043,0.13114754098360656,0.896551724137931,0.7654041831543245,583.6206896551723,148.95489548954896,-4.575046629259837,-4.907144836531367,-0.33209820727152994,7.258903224014958,-7.004672041682283,0.9425344544359673,0.017789543800720013,-0.9247449106352472,-98.11258424379132,-192.5901908800011,1610.7254106384555,70.91497633280581,-1539.8104343056498,-95.59732677808213,-183.13195213858344,0.021121307549546994,4.548068936114527,4.52694762856498,21433.084187356922,198.15098024610947
1efface8-4d43-4627-bf20-1017135f0a83,landmark_dropout_5pct,2161806699,True,2.614248912969347,2.614252668008089,3.7550387417262243e-06,0.00014363738368972415,0.0001436372805313083,1.713818930886754,1.713818771793149,-1.590936049566949e-07,-9.282987956865292e-06,-9.28298838773464e-06,38.02406924115188,38.02421299896692,0.0001437578150387253,0.00037807056926758955,0.0003780698545821638,0.13114754098360656,0.5,0.3688524590163934,281.24999999999994,116.88311688311687,-4.575046629259837,-4.5757971132128805,-0.00075048395304389,0.016403853640401155,-0.016402508318672182,0.9425344544359673,0.9434998360634133,0.0009653816274459714,0.10242401462381301,0.10237158807864087,1610.7254106384555,1570.95491507528,-39.77049556317547,-2.469104622085234,-2.4999680352396116,0.021121307549546994,0.02660392529745602,0.005482617747909025,25.95775727922022,22.97576112613274
1efface8-4d43-4627-bf20-1017135f0a83,landmark_dropout_10pct,2161806699,True,2.614248912969347,51.58575037952304,48.9715014665537,1873.2532018510167,180.70664983693857,1.713818930886754,3.132811640757021,1.418992709870267,82.79711959629599,58.555843648260726,38.02406924115188,1547.0203585167687,1508.9962892756168,3968.5291958244507,190.40428934981014,0.13114754098360656,0.45098039215686264,0.3198328511732561,243.8725490196078,109.88404196576477,-4.575046629259837,-8.631133166445222,-4.056086537185386,88.65672562208596,-61.42709852404879,0.9425344544359673,0.1563099225296731,-0.7862245319062942,-83.41599908692862,-143.10025120706942,1610.7254106384555,928.7331007874578,-681.9923098509977,-42.34069353761987,-53.711632364338726,0.021121307549546994,51.58575037952304,51.56462907197349,244135.59127914617,199.8362907352523
1efface8-4d43-4627-bf20-1017135f0a83,landmark_dropout_20pct,2161806699,True,2.614248912969347,51.70093046849958,49.086681555530234,1877.659059625505,180.74756307360173,1.713818930886754,3.132991575068565,1.4191726441818109,82.80761862325275,58.56109465959359,38.02406924115188,1550.4754429329314,1512.4513736917795,3977.6157677908814,190.42516061232888,0.13114754098360656,0.1935483870967742,0.062400846113167624,47.580645161290306,38.436482084690546,-4.575046629259837,-9.074025603563504,-4.498978974303667,98.33733596353584,-65.92358656414032,0.9425344544359673,0.07683169638555429,-0.865702758050413,-91.84839386783669,-169.85118788822464,1610.7254106384555,800.2527379899332,-810.4726726485223,-50.31724633482184,-67.23185551139086,0.021121307549546994,0.01999030371202505,-0.0011310038375219426,-5.3548002881393595,-5.502113893449453
1efface8-4d43-4627-bf20-1017135f0a83,jitter_sigma_0p004,2161806699,True,2.614248912969347,4.121018499563274,1.5067695865939266,57.6368064693002,44.74268041058656,1.713818930886754,5.936979116053215,4.223160185166461,246.4181080659051,110.39789991203769,38.02406924115188,57.06833445144285,19.044265210290973,50.084763651966405,40.05423035020837,0.13114754098360656,4.0,3.8688524590163933,2949.9999999999995,187.3015873015873,-4.575046629259837,-5.492129712221924,-0.9170830829620877,20.045327562277894,-18.21927126046755,0.9425344544359673,0.7362663243056131,-0.20626813013035417,-21.884412729908046,-24.573270723042146,1610.7254106384555,172.4059003420667,-1438.319510296389,-89.29638166733032,-161.3251364539692,0.021121307549546994,0.8311465852565797,0.8100252777070327,3835.109525330528,190.0870100925641
1efface8-4d43-4627-bf20-1017135f0a83,jitter_sigma_0p008,2161806699,True,2.614248912969347,5.579285657750035,2.9650367447806882,113.41830267466402,72.37503471033409,1.713818930886754,11.205279818414144,9.49146088752739,553.8193514186692,146.93688889158787,38.02406924115188,56.34311068364783,18.31904144249595,48.17748812289141,38.82502678811473,0.13114754098360656,25.99999999999998,25.868852459016374,19724.99999999998,197.99247176913428,-4.575046629259837,-5.668353841063409,-1.0933072118035723,23.897181830045096,-21.346567772509854,0.9425344544359673,0.6544239220503261,-0.2881105323856412,-30.56763930800309,-36.08240973938923,1610.7254106384555,76.54482567063238,-1534.180584967823,-95.24780417785227,-181.8535705725303,0.021121307549546994,4.697857609410408,4.676736301860862,22142.266954306848,198.20967137838764
1efface8-4d43-4627-bf20-1017135f0a83,scale_minus_10pct,2161806699,True,2.614248912969347,2.352824021672413,-0.26142489129693436,-9.999999999999986,-10.52631578947367,1.713818930886754,1.713818930886754,0.0,0.0,0.0,38.02406924115188,34.221662317036696,-3.802406924115182,-9.999999999999986,-10.526315789473669,0.13114754098360656,0.13114754098360656,0.0,0.0,0.0,-4.575046629259837,-4.48353164813849,0.09151498112134693,-2.0003070686987177,2.0205153241250247,0.9425344544359673,0.9425344544359694,2.1094237467877974e-15,2.23803356668815e-13,2.2380335666881472e-13,1610.7254106384555,1789.6949007077108,178.96949006925524,11.111111111006545,10.526315789379836,0.021121307549546994,0.019009176794592297,-0.0021121307549546962,-9.999999999999986,-10.526315789473667
1efface8-4d43-4627-bf20-1017135f0a83,scale_minus_5pct,2161806699,True,2.614248912969347,2.483536467320879,-0.1307124456484683,-5.0000000000000355,-5.128205128205166,1.713818930886754,1.713818930886754,0.0,0.0,0.0,38.02406924115188,36.12286577909427,-1.9012034620576088,-5.000000000000039,-5.1282051282051695,0.13114754098360656,0.13114754098360656,0.0,0.0,0.0,-4.575046629259837,-4.530493839837533,0.044552789422303896,-0.9738215374104671,0.978586379875162,0.9425344544359673,0.9425344544359666,-6.661338147750939e-16,-7.067474421120473e-14,-7.067474421120477e-14,1610.7254106384555,1695.5004322510474,84.7750216125919,5.263157894739425,5.128205128207581,0.021121307549546994,0.02006524217206964,-0.0010560653774773533,-5.000000000000017,-5.128205128205146
1efface8-4d43-4627-bf20-1017135f0a83,scale_plus_5pct,2161806699,True,2.614248912969347,2.7449613586178137,0.1307124456484665,4.999999999999968,4.878048780487775,1.713818930886754,1.713818930886754,0.0,0.0,0.0,38.02406924115188,39.92527270320946,1.9012034620575804,4.9999999999999645,4.878048780487771,0.13114754098360656,0.13114754098360656,0.0,0.0,0.0,-4.575046629259837,-4.617425227399711,-0.04237859813987477,0.9262987150522418,-0.922028346688346,0.9425344544359673,0.9425344544359648,-2.4424906541753444e-15,-2.5914072877441737e-13,-2.591407287744177e-13,1610.7254106384555,1534.0242006082206,-76.70121003023496,-4.7619047618943515,-4.87804878047688,0.021121307549546994,0.022177372927024343,0.0010560653774773499,5.000000000000001,4.878048780487806
1efface8-4d43-4627-bf20-1017135f0a83,scale_plus_10pct,2161806699,True,2.614248912969347,2.8756738042662824,0.26142489129693525,10.00000000000002,9.523809523809543,1.713818930886754,1.713818930886754,0.0,0.0,0.0,38.02406924115188,41.82647616526708,3.8024069241152034,10.00000000000004,9.523809523809561,0.13114754098360656,0.13114754098360656,0.0,0.0,0.0,-4.575046629259837,-4.657831999576286,-0.08278537031644895,1.8094978483277706,-1.7932732280893138,0.9425344544359673,0.9425344544359683,9.992007221626409e-16,1.0601211631680711e-13,1.0601211631680705e-13,1610.7254106384555,1464.295827853077,-146.42958278537844,-9.090909090913083,-9.523809523813906,0.021121307549546994,0.0232334383045017,0.0021121307549547066,10.000000000000034,9.523809523809556
1efface8-4d43-4627-bf20-1017135f0a83,combined_degradation,2161806699,True,2.614248912969347,27.53579890177503,24.921549988805683,953.2967524694882,165.31681901093512,1.713818930886754,30.263182930813624,28.54936399992687,1665.8331568991964,178.56185594510742,38.02406924115188,398.76933151490744,360.74526227375554,948.7287117690598,165.1788976890815,0.13114754098360656,0.1111111111111111,-0.02003642987249546,-15.277777777777787,-16.541353383458656,-4.575046629259837,-6.705915322594466,-2.1308686933346292,46.57589017140503,-37.778138113201756,0.9425344544359673,0.0023647235340534126,-0.9401697309019139,-99.74911012293248,-198.9989520197769,1610.7254106384555,79.13956278168396,-1531.5858478567716,-95.08671296429632,-181.26724583881696,0.021121307549546994,0.4335549380521654,0.4124336305026184,1952.6898585000918,181.4185959756087
2850af90-f8fc-4050-a178-b659098e69df,frame_thinning_2x,4262434527,True,13.305040063673488,17.16883024314367,3.8637901794701826,29.040049191730127,25.358053575530466,11.120546415258234,26.086169489666645,14.96562307440841,134.57632849654257,80.44581581803882,165.94968982275014,96.57540521163487,-69.37428461111527,-41.80440751966064,-52.8515451843023,0.3125,0.13636363636363635,-0.17613636363636365,-56.363636363636374,-78.48101265822785,-6.702991746626965,-5.829467151379422,0.8735245952475426,-13.031861417509754,13.940194854921875,0.7835387285917322,0.48778969901722047,-0.29574902957451177,-37.74529819426624,-46.525983868816795,546.5240320094571,93.36272028907399,-453.1613117203831,-82.91699635864165,-141.63797268581877,0.2143475529781328,0.23856333974189653,0.024215786763763736,11.297440268065094,10.693400027688417
2850af90-f8fc-4050-a178-b659098e69df,frame_thinning_3x,4262434527,True,13.305040063673488,19.94910442284173,6.644064359168244,49.93644759709077,39.95931611990474,11.120546415258234,20.96566359406702,9.845117178808787,88.5308761923833,61.36665674099551,165.94968982275014,118.15268232171375,-47.79700750103639,-28.802107163977276,-33.647735596330726,0.3125,1.4285714285714282,1.1160714285714282,357.14285714285705,128.2051282051282,-6.702991746626965,-5.832995154575476,0.8699965920514883,-12.97922815568559,13.87998565901563,0.7835387285917322,0.47484469703576837,-0.30869403155596387,-39.39741844168763,-49.06199895346392,546.5240320094571,50.390153482441065,-496.133878527016,-90.77988331141327,-166.23289932979822,0.2143475529781328,0.21369499673416337,-0.0006525562439694266,-0.3044383921826244,-0.30490251233576415
2850af90-f8fc-4050-a178-b659098e69df,landmark_dropout_5pct,4262434527,True,13.305040063673488,12.528059526193221,-0.7769805374802665,-5.839745944107621,-6.015387621430027,11.120546415258234,6.160666774192625,-4.959879641065609,-44.601042573414176,-57.40198430158037,165.94968982275014,202.26119097053504,36.311501147784895,21.88102983896444,19.723209194445445,0.3125,0.8260869565217391,0.5135869565217391,164.34782608695653,90.21479713603817,-6.702991746626965,-6.612130537911669,0.09086120871529602,-1.3555321586218363,1.36478218935778,0.7835387285917322,0.7194334334561593,-0.06410529513557295,-8.181509451458833,-8.530470058504019,546.5240320094571,441.35614700562866,-105.16788500382842,-19.24304858418533,-21.291627717175285,0.2143475529781328,0.18875893061292387,-0.025588622365208924,-11.937912054363135,-12.695713617530428
2850af90-f8fc-4050-a178-b659098e69df,landmark_dropout_10pct,4262434527,True,13.305040063673488,12.654398286525982,-0.6506417771475057,-4.8901902890464894,-5.012756966234643,11.120546415258234,6.022180134838966,-5.098366280419268,-45.84636482811602,-59.48139306218309,165.94968982275014,241.24832305435342,75.29863323160328,45.374374192581676,36.98379208659309,0.3125,0.8260869565217391,0.5135869565217391,164.34782608695653,90.21479713603817,-6.702991746626965,-6.7014721985376084,0.0015195480893561708,-0.022669699543055945,0.02267226941073345,0.7835387285917322,0.7855146740435196,0.0019759454517873642,0.25218223167331694,0.25186465272230124,546.5240320094571,369.4936381088136,-177.03039390064345,-32.39206028136382,-38.65217881174418,0.2143475529781328,0.3736276890041191,0.15928013602598629,74.30928592977017,54.1791982563763
2850af90-f8fc-4050-a178-b659098e69df,landmark_dropout_20pct,4262434527,True,13.305040063673488,0.9077481747164198,-12.397291888957067,-93.17741118875072,-174.45263633030098,11.120546415258234,6.021029571245194,-5.09951684401304,-45.85671111462757,-59.498809771379136,165.94968982275014,12.093313166264863,-153.85637665648528,-92.71266298889643,-172.8305792123468,0.3125,0.026315789473684213,-0.28618421052631576,-91.57894736842105,-168.9320388349514,-6.702991746626965,-4.426773981486927,2.2762177651400375,-33.95823613068688,40.903246676437945,0.7835387285917322,0.4030221566934492,-0.38051657189828303,-48.56384987914918,-64.13772383990707,546.5240320094571,794.6191471702147,248.0951151607576,45.395097128403044,36.997558353539596,0.2143475529781328,0.0,-0.2143475529781328,-100.0,-200.0
2850af90-f8fc-4050-a178-b659098e69df,jitter_sigma_0p004,4262434527,True,13.305040063673488,12.807672428058899,-0.4973676356145891,-3.7381896877751086,-3.8093908150833578,11.120546415258234,11.213315656852732,0.09276924159449784,0.8342147780365486,0.8307496598211902,165.94968982275014,219.0518051609313,53.102115338181164,31.99892412869178,27.58540734520105,0.3125,7.400000000000007,7.087500000000007,2268.0000000000023,183.79254457050246,-6.702991746626965,-6.706213929991179,-0.003222183364214537,0.04807082398446907,-0.048059272740265474,0.7835387285917322,0.618208777779602,-0.1653299508121302,-21.10041849613236,-23.58912001778628,546.5240320094571,224.1693124392735,-322.35471957018353,-58.98271634733996,-83.65317331259962,0.2143475529781328,0.8208535266353177,0.606505973657185,282.9544658804942,117.1764569418064
2850af90-f8fc-4050-a178-b659098e69df,jitter_sigma_0p008,4262434527,True,13.305040063673488,1.0616320077205286,-12.243408055952958,-92.0208281775935,-170.44181136884495,11.120546415258234,2.2095052606207393,-8.911041154637495,-80.13132468392803,-133.6985237763515,165.94968982275014,31.84896023161586,-134.1007295911343,-80.8080628137157,-135.59316967459182,0.3125,0.4999999999999999,0.1874999999999999,59.999999999999964,46.15384615384613,-6.702991746626965,-5.712741600965286,0.9902501456616788,-14.773256227862522,15.951536940082807,0.7835387285917322,0.5904152382455296,-0.1931234903462027,-24.64759983125619,-28.11207580567759,546.5240320094571,26.710574364208536,-519.8134576452485,-95.11264412911555,-181.3615060450156,0.2143475529781328,1.0616320077205286,0.8472844547423958,395.28534054635725,132.80533338299966
2850af90-f8fc-4050-a178-b659098e69df,scale_minus_10pct,4262434527,True,13.305040063673488,11.974536057306137,-1.3305040063673506,-10.000000000000012,-10.526315789473697,11.120546415258234,11.120546415258234,0.0,0.0,0.0,165.94968982275014,149.35472084047512,-16.59496898227502,-10.000000000000004,-10.526315789473689,0.3125,0.3125,0.0,0.0,0.0,-6.702991746626965,-6.611476765505614,0.09151498112135048,-1.3652856005290779,1.374669684155384,0.7835387285917322,0.7835387285917338,1.5543122344752192e-15,1.9837082428188476e-13,1.9837082428188456e-13,546.5240320094571,607.248924455107,60.72489244564997,11.111111111139426,10.526315789499094,0.2143475529781328,0.1929127976803195,-0.0214347552978133,-10.00000000000001,-10.526315789473697
2850af90-f8fc-4050-a178-b659098e69df,scale_minus_5pct,4262434527,True,13.305040063673488,12.639788060489812,-0.6652520031836762,-5.000000000000013,-5.128205128205141,11.120546415258234,11.120546415258234,0.0,0.0,0.0,165.94968982275014,157.65220533161263,-8.29748449113751,-5.000000000000002,-5.12820512820513,0.3125,0.3125,0.0,0.0,0.0,-6.702991746626965,-6.65843895720466,0.044552789422304784,-0.6646702115473191,0.6668865095341697,0.7835387285917322,0.7835387285917343,2.1094237467877974e-15,2.6921754723970076e-13,2.692175472397004e-13,546.5240320094571,575.2884547467958,28.76442273733869,5.263157894736631,5.128205128204928,0.2143475529781328,0.20363017532922617,-0.010717377648906623,-4.999999999999992,-5.12820512820512
2850af90-f8fc-4050-a178-b659098e69df,scale_plus_5pct,4262434527,True,13.305040063673488,13.970292066857166,0.6652520031836779,5.000000000000027,4.8780487804878305,11.120546415258234,11.120546415258234,0.0,0.0,0.0,165.94968982275014,174.24717431388768,8.297484491137538,5.000000000000019,4.8780487804878225,0.3125,0.3125,0.0,0.0,0.0,-6.702991746626965,-6.74537034476684,-0.042378598139875656,0.6322340790767217,-0.6302417774279825,0.7835387285917322,0.7835387285917327,4.440892098500626e-16,5.667737836625279e-14,5.6677378366252773e-14,546.5240320094571,520.4990781041797,-26.024953905277357,-4.761904761916677,-4.878048780500307,0.2143475529781328,0.22506493062703944,0.01071737764890665,5.000000000000005,4.87804878048781
2850af90-f8fc-4050-a178-b659098e69df,scale_plus_10pct,4262434527,True,13.305040063673488,14.635544070040838,1.3305040063673506,10.000000000000012,9.523809523809536,11.120546415258234,11.120546415258234,0.0,0.0,0.0,165.94968982275014,182.54465880502522,16.594968982275077,10.000000000000037,9.523809523809557,0.3125,0.3125,0.0,0.0,0.0,-6.702991746626965,-6.7857771169434145,-0.08278537031644984,1.2350510554948624,-1.227471108056887,0.7835387285917322,0.7835387285917305,-1.7763568394002505e-15,-2.2670951346501117e-13,-2.2670951346501142e-13,546.5240320094571,496.84002909962663,-49.68400290983044,-9.090909090887097,-9.523809523785387,0.2143475529781328,0.23578230827594612,0.02143475529781333,10.000000000000023,9.523809523809545
2850af90-f8fc-4050-a178-b659098e69df,combined_degradation,4262434527,True,13.305040063673488,17.116956508947023,3.8119164452735355,28.650168861055462,25.060264773707996,11.120546415258234,24.952177456690873,13.831631041432638,124.37905948986993,76.68747772157234,165.94968982275014,90.15851949516757,-75.79117032758258,-45.67117323842827,-59.186833978835764,0.3125,1.0833333333333333,0.7708333333333333,246.66666666666663,110.44776119402985,-6.702991746626965,-5.4023553553273045,1.3006363912996601,-19.403819077565743,21.488626147525956,0.7835387285917322,0.44174340634457737,-0.34179532224715486,-43.622007410082915,-55.790468578883086,546.5240320094571,51.76855653862491,-494.75547547083215,-90.52767060429483,-165.38913733545974,0.2143475529781328,0.2229824083816866,0.008634855403553798,4.0284366597992864,3.9488972476090423
2ac2bc4c-b28e-4adf-a94e-a1227f7801d9,frame_thinning_2x,3477682359,True,3.9513598226650752,3.715195040238695,-0.23616478242638017,-5.97679768548879,-6.16091025629029,3.4721865830260876,4.546291539375068,1.0741049563489806,30.93454025770914,26.79074357884104,13.625047252242734,13.70160240843344,0.07655515619070563,0.5618707573884146,0.5602966857724287,0.6111111111111109,0.3636363636363636,-0.24747474747474735,-40.49586776859503,-50.77720207253884,-3.1657246440293245,-3.1695886188138567,-0.0038639747845321537,0.12205656584250797,-0.12198212224782921,0.9417485454783826,0.9501324913633765,0.008383945884993915,0.8902531281038613,0.8863079360412413,467.1900957882137,126.17889257830852,-341.01120320990515,-72.9919590085857,-114.94068948519553,0.057677882269657414,0.03840164813485392,-0.01927623413480349,-33.420495649758166,-40.12557941040559
2ac2bc4c-b28e-4adf-a94e-a1227f7801d9,frame_thinning_3x,3477682359,True,3.9513598226650752,3.6476568775116287,-0.30370294515344654,-7.686036169406811,-7.993216942038945,3.4721865830260876,11.444625803341436,7.972439220315349,229.60860626813408,106.89199560626453,13.625047252242734,13.344724354527683,-0.2803228977150507,-2.0574086278409673,-2.0787932638234077,0.6111111111111109,0.5714285714285714,-0.03968253968253954,-6.493506493506472,-6.711409395973131,-3.1657246440293245,-3.3485695824370962,-0.18284493840777172,5.775768867094115,-5.613653054383243,0.9417485454783826,0.9595431183498756,0.017794572871492997,1.8895248585124005,1.8718404135495503,467.1900957882137,90.32490461440861,-376.8651911738051,-80.66634857444525,-135.19463723904943,0.057677882269657414,0.04320974279528933,-0.014468139474368084,-25.08438053728497,-28.68169305215416
2ac2bc4c-b28e-4adf-a94e-a1227f7801d9,landmark_dropout_5pct,3477682359,True,3.9513598226650752,3.950003394096009,-0.0013564285690663702,-0.03432814600396224,-0.03433403912350192,3.4721865830260876,3.4721870107957873,4.2776969966240586e-07,1.2319893802757428e-05,1.2319893043858558e-05,13.625047252242734,13.615934027790754,-0.009113224451979818,-0.06688581906003847,-0.06690819510719634,0.6111111111111109,0.9333333333333333,0.3222222222222224,52.727272727272776,41.726618705036,-3.1657246440293245,-3.3286138600624433,-0.1628892160331188,5.145400638060356,-5.016345111376322,0.9417485454783826,0.9418695542926838,0.00012100881430121557,0.012849376288629828,0.012848550809309266,467.1900957882137,610.1417721654915,142.9516763772778,30.59818212458009,26.538094830296192,0.057677882269657414,0.07764792485351849,0.01997004258386107,34.623397735888624,29.514019547925535
2ac2bc4c-b28e-4adf-a94e-a1227f7801d9,landmark_dropout_10pct,3477682359,True,3.9513598226650752,3.950003394096009,-0.0013564285690663702,-0.03432814600396224,-0.03433403912350192,3.4721865830260876,3.4721870107957873,4.2776969966240586e-07,1.2319893802757428e-05,1.2319893043858558e-05,13.625047252242734,13.615934027790754,-0.009113224451979818,-0.06688581906003847,-0.06690819510719634,0.6111111111111109,0.9333333333333333,0.3222222222222224,52.727272727272776,41.726618705036,-3.1657246440293245,-3.3286138600624433,-0.1628892160331188,5.145400638060356,-5.016345111376322,0.9417485454783826,0.9418695542926838,0.00012100881430121557,0.012849376288629828,0.012848550809309266,467.1900957882137,610.1417721654915,142.9516763772778,30.59818212458009,26.538094830296192,0.057677882269657414,0.07764792485351849,0.01997004258386107,34.623397735888624,29.514019547925535
2ac2bc4c-b28e-4adf-a94e-a1227f7801d9,landmark_dropout_20pct,3477682359,True,3.9513598226650752,31.69862509299936,27.747265270334285,702.2206661913057,155.66494816743818,3.4721865830260876,2.1812171375218363,-1.2909694455042513,-37.18030165242856,-45.67052025002493,13.625047252242734,945.3514804282715,931.7264331760288,6838.335426856323,194.3168380626801,0.6111111111111109,0.07142857142857142,-0.5396825396825395,-88.31168831168831,-158.13953488372093,-3.1657246440293245,-8.57188149571225,-5.406156851682924,170.77154394584315,-92.11685564024133,0.9417485454783826,0.239765813205813,-0.7019827322725696,-74.54035747047334,-118.8276261076233,467.1900957882137,684.5253723332813,217.33527654506764,46.51966694165322,37.74114050921835,0.057677882269657414,0.060415148861215774,0.00273726659155836,4.745782063843826,4.635780054667008
2ac2bc4c-b28e-4adf-a94e-a1227f7801d9,jitter_sigma_0p004,3477682359,True,3.9513598226650752,3.6825465066818284,-0.26881331598324687,-6.80305839122341,-7.042614996462614,3.4721865830260876,2.4516947971057528,-1.0204917859203348,-29.390465100840107,-34.45348481632234,13.625047252242734,14.322969246189711,0.6979219939469772,5.122345493753033,4.994429525874385,0.6111111111111109,0.33333333333333337,-0.27777777777777757,-45.45454545454543,-58.82352941176467,-3.1657246440293245,-4.3573747151394,-1.1916500711100757,37.64225272585133,-31.679764262524603,0.9417485454783826,0.7830693137184761,-0.1586792317599065,-16.84942679463357,-18.399534874226504,467.1900957882137,108.80508853956972,-358.38500724864394,-76.71074589969622,-124.4402790161859,0.057677882269657414,0.17903787774826882,0.1213599954786114,210.40993653550836,102.53647283089299
2ac2bc4c-b28e-4adf-a94e-a1227f7801d9,jitter_sigma_0p008,3477682359,True,3.9513598226650752,3.772701332380774,-0.17865849028430114,-4.521443206956568,-4.62602474781262,3.4721865830260876,2.5327120665822593,-0.9394745164438283,-27.05714379050032,-31.290270536209732,13.625047252242734,34.35779624025513,20.732748988012393,152.1664373281326,86.41734202873562,0.6111111111111109,3.666666666666665,3.0555555555555545,500.0,142.85714285714286,-3.1657246440293245,-5.479704759031447,-2.313980115002123,73.09480056537375,-53.53071564456697,0.9417485454783826,0.6409385797589409,-0.30080996571944174,-31.94164378206058,-38.01256242282698,467.1900957882137,57.69156190188713,-409.4985338863265,-87.65137308731822,-156.03461385503454,0.057677882269657414,1.596195198284355,1.5385173160146977,2667.430313793031,186.05022768728142
2ac2bc4c-b28e-4adf-a94e-a1227f7801d9,scale_minus_10pct,3477682359,True,3.9513598226650752,3.5562238403985664,-0.3951359822665088,-10.000000000000032,-10.52631578947372,3.4721865830260876,3.4721865830260876,0.0,0.0,0.0,13.625047252242734,12.262542527018468,-1.362504725224266,-9.999999999999945,-10.526315789473625,0.6111111111111109,0.6111111111111109,0.0,0.0,0.0,-3.1657246440293245,-3.0742096629080446,0.09151498112127987,-2.8908067318451263,2.93320335182171,0.9417485454783826,0.9417485454783818,-7.771561172376096e-16,-8.252267773271e-14,-8.252267773271003e-14,467.1900957882137,519.1001064311025,51.910010642888835,11.111111111058452,10.526315789426423,0.057677882269657414,0.05191009404269168,-0.005767788226965734,-9.999999999999986,-10.526315789473669
2ac2bc4c-b28e-4adf-a94e-a1227f7801d9,scale_minus_5pct,3477682359,True,3.9513598226650752,3.7537918315318204,-0.19756799113325485,-5.0000000000000275,-5.128205128205157,3.4721865830260876,3.4721865830260876,0.0,0.0,0.0,13.625047252242734,12.943794889630608,-0.6812523626121259,-4.99999999999992,-5.128205128205045,0.6111111111111109,0.6111111111111109,0.0,0.0,0.0,-3.1657246440293245,-3.1211718546070517,0.04455278942227281,-1.4073488515907737,1.4173221853401365,0.9417485454783826,0.9417485454783803,-2.3314683517128287e-15,-2.4756803319813005e-13,-2.4756803319813035e-13,467.1900957882137,491.7790481979745,24.588952409760793,5.263157894705764,5.128205128175625,0.057677882269657414,0.05479398815617454,-0.002883894113482874,-5.000000000000005,-5.128205128205134
2ac2bc4c-b28e-4adf-a94e-a1227f7801d9,scale_plus_5pct,3477682359,True,3.9513598226650752,4.148927813798328,0.19756799113325263,4.999999999999972,4.878048780487778,3.4721865830260876,3.4721865830260876,0.0,0.0,0.0,13.625047252242734,14.306299614854872,0.6812523626121383,5.000000000000012,4.878048780487816,0.6111111111111109,0.6111111111111109,0.0,0.0,0.0,-3.1657246440293245,-3.208103242169174,-0.042378598139849455,1.3386697487975487,-1.3297691401932428,0.9417485454783826,0.9417485454783808,-1.7763568394002505e-15,-1.8862326338905144e-13,-1.8862326338905162e-13,467.1900957882137,444.9429483696151,-22.24714741859856,-4.761904761928776,-4.878048780513005,0.057677882269657414,0.060561776383140274,0.00288389411348286,4.999999999999981,4.878048780487787
2ac2bc4c-b28e-4adf-a94e-a1227f7801d9,scale_plus_10pct,3477682359,True,3.9513598226650752,4.346495804931582,0.3951359822665066,9.999999999999977,9.5238095238095,3.4721865830260876,3.4721865830260876,0.0,0.0,0.0,13.625047252242734,14.987551977466998,1.3625047252242641,9.999999999999932,9.523809523809462,0.6111111111111109,0.6111111111111109,0.0,0.0,0.0,-3.1657246440293245,-3.248510014345724,-0.08278537031639965,2.615052780175811,-2.5813015807991064,0.9417485454783826,0.9417485454783799,-2.6645352591003757e-15,-2.8293489508357715e-13,-2.8293489508357755e-13,467.1900957882137,424.7182688983406,-42.47182688987306,-9.090909090916679,-9.523809523817851,0.057677882269657414,0.06344567049662315,0.005767788226965741,10.0,9.523809523809524
2ac2bc4c-b28e-4adf-a94e-a1227f7801d9,combined_degradation,3477682359,True,3.9513598226650752,9.951810496476769,6.000450673811693,151.85786521877847,86.31773237432459,3.4721865830260876,1.555415892424981,-1.9167706906011066,-55.20356250356219,-76.24989047803096,13.625047252242734,101.90401169405774,88.278964441815,647.9167580669048,152.82555791066954,0.6111111111111109,7.500000000000002,6.888888888888891,1127.272727272728,169.86301369863017,-3.1657246440293245,-5.201618756481996,-2.0358941124526715,64.31052417311291,-48.6628554608685,0.9417485454783826,0.6930600753830086,-0.24868847009537398,-26.40709893202405,-30.42416915618397,467.1900957882137,86.95490142431068,-380.235194363903,-81.38768304203757,-137.2331055144674,0.057677882269657414,3.5253974622648356,3.4677195799951783,6012.217237420036,193.56107514092471
2d1d534f-da92-4cd2-830b-7c8b6382e676,frame_thinning_2x,2920510365,True,4.417306599013553,4.202813485013201,-0.21449311400035231,-4.855744313701287,-4.97656904798373,38.0790001381753,31.865076230858183,-6.21392390731712,-16.318505960684302,-17.768263532516176,36.39069991183301,16.66723312305433,-19.72346678877868,-54.19919604889293,-74.3469097290686,2.8076923076923075,0.8773584905660378,-1.9303338171262698,-68.75161540449729,-104.76565576998819,-4.249413284917357,-3.13991799661446,1.109495288302897,-26.109375904689735,30.029653456622324,0.020399058682855898,0.020404820214497646,5.761531641747947e-06,0.02824410543311072,0.028240117348851502,274.80104567911565,118.08949102290416,-156.7115546562115,-57.02727741407618,-79.77364686442745,1.6675756302253446,1.107236951122129,-0.5603386791032157,-33.60199495284633,-40.387497366118346
2d1d534f-da92-4cd2-830b-7c8b6382e676,frame_thinning_3x,2920510365,True,4.417306599013553,3.040288744943537,-1.3770178540700164,-31.173246031360463,-36.92927252176045,38.0790001381753,21.986388251199102,-16.0926118869762,-42.26111985236422,-53.58364382048345,36.39069991183301,5.591523172996001,-30.79917673883701,-84.63474682668077,-146.7248491181822,2.8076923076923075,0.10743801652892562,-2.700254291163382,-96.17344050718896,-185.25787809399196,-4.249413284917357,-1.794136430746178,2.4552768541711787,-57.7791965513406,81.25280570813037,0.020399058682855898,0.053092288822846105,0.032693230139990204,160.26832731976387,88.9716442808553,274.80104567911565,76.0088283413042,-198.79221733781145,-72.34041517074157,-113.33330790241111,1.6675756302253446,0.028883981304114677,-1.63869164892123,-98.26790576807534,-193.18958586274294
2d1d534f-da92-4cd2-830b-7c8b6382e676,landmark_dropout_5pct,2920510365,True,4.417306599013553,18.761031660202242,14.343725061188689,324.7165380005962,123.76836424402055,38.0790001381753,38.07945119904869,0.0004510608733880872,0.0011845396983937234,0.0011845326827637894,36.39069991183301,442.13658012144975,405.74588020961676,1114.971355848207,169.5810864456447,2.8076923076923075,0.08493150684931507,-2.7227608008429924,-96.97504222180523,-188.25543696040216,-4.249413284917357,-6.913637873485881,-2.6642245885685245,62.69629263938113,-47.73291012937748,0.020399058682855898,0.012769322518207784,-0.007629736164648114,-37.40239333229831,-46.00608102275088,274.80104567911565,288.06901301797814,13.26796733886249,4.8282084611699245,4.714397980086055,1.6675756302253446,0.03287159136801454,-1.63470403885733,-98.02877957843673,-192.2675421029032
2d1d534f-da92-4cd2-830b-7c8b6382e676,landmark_dropout_10pct,2920510365,True,4.417306599013553,21.483135433127025,17.06582883411347,386.3401475895857,131.7802129626669,38.0790001381753,38.07849989678282,-0.0005002413924799498,-0.0013136936123972524,-0.0013137022414084678,36.39069991183301,514.5330463678583,478.14234645602534,1313.913575761014,173.57841250621402,2.8076923076923075,0.08493150684931507,-2.7227608008429924,-96.97504222180523,-188.25543696040216,-4.249413284917357,-7.341791305087957,-3.0923780201706004,72.7718819712482,-53.35731927011363,0.020399058682855898,0.00892753481009736,-0.011471523872758538,-56.23555503764308,-78.23291085966035,274.80104567911565,325.4627535075162,50.66170782840055,18.43577694662708,16.87981447391899,1.6675756302253446,18.098078403513178,16.430502773287834,985.2928092423329,166.25306448491077
2d1d534f-da92-4cd2-830b-7c8b6382e676,landmark_dropout_20pct,2920510365,True,4.417306599013553,26.479476915843833,22.06217031683028,499.44847210191546,142.81208467037487,38.0790001381753,38.07754735262143,-0.0014527855538730705,-0.0038151882890869572,-0.003815261068783705,36.39069991183301,629.1172627886863,592.7265628768532,1628.7858280079927,178.12756453631854,2.8076923076923075,0.08493150684931507,-2.7227608008429924,-96.97504222180523,-188.25543696040216,-4.249413284917357,-7.732770612089585,-3.483357327172228,81.97266525089175,-58.14227785374491,0.020399058682855898,0.006014512785541718,-0.01438454589731418,-70.51573369610172,-108.91784107669422,274.80104567911565,217.56238083898484,-57.23866484013081,-20.82912919733509,-23.25057539099183,1.6675756302253446,18.178181287902028,16.510605657676685,990.0963625527171,166.3892763152378
2d1d534f-da92-4cd2-830b-7c8b6382e676,jitter_sigma_0p004,2920510365,True,4.417306599013553,4.594910811464998,0.17760421245144453,4.020644899113547,3.941409852029162,38.0790001381753,51.778143142170514,13.69914300399521,35.975584848041805,30.490938180073627,36.39069991183301,37.35832533784714,0.9676254260141306,2.658990973953463,2.6241036345584163,2.8076923076923075,0.43999999999999995,-2.3676923076923075,-84.32876712328768,-145.8076740881099,-4.249413284917357,-4.8493131212706295,-0.5998998363532726,14.11723916058072,-13.186457303415224,0.020399058682855898,0.01887234191440664,-0.0015267167684492565,-7.48425107346921,-7.7752091610182,274.80104567911565,116.81664870402054,-157.9843969750951,-57.490464268310326,-80.68297180695431,1.6675756302253446,0.929429237929701,-0.7381463922956436,-44.26464256951846,-56.84597679018097
2d1d534f-da92-4cd2-830b-7c8b6382e676,jitter_sigma_0p008,2920510365,True,4.417306599013553,4.771842787064837,0.3545361880512834,8.02607154618736,7.716409281329295,38.0790001381753,65.23844731961846,27.159447181443156,71.32395042645834,52.574754506082954,36.39069991183301,45.636027137955516,9.245327226122505,25.40574171016766,22.542231193768792,2.8076923076923075,0.18208955223880596,-2.6256027554535013,-93.51461868738498,-175.63841634345835,-4.249413284917357,-5.293246235394079,-1.0438329504767223,24.564166403433806,-21.877191536697637,0.020399058682855898,0.01586106937627578,-0.004537989306580118,-22.246072120935693,-25.03018907809555,274.80104567911565,66.32814229400589,-208.47290338510976,-75.8632132821441,-122.22519252825465,1.6675756302253446,0.9759108701537406,-0.691664760071604,-41.477264810960165,-52.32973650309293
2d1d534f-da92-4cd2-830b-7c8b6382e676,scale_minus_10pct,2920510365,True,4.417306599013553,3.9755759391121983,-0.44173065990135507,-9.999999999999993,-10.526315789473676,38.0790001381753,38.0790001381753,0.0,0.0,0.0,36.39069991183301,32.75162992064972,-3.639069991183291,-9.999999999999973,-10.526315789473655,2.8076923076923075,2.8076923076923075,0.0,0.0,0.0,-4.249413284917357,-4.157898303796012,0.09151498112134515,-2.1535909779866222,2.1770331729872363,0.020399058682855898,0.020399058682855877,-2.0816681711721685e-17,-1.0204726617712402e-13,-1.0204726617712407e-13,274.80104567911565,305.3344951988989,30.533449519783233,11.111111111067986,10.52631578943498,1.6675756302253446,1.5008180672028102,-0.16675756302253442,-9.999999999999998,-10.52631578947368
2d1d534f-da92-4cd2-830b-7c8b6382e676,scale_minus_5pct,2920510365,True,4.417306599013553,4.196441269062879,-0.22086532995067465,-4.999999999999932,-5.128205128205057,38.0790001381753,38.0790001381753,0.0,0.0,0.0,36.39069991183301,34.57116491624138,-1.8195349955916313,-4.999999999999948,-5.128205128205072,2.8076923076923075,2.8076923076923075,0.0,0.0,0.0,-4.249413284917357,-4.204860495495055,0.04455278942230212,-1.0484456661449109,1.0539708218469541,0.020399058682855898,0.020399058682855895,-3.469446951953614e-18,-1.7007877696187336e-14,-1.700787769618734e-14,274.80104567911565,289.26425860954356,14.463212930427915,5.263157894717971,5.128205128187212,1.6675756302253446,1.5841968487140783,-0.08337878151126632,-4.999999999999946,-5.12820512820507
2d1d534f-da92-4cd2-830b-7c8b6382e676,scale_plus_5pct,2920510365,True,4.417306599013553,4.638171928964228,0.22086532995067465,4.999999999999932,4.87804878048774,38.0790001381753,38.0790001381753,0.0,0.0,0.0,36.39069991183301,38.210234907424656,1.8195349955916456,4.999999999999987,4.8780487804877914,2.8076923076923075,2.8076923076923075,0.0,0.0,0.0,-4.249413284917357,-4.29179188305723,-0.04237859813987299,0.9972811609143631,-0.9923329859531383,0.020399058682855898,0.020399058682855888,-1.0408340855860843e-17,-5.102363308856201e-14,-5.1023633088562014e-14,274.80104567911565,261.71528159912185,-13.085764079993794,-4.761904761917828,-4.8780487805015165,1.6675756302253446,1.7509544117366107,0.0833787815112661,4.9999999999999325,4.87804878048774
2d1d534f-da92-4cd2-830b-7c8b6382e676,scale_plus_10pct,2920510365,True,4.417306599013553,4.859037258914908,0.4417306599013546,9.999999999999984,9.52380952380951,38.0790001381753,38.0790001381753,0.0,0.0,0.0,36.39069991183301,40.029769903016316,3.6390699911833053,10.000000000000012,9.523809523809534,2.8076923076923075,2.8076923076923075,0.0,0.0,0.0,-4.249413284917357,-4.332198655233802,-0.0827853703164454,1.9481600109426733,-1.9293664382355464,0.020399058682855898,0.020399058682855884,-1.3877787807814457e-17,-6.803151078474934e-14,-6.803151078474936e-14,274.80104567911565,249.81913243551463,-24.981913243601014,-9.090909090925484,-9.523809523827513,1.6675756302253446,1.8343331932478797,0.16675756302253508,10.000000000000037,9.523809523809557
2d1d534f-da92-4cd2-830b-7c8b6382e676,combined_degradation,2920510365,True,4.417306599013553,4.707430386459896,0.29012378744634226,6.567888846817447,6.359060823522221,38.0790001381753,3.167714424277427,-34.911285713897875,-91.68120377955591,-169.280322489869,36.39069991183301,29.920553133460817,-6.470146778372193,-17.779671163368647,-19.51447599384909,2.8076923076923075,0.052631578947368425,-2.755060728744939,-98.12545061283345,-192.63977353149326,-4.249413284917357,-4.052846715023921,0.19656656989343624,-4.62573434763616,4.7352544944346855,0.020399058682855898,0.030766550623089663,0.010367491940233765,50.82338406598623,40.52523591868587,274.80104567911565,89.62372015466879,-185.17732552444687,-67.38596102020583,-101.62719051257179,1.6675756302253446,0.5441306733427944,-1.1234449568825502,-67.3699553123558,-101.590790338672
2e777553-6d50-42a0-9b93-ba0d32a6d98a,frame_thinning_2x,1161259413,True,3.8080588165590785,9.587644583862605,5.7795857673035265,151.77249212043156,86.29014236193959,1.205870948851076,39.51278180700215,38.30691085815107,3176.700698747984,188.15411741560885,42.30067045298096,70.09667738048564,27.796006927504685,65.71055879220911,49.46025411327073,0.4651162790697674,0.8421052631578948,0.3769889840881274,81.05263157894741,57.67790262172287,-4.190321983931936,-4.745650304038742,-0.5553283201068062,13.252640781215597,-12.429051975784919,0.806327837420412,0.9160166892751167,0.10968885185470467,13.603505517758022,12.737155679897855,1192.242245261233,307.7442956860891,-884.4979495751438,-74.18777124286021,-117.93411813102482,0.03922123045499285,0.02976028908285902,-0.009460941372133831,-24.121990213923684,-27.43036522105715
2e777553-6d50-42a0-9b93-ba0d32a6d98a,frame_thinning_3x,1161259413,True,3.8080588165590785,9.125889333018604,5.317830516459525,139.64675370389,82.2305834994887,1.205870948851076,33.73967780338301,32.53380685453193,2697.9509611313997,186.19714393497412,42.30067045298096,57.38508720105542,15.08441674807446,35.6599944789089,30.263935597350955,0.4651162790697674,0.5000000000000001,0.03488372093023273,7.500000000000038,7.228915662650638,-4.190321983931936,-4.678490361801639,-0.48816837786970346,11.649901361795516,-11.008652767459703,0.806327837420412,0.9400740529328804,0.13374621551246835,16.58707653457018,15.31677401991495,1192.242245261233,565.4121016350681,-626.8301436261648,-52.575736694250395,-71.32575807445113,0.03922123045499285,0.020019342120166792,-0.01920188833482606,-48.957893753131,-64.82681547503363
2e777553-6d50-42a0-9b93-ba0d32a6d98a,landmark_dropout_5pct,1161259413,True,3.8080588165590785,3.816192575575892,0.008133759016813347,0.21359331377562402,0.21336544661168896,1.205870948851076,1.20622418085582,0.00035323200474413063,0.02929268717193008,0.02928839749260249,42.30067045298096,76.01003613385843,33.709365680877475,79.68990874115555,56.98447191021548,0.4651162790697674,0.16666666666666666,-0.29844961240310075,-64.16666666666667,-94.47852760736197,-4.190321983931936,-6.503621741438197,-2.313299757506261,55.205775746512096,-43.26373537983424,0.806327837420412,0.5757489966042015,-0.2305788408162105,-28.596165246368493,-33.367007555544355,1192.242245261233,1078.9683799256077,-113.27386533562526,-9.500910220708187,-9.974756553131819,0.03922123045499285,1.297411525515515,1.2581902950605222,3207.931725916454,188.26267565872575
2e777553-6d50-42a0-9b93-ba0d32a6d98a,landmark_dropout_10pct,1161259413,True,3.8080588165590785,3.4883247823641303,-0.31973403419494817,-8.396247263949995,-8.764178304499618,1.205870948851076,1.5377991104096536,0.33192816155857763,27.52601029777113,24.195924027979828,42.30067045298096,110.12123476473786,67.8205643117569,160.32976211840995,88.99057417617537,0.4651162790697674,0.169811320754717,-0.2953049583150504,-63.49056603773584,-93.0200414651002,-4.190321983931936,-6.282087981202918,-2.091765997270982,49.91898009966766,-39.94813045392548,0.806327837420412,0.5945791553584315,-0.2117486820619805,-26.26086713555651,-30.23022701056765,1192.242245261233,1045.973716377316,-146.26852888391704,-12.268356490913309,-13.070099703590449,0.03922123045499285,0.5748865499237867,0.5356653194687939,1365.7534790589516,174.45319423844376
2e777553-6d50-42a0-9b93-ba0d32a6d98a,landmark_dropout_20pct,1161259413,True,3.8080588165590785,0.5697095489801359,-3.2383492675789425,-85.03937107003722,-147.945208479758,1.205870948851076,0.3149244466845587,-0.8909465021665173,-73.88406719768722,-117.16849022319926,42.30067045298096,28.96858154737997,-13.33208890560099,-31.517441125242186,-37.41329824966726,0.4651162790697674,0.2142857142857143,-0.2508305647840531,-53.928571428571416,-73.83863080684594,-4.190321983931936,-5.973956034256579,-1.7836340503246433,42.56556076511793,-35.09612875863708,0.806327837420412,0.25759243988522734,-0.5487353975351847,-68.05363427494802,-103.1534804327347,1192.242245261233,474.2879890817723,-717.9542561794606,-60.21882373595554,-86.16156387495711,0.03922123045499285,0.3558687697575725,0.3166475393025796,807.3370866473427,160.29134583624878
2e777553-6d50-42a0-9b93-ba0d32a6d98a,jitter_sigma_0p004,1161259413,True,3.8080588165590785,5.747223534597493,1.9391647180384148,50.922656698633226,40.5883289844114,1.205870948851076,3.4375858141164177,2.231714865265342,185.07078783112442,96.12299539703777,42.30067045298096,72.9038613612989,30.603190908317934,72.34682235671586,53.12844976906473,0.4651162790697674,0.27450980392156865,-0.19060647514819873,-40.980392156862735,-51.54130702836003,-4.190321983931936,-6.758738193002651,-2.5684162090707154,61.29400601957261,-46.91573829288782,0.806327837420412,0.5900105098716804,-0.21631732754873167,-26.82746613843443,-30.98351169231069,1192.242245261233,191.1506448721575,-1001.0916003890754,-83.96713036868826,-144.7299039237577,0.03922123045499285,0.7790989831738365,0.7398777527188437,1886.4215735604425,180.82841909473711
2e777553-6d50-42a0-9b93-ba0d32a6d98a,jitter_sigma_0p008,1161259413,True,3.8080588165590785,0.7340832930514115,-3.073975523507667,-80.72290034336388,-135.353560030788,1.205870948851076,0.2973571593893436,-0.9085137894617323,-75.34088040908041,-120.87504011951707,42.30067045298096,43.99055076919314,1.6898803162121823,3.9949256078353605,3.9166911587941153,0.4651162790697674,0.0,-0.4651162790697674,-100.0,-200.00000000000003,-4.190321983931936,-6.84194691759291,-2.6516249336609743,63.279741839142766,-48.0703463146094,0.806327837420412,1.0,0.19367216257958797,24.01903463970438,21.44374443746248,1192.242245261233,0.0,-1192.242245261233,-100.0,-200.0,0.03922123045499285,0.0,-0.03922123045499285,-100.0,-200.0
2e777553-6d50-42a0-9b93-ba0d32a6d98a,scale_minus_10pct,1161259413,True,3.8080588165590785,3.4272529349031693,-0.38080588165590923,-10.000000000000037,-10.526315789473724,1.205870948851076,1.205870948851076,0.0,0.0,0.0,42.30067045298096,38.07060340768286,-4.2300670452980995,-10.000000000000009,-10.526315789473694,0.4651162790697674,0.4651162790697674,0.0,0.0,0.0,-4.190321983931936,-4.098807002810592,0.09151498112134426,-2.183960599502006,2.208072314177076,0.806327837420412,0.8063278374204147,2.6645352591003757e-15,3.3045309059708315e-13,3.3045309059708264e-13,1192.242245261233,1324.7136058462788,132.4713605850459,11.111111111150066,10.526315789508645,0.03922123045499285,0.035299107409493574,-0.0039221230454992775,-9.99999999999998,-10.526315789473664
2e777553-6d50-42a0-9b93-ba0d32a6d98a,scale_minus_5pct,1161259413,True,3.8080588165590785,3.6176558757311224,-0.19040294082795617,-5.000000000000059,-5.12820512820519,1.205870948851076,1.205870948851076,0.0,0.0,0.0,42.30067045298096,40.18563693033187,-2.1150335226490924,-5.000000000000105,-5.128205128205238,0.4651162790697674,0.4651162790697674,0.0,0.0,0.0,-4.190321983931936,-4.145769194509634,0.04455278942230212,-1.063230691892955,1.0689131984909803,0.806327837420412,0.8063278374204149,2.886579864025407e-15,3.5799084814684013e-13,3.5799084814683947e-13,1192.242245261233,1254.9918371169676,62.74959185573471,5.263157894726805,5.1282051281956,0.03922123045499285,0.03726016893224321,-0.0019610615227496422,-4.999999999999999,-5.128205128205128
2e777553-6d50-42a0-9b93-ba0d32a6d98a,scale_plus_5pct,1161259413,True,3.8080588165590785,3.9984617573870325,0.19040294082795395,5.0,4.878048780487806,1.205870948851076,1.205870948851076,0.0,0.0,0.0,42.30067045298096,44.415703975630024,2.115033522649064,5.000000000000037,4.878048780487841,0.4651162790697674,0.4651162790697674,0.0,0.0,0.0,-4.190321983931936,-4.232700582071809,-0.04237859813987299,1.0113446723754522,-1.0062563125716348,0.806327837420412,0.8063278374204135,1.4432899320127035e-15,1.7899542407342007e-13,1.789954240734199e-13,1192.242245261233,1135.4688050111135,-56.77344025011939,-4.761904761869911,-4.878048780451233,0.03922123045499285,0.0411822919777425,0.001961061522749649,5.000000000000017,4.878048780487821
2e777553-6d50-42a0-9b93-ba0d32a6d98a,scale_plus_10pct,1161259413,True,3.8080588165590785,4.188864698214985,0.38080588165590656,9.999999999999966,9.523809523809492,1.205870948851076,1.205870948851076,0.0,0.0,0.0,42.30067045298096,46.53073749827904,4.230067045298078,9.999999999999957,9.523809523809486,0.4651162790697674,0.4651162790697674,0.0,0.0,0.0,-4.190321983931936,-4.27310735424838,-0.0827853703164445,1.9756326753383255,-1.956307945834255,0.806327837420412,0.8063278374204107,-1.3322676295501878e-15,-1.6522654529854157e-13,-1.6522654529854172e-13,1192.242245261233,1083.8565865996413,-108.3856586615916,-9.090909091033186,-9.523809523945719,0.03922123045499285,0.04314335350049214,0.003922123045499291,10.000000000000016,9.52380952380954
2e777553-6d50-42a0-9b93-ba0d32a6d98a,combined_degradation,1161259413,True,3.8080588165590785,11.42962568225833,7.621566865699251,200.1430973848775,100.03576155275768,1.205870948851076,40.569423483547396,39.36355253469632,3264.325471328498,188.45374075529315,42.30067045298096,267.0984236264123,224.79775317343132,531.4283456176039,145.31248311654537,0.4651162790697674,2.500000000000001,2.0348837209302335,437.5000000000003,137.25490196078434,-4.190321983931936,-6.774975076670908,-2.5846530927389724,61.681491366295816,-47.1424180932655,0.806327837420412,0.8461662914828366,0.03983845406242459,4.9407266143601065,4.821615201606211,1192.242245261233,176.46135418333049,-1015.7808910779024,-85.19920302399065,-148.4296368461541,0.03922123045499285,0.640370016132189,0.6011487856771962,1532.7127137610496,176.91481127695116
2f15e60c-d955-4db2-8c3b-f233f9c696ad,frame_thinning_2x,1615536942,True,4.13096955299935,3.736789268985895,-0.39418028401345495,-9.542076719671165,-10.020141515064713,0.0,0.0,0.0,,,17.79270006438276,9.106373666801183,-8.686326397581578,-48.81960785125454,-64.58457628978925,0.10344827586206896,0.30769230769230765,0.2042440318302387,197.43589743589743,99.35483870967742,-4.785615793512023,-3.7240568256927595,1.0615589678192636,-22.182285699960396,24.94946669096337,0.9901489262068888,0.9950900858513028,0.004941159644413995,0.4990319651552653,0.49778989979561805,51.3372402061267,36.977316038200925,-14.359924167925776,-27.97174937777826,-32.51994864402232,0.2678537974500949,1.1794880056389536,0.9116342081888587,340.34768850298246,125.9735891332878
2f15e60c-d955-4db2-8c3b-f233f9c696ad,frame_thinning_3x,1615536942,True,4.13096955299935,5.4166689942803155,1.2856994412809657,31.123430584170368,26.932302368050795,0.0,15.899583240839803,15.899583240839803,,199.99999999999997,17.79270006438276,24.908771985819225,7.116071921436465,39.99433416899632,33.32939863558078,0.10344827586206896,0.6436781609195403,0.5402298850574714,522.2222222222223,144.6153846153846,-4.785615793512023,-3.2201109084521544,1.5655048850598687,-32.712715617126264,39.10962598000697,0.9901489262068888,0.0626979912563651,-0.9274509349505237,-93.66782212282433,-176.1796362922615,51.3372402061267,14.794017495949674,-36.54322271017703,-71.1826786236473,-110.51724700233444,0.2678537974500949,3.708535028030756,3.440681230580661,1284.5370360006602,173.05557286212277
2f15e60c-d955-4db2-8c3b-f233f9c696ad,landmark_dropout_5pct,1615536942,True,4.13096955299935,4.1885912748803875,0.05762172188103776,1.3948716189205674,1.385210663715354,0.0,0.0,0.0,,,17.79270006438276,20.35417684089384,2.5614767765110784,14.396222986069526,13.429549070932026,0.10344827586206896,0.10344827586206896,0.0,0.0,0.0,-4.785615793512023,-4.884583407864553,-0.09896761435252976,2.068022562252126,-2.04685782146952,0.9901489262068888,0.9886981219361248,-0.001450804270763939,-0.14652384427883505,-0.14663126916508282,51.3372402061267,273.43354678925664,222.09630658312994,432.62221672100026,136.7711108735202,0.2678537974500949,0.27826276070361095,0.010408963253516035,3.8860614830205558,3.8119932816929554
2f15e60c-d955-4db2-8c3b-f233f9c696ad,landmark_dropout_10pct,1615536942,True,4.13096955299935,66.45689648383446,62.32592693083511,1508.7481553956861,176.59105007739578,0.0,0.0,0.0,,,17.79270006438276,1884.0514672794357,1866.2587672150528,10488.901405981152,196.25780064005292,0.10344827586206896,11.499999999999982,11.396551724137913,11016.666666666648,196.43387815750367,-4.785615793512023,-8.968374854328506,-4.182759060816482,87.40273438764457,-60.82247935035792,0.9901489262068888,0.2714462331352646,-0.7187026930716242,-72.585312577661,-113.93555020397902,51.3372402061267,206.07666170386113,154.73942149773444,301.41749123332795,120.22615744494136,0.2678537974500949,58.38988170299639,58.1220279055463,21699.161430173594,198.17344604141388
2f15e60c-d955-4db2-8c3b-f233f9c696ad,landmark_dropout_20pct,1615536942,True,4.13096955299935,36.27933235873735,32.148362805738,778.2280259702283,159.10973828384533,0.0,11.884585085065906,11.884585085065906,,200.0,17.79270006438276,1069.5989168716787,1051.8062168072959,5911.448026445354,193.45490629603444,0.10344827586206896,0.0663265306122449,-0.03712174524982406,-35.8843537414966,-43.73056994818652,-4.785615793512023,-8.552048926285245,-3.766433132773222,78.70320759722223,-56.47814983956909,0.9901489262068888,0.04618593683698746,-0.9439629893699013,-95.33545554466045,-182.17335400593117,51.3372402061267,133.5669051510445,82.2296649449178,160.17546836322597,88.94301940724843,0.2678537974500949,15.371896620078024,15.10404282262793,5638.913081096801,193.14940992536813
2f15e60c-d955-4db2-8c3b-f233f9c696ad,jitter_sigma_0p004,1615536942,True,4.13096955299935,4.402900782005008,0.27193122900565836,6.582745903034283,6.372987128483701,0.0,0.6300725137119288,0.6300725137119288,,200.0,17.79270006438276,35.571553058770554,17.778852994387794,99.9221755554533,66.63206904951144,0.10344827586206896,1.0714285714285714,0.9679802955665024,935.7142857142858,164.77987421383648,-4.785615793512023,-5.3962713874331945,-0.6106555939211713,12.760230245584111,-11.994939308775216,0.9901489262068888,0.9789466557569021,-0.011202270449986673,-1.1313722767847543,-1.1378087028984731,51.3372402061267,40.636431130757096,-10.700809075369605,-20.84414556061887,-23.26928765553867,0.2678537974500949,2.4782803899311667,2.2104265924810718,825.2362346637653,160.98460174584218
2f15e60c-d955-4db2-8c3b-f233f9c696ad,jitter_sigma_0p008,1615536942,True,4.13096955299935,5.000127258956327,0.8691577059569768,21.040041443198543,19.037312249695066,0.0,81.99797834288535,81.99797834288535,,200.0,17.79270006438276,98.56799343346809,80.77529336908533,453.9799641246157,138.83604667683977,0.10344827586206896,0.08988764044943823,-0.013560635412630737,-13.108614232209712,-14.02805611222442,-4.785615793512023,-6.214947020930324,-1.4293312274183005,29.867237343960625,-25.986510900001765,0.9901489262068888,0.039268103123264966,-0.9508808230836238,-96.03412152617332,-184.74161510663296,51.3372402061267,49.301429957866674,-2.0358102482600273,-3.9655623093215464,-4.045781298466327,0.2678537974500949,4.560582097782753,4.292728300332658,1602.638581643576,177.81030517857354
2f15e60c-d955-4db2-8c3b-f233f9c696ad,scale_minus_10pct,1615536942,True,4.13096955299935,3.717872597699415,-0.4130969552999346,-9.999999999999991,-10.526315789473674,0.0,0.0,0.0,,,17.79270006438276,16.01343005794449,-1.7792700064382707,-9.99999999999997,-10.526315789473651,0.10344827586206896,0.10344827586206896,0.0,0.0,0.0,-4.785615793512023,-4.694100812390675,0.09151498112134782,-1.9122926927275883,1.9307535219853416,0.9901489262068888,0.9901489262068891,3.3306690738754696e-16,3.363806176748341e-14,3.3638061767483404e-14,51.3372402061267,57.04137800735333,5.704137801226629,11.111111112174441,10.526315790428033,0.2678537974500949,0.2410684177050854,-0.026785379745009497,-10.000000000000002,-10.526315789473687
2f15e60c-d955-4db2-8c3b-f233f9c696ad,scale_minus_5pct,1615536942,True,4.13096955299935,3.9244210753493824,-0.2065484776499673,-4.999999999999996,-5.128205128205123,0.0,0.0,0.0,,,17.79270006438276,16.90306506116362,-0.8896350032191407,-5.000000000000015,-5.128205128205144,0.10344827586206896,0.10344827586206896,0.0,0.0,0.0,-4.785615793512023,-4.74106300408972,0.04455278942230301,-0.9309729686763472,0.9353267884610275,0.9901489262068888,0.9901489262068893,5.551115123125783e-16,5.6063436279139015e-14,5.6063436279139e-14,51.3372402061267,54.03920021734913,2.7019600112224325,5.263157895464694,5.128205128896133,0.2678537974500949,0.2544611075775901,-0.013392689872504804,-5.000000000000022,-5.128205128205152
2f15e60c-d955-4db2-8c3b-f233f9c696ad,scale_plus_5pct,1615536942,True,4.13096955299935,4.337518030649319,0.2065484776499691,5.000000000000038,4.878048780487842,0.0,0.0,0.0,,,17.79270006438276,18.682335067601898,0.8896350032191371,4.999999999999995,4.8780487804878,0.10344827586206896,0.10344827586206896,0.0,0.0,0.0,-4.785615793512023,-4.8279943916519,-0.042378598139876544,0.885541171051179,-0.8816375393559592,0.9901489262068888,0.9901489262068897,8.881784197001252e-16,8.970149804662243e-14,8.970149804662238e-14,51.3372402061267,48.892609720365456,-2.4446304857612446,-4.761904761427937,-4.878048779987436,0.2678537974500949,0.2812464873225996,0.013392689872504693,4.9999999999999805,4.878048780487787
2f15e60c-d955-4db2-8c3b-f233f9c696ad,scale_plus_10pct,1615536942,True,4.13096955299935,4.544066508299281,0.41309695529993107,9.999999999999904,9.523809523809438,0.0,0.0,0.0,,,17.79270006438276,19.57197007082104,1.7792700064382778,10.00000000000001,9.523809523809534,0.10344827586206896,0.10344827586206896,0.0,0.0,0.0,-4.785615793512023,-4.868401163828472,-0.08278537031644895,1.7298791605603423,-1.7150450570423443,0.9901489262068888,0.9901489262068891,3.3306690738754696e-16,3.363806176748341e-14,3.3638061767483404e-14,51.3372402061267,46.67021836935946,-4.6670218367672405,-9.090909090610344,-9.523809523481647,0.2678537974500949,0.2946391771951044,0.026785379745009497,10.000000000000002,9.523809523809526
2f15e60c-d955-4db2-8c3b-f233f9c696ad,combined_degradation,1615536942,True,4.13096955299935,40.394688011491745,36.26371845849239,877.8500541637397,162.88908661693725,0.0,31.243646566687364,31.243646566687364,,200.0,17.79270006438276,604.0364267148747,586.2437266504919,3294.8553312829035,188.55460492399934,0.10344827586206896,0.1853932584269663,0.08194498256489734,79.21348314606743,56.740442655935624,-4.785615793512023,-6.875500885156433,-2.08988509164441,43.67013947249419,-35.84365287189712,0.9901489262068888,0.021428319714306723,-0.9687206064925821,-97.83584881555188,-191.52676879567687,51.3372402061267,32.584863557141325,-18.752376648985376,-36.527823805276206,-44.68995844499582,0.2678537974500949,20.161526646077824,19.89367284862773,7427.063957282224,194.75551795238212
32afaf69-d3a9-4e07-b029-92248bd657cb,frame_thinning_2x,1086532578,True,10.345279638030366,10.545046819185176,0.19976718115480985,1.9309983697341937,1.912532880363964,0.07788579316740402,0.04467476740859678,-0.03321102575880724,-42.64067220503878,-54.19529023484323,56.44795047069471,57.6223439347023,1.1743934640075935,2.080489112917017,2.059069751909099,2.6,1.5454545454545452,-1.054545454545455,-40.559440559440574,-50.87719298245616,-4.28811624050175,-4.514511703753882,-0.22639546325213278,5.279601824078407,-5.143815339824116,0.8633379834373659,0.9330437005730072,0.06970571713564133,8.073977801614749,7.760680010945695,619.3423400190586,282.9759229066738,-336.3664171123848,-54.31025708690189,-74.55604766808767,0.06942179814783433,0.027701796729403556,-0.04172000141843078,-60.096399879455255,-85.91115572104587
32afaf69-d3a9-4e07-b029-92248bd657cb,frame_thinning_3x,1086532578,True,10.345279638030366,9.243138526115205,-1.1021411119151612,-10.653565205367396,-11.252987379374085,0.07788579316740402,0.02236901638339337,-0.055516776784010645,-71.2797219188428,-110.75134855426812,56.44795047069471,54.592028326265556,-1.855922144429151,-3.2878468198640163,-3.3427998897996134,2.6,1.7142857142857146,-0.8857142857142855,-34.06593406593406,-41.0596026490066,-4.28811624050175,-4.371393507864513,-0.08327726736276375,1.9420478058920234,-1.923371409760816,0.8633379834373659,0.9419504189960727,0.07861243555870678,9.105638471472398,8.709127633317884,619.3423400190586,363.36381062709995,-255.97852939195866,-41.330700785623925,-52.0966576272358,0.06942179814783433,0.024140563243747602,-0.04528123490408673,-65.22624897681264,-96.79369830048093
32afaf69-d3a9-4e07-b029-92248bd657cb,landmark_dropout_5pct,1086532578,True,10.345279638030366,10.345406004619834,0.0001263665894679633,0.001221490321087369,0.0012214828609399086,0.07788579316740402,0.07780808943904899,-7.770372835502748e-05,-0.09976624130669735,-0.09981603265869986,56.44795047069471,56.45279707645527,0.004846605760562284,0.008585972954108278,0.008585604375273474,2.6,0.7419354838709676,-1.8580645161290326,-71.46401985111663,-111.19691119691122,-4.28811624050175,-4.290647877329475,-0.002531636827725059,0.05903843752679694,-0.05902101498426736,0.8633379834373659,0.8620616189877979,-0.0012763644495680238,-0.14784064573253222,-0.14795001085823928,619.3423400190586,785.1947569939858,165.85241697492722,26.778795224919318,23.61666592183815,0.06942179814783433,0.04164175160150695,-0.027780046546327382,-40.016316614515695,-50.02549731036693
32afaf69-d3a9-4e07-b029-92248bd657cb,landmark_dropout_10pct,1086532578,True,10.345279638030366,14.538733842161843,4.193454204131477,40.5349526630086,33.7040020290094,0.07788579316740402,0.07646715151074318,-0.001418641656660835,-1.8214382867125387,-1.8381789341550305,56.44795047069471,266.48533455609095,210.03738408539624,372.090363483504,130.08097574579512,2.6,0.48648648648648646,-2.1135135135135137,-81.28898128898129,-136.95271453590192,-4.28811624050175,-6.53503883324513,-2.2469225927433802,52.39882658779019,-41.520657838371264,0.8633379834373659,0.883437046570178,0.020099063132812067,2.328064271282028,2.301276671298108,619.3423400190586,758.732517264882,139.39017724582334,22.506159879451157,20.229696015287388,0.06942179814783433,0.032373101093706856,-0.03704869705412748,-53.36752726460924,-72.79087131117937
32afaf69-d3a9-4e07-b029-92248bd657cb,landmark_dropout_20pct,1086532578,True,10.345279638030366,20.190058964717945,9.84477932668758,95.1620417344458,64.48121931617622,0.07788579316740402,0.5282277157769966,0.45034192260959255,578.2080457749837,148.59986321502788,56.44795047069471,464.05737314525385,407.60942267455914,722.0978251215198,156.62065465263564,2.6,0.4736842105263158,-2.126315789473684,-81.78137651821862,-138.35616438356163,-4.28811624050175,-7.432417161945335,-3.1443009214435858,73.32592553684303,-53.65457037624413,0.8633379834373659,0.8656432536149656,0.0023052701775997386,0.2670182734716876,0.2666622549970407,619.3423400190586,557.4019484283353,-61.940391590723266,-10.000994214091227,-10.527417417499928,0.06942179814783433,1.1104226048775037,1.0410008067296692,1499.5301684823098,176.46408357921632
32afaf69-d3a9-4e07-b029-92248bd657cb,jitter_sigma_0p004,1086532578,True,10.345279638030366,10.356927385416704,0.01164774738633767,0.11258997140608255,0.11252662455887502,0.07788579316740402,1.8142932157307228,1.7364074225633188,2229.4276683183634,183.53521674193834,56.44795047069471,66.27808957245846,9.830139101763748,17.414519074287956,16.019646846434963,2.6,0.8620689655172414,-1.7379310344827585,-66.84350132625994,-100.39840637450197,-4.28811624050175,-5.204394376224859,-0.9162781357231093,21.367847426073887,-19.305285455431562,0.8633379834373659,0.6427829145536814,-0.22055506888368448,-25.54678157510783,-29.287830635359192,619.3423400190586,174.62732607770965,-444.71501394134896,-71.80439398470062,-112.0231749224403,0.06942179814783433,0.7104241662595625,0.6410023681117282,923.3445188883006,164.3920459596978
32afaf69-d3a9-4e07-b029-92248bd657cb,jitter_sigma_0p008,1086532578,True,10.345279638030366,9.126383934426798,-1.2188957036035681,-11.782143608015929,-12.519687381284736,0.07788579316740402,3.3611187432291696,3.2832329500617656,4215.445226326374,190.94089090687697,56.44795047069471,109.04650432087274,52.598553850178035,93.18062642059057,63.56533687660225,2.6,2.1176470588235294,-0.48235294117647065,-18.552036199095024,-20.448877805486287,-4.28811624050175,-5.869113984649502,-1.5809977441477523,36.86928374783891,-31.13048949570717,0.8633379834373659,0.4128997810164727,-0.4504382024208932,-52.17402813988109,-70.58844597247233,619.3423400190586,107.56368705522229,-511.7786529638363,-82.63259588357671,-140.81012783005548,0.06942179814783433,1.440302709281984,1.3708809111341496,1974.7124789462332,181.6067639344295
32afaf69-d3a9-4e07-b029-92248bd657cb,scale_minus_10pct,1086532578,True,10.345279638030366,9.310751674227328,-1.034527963803038,-10.000000000000012,-10.526315789473697,0.07788579316740402,0.07788579316740402,0.0,0.0,0.0,56.44795047069471,50.80315542362522,-5.644795047069486,-10.000000000000028,-10.526315789473717,2.6,2.6,0.0,0.0,0.0,-4.28811624050175,-4.196601259380405,0.09151498112134426,-2.1341534601365226,2.1571721420923047,0.8633379834373659,0.8633379834373665,5.551115123125783e-16,6.429828444503403e-14,6.4298284445034e-14,619.3423400190586,688.1581555761448,68.81581555708624,11.111111111016344,10.52631578938863,0.06942179814783433,0.0624796183330509,-0.006942179814783435,-10.000000000000002,-10.526315789473685
32afaf69-d3a9-4e07-b029-92248bd657cb,scale_minus_5pct,1086532578,True,10.345279638030366,9.828015656128844,-0.5172639819015217,-5.000000000000033,-5.128205128205162,0.07788579316740402,0.07788579316740402,0.0,0.0,0.0,56.44795047069471,53.62555294715996,-2.8223975235347467,-5.00000000000002,-5.128205128205149,2.6,2.6,0.0,0.0,0.0,-4.28811624050175,-4.243563451079449,0.04455278942230034,-1.0389827822644857,1.044408393959367,0.8633379834373659,0.8633379834373646,-1.3322676295501878e-15,-1.5431588266808167e-13,-1.5431588266808177e-13,619.3423400190586,651.9393052849238,32.59696526586515,5.263157895012,5.128205128466357,0.06942179814783433,0.06595070824044261,-0.003471089907391728,-5.000000000000016,-5.128205128205145
32afaf69-d3a9-4e07-b029-92248bd657cb,scale_plus_5pct,1086532578,True,10.345279638030366,10.862543619931884,0.5172639819015181,4.999999999999998,4.878048780487803,0.07788579316740402,0.07788579316740402,0.0,0.0,0.0,56.44795047069471,59.270347994229446,2.8223975235347396,5.000000000000007,4.878048780487812,2.6,2.6,0.0,0.0,0.0,-4.28811624050175,-4.330494838641625,-0.042378598139875656,0.9882800689870516,-0.9834205941240308,0.8633379834373659,0.8633379834373662,3.3306690738754696e-16,3.857897066702042e-14,3.857897066702041e-14,619.3423400190586,589.8498476379762,-29.492492381082457,-4.761904761779229,-4.878048780356074,0.06942179814783433,0.07289288805522605,0.003471089907391714,4.9999999999999964,4.878048780487801
32afaf69-d3a9-4e07-b029-92248bd657cb,scale_plus_10pct,1086532578,True,10.345279638030366,11.379807601833402,1.0345279638030362,9.999999999999996,9.52380952380952,0.07788579316740402,0.07788579316740402,0.0,0.0,0.0,56.44795047069471,62.09274551776419,5.644795047069486,10.000000000000028,9.523809523809549,2.6,2.6,0.0,0.0,0.0,-4.28811624050175,-4.370901610818198,-0.08278537031644806,1.9305766372313033,-1.912119174204695,0.8633379834373659,0.863337983437367,1.1102230246251565e-15,1.2859656889006806e-13,1.2859656889006796e-13,619.3423400190586,563.0384909269974,-56.30384909206123,-9.09090909081537,-9.523809523706662,0.06942179814783433,0.07636397796261778,0.006942179814783442,10.000000000000012,9.523809523809534
32afaf69-d3a9-4e07-b029-92248bd657cb,combined_degradation,1086532578,True,10.345279638030366,14.043293203310876,3.69801356528051,35.74590242767544,30.32578896139409,0.07788579316740402,0.2848137645631433,0.20692797139573926,265.6812789348863,114.1043417259791,56.44795047069471,175.30197825434095,118.85402778364625,210.55508090652472,102.57092930946528,2.6,0.034482758620689655,-2.5655172413793106,-98.67374005305041,-194.76439790575918,-4.28811624050175,-6.250098171460242,-1.9619819309584923,45.75393531610333,-37.235566752778055,0.8633379834373659,0.8783594736288451,0.015021490191479248,1.739931577164187,1.724925317027457,619.3423400190586,88.39430900581468,-530.948031013244,-85.72771417450734,-150.04112949210403,0.06942179814783433,0.06368961528161528,-0.005732182866219057,-8.257036001879875,-8.612609119738892
32fec03e-0046-4581-885b-ef0d7f174e53,frame_thinning_2x,2267440176,True,13.51947093383943,22.807860318026464,9.288389384187033,68.70379343719776,51.137196507987085,8.32868621908475,26.72765624886584,18.39897002978109,220.91083210243661,104.96799571490894,194.64847685944568,177.1837358695876,-17.464740989858086,-8.97245191518722,-9.393882720207051,1.5312499999999998,1.6250000000000004,0.09375000000000067,6.122448979591881,5.940594059405983,-5.173376896136331,-5.133642304809401,0.0397345913269298,-0.7680590864470954,0.7710200311508862,0.33343369239916826,0.7302870831281599,0.3968533907289917,119.02018295556674,74.61608344205854,717.1495591418188,318.4842929469693,-398.66526619484955,-55.59025465649239,-76.98961662768643,0.7446045222061989,0.712936134710774,-0.03166838749542489,-4.25304796720737,-4.3454551123686205
32fec03e-0046-4581-885b-ef0d7f174e53,frame_thinning_3x,2267440176,True,13.51947093383943,21.824152655228193,8.304681721388762,61.42756445152025,46.99394616661513,8.32868621908475,25.39291655060396,17.064230331519212,204.88501886909148,101.20652003443747,194.64847685944568,140.00600206430914,-54.642474795136536,-28.072387555641388,-32.65605466920158,1.5312499999999998,1.636363636363636,0.10511363636363624,6.864564007421143,6.636771300448424,-5.173376896136331,-5.553177779109214,-0.3798008829728836,7.341450093391281,-7.081507426599482,0.33343369239916826,0.7342217729862061,0.4007880805870378,120.20023462633063,75.07816773876053,717.1495591418188,34.977796526864054,-682.1717626149548,-95.12266359492428,-181.3979394509501,0.7446045222061989,0.6544623675954389,-0.09014215461076003,-12.10604447360548,-12.886039297740876
32fec03e-0046-4581-885b-ef0d7f174e53,landmark_dropout_5pct,2267440176,True,13.51947093383943,13.525105241316576,0.005634307477144773,0.0416755027228323,0.04166682029441914,8.32868621908475,8.328465866717943,-0.00022035236680650883,-0.002645703788210713,-0.0026457387874163755,194.64847685944568,202.6576547360039,8.009177876558226,4.114688183428015,4.031741390144686,1.5312499999999998,0.17391304347826086,-1.3573369565217388,-88.64241348713398,-159.203187250996,-5.173376896136331,-6.787589528109989,-1.6142126319736585,31.202301018880185,-26.991341246497527,0.33343369239916826,0.2556938327704032,-0.07773985962876506,-23.31493829234846,-26.391521803836554,717.1495591418188,723.4899538225033,6.340394680684426,0.8841105177937634,0.8802194613749218,0.7446045222061989,7.146247258195824,6.401642735989625,859.7372894032541,162.25479616507192
32fec03e-0046-4581-885b-ef0d7f174e53,landmark_dropout_10pct,2267440176,True,13.51947093383943,13.52476733455828,0.005296400718849625,0.039176094573291756,0.039168422244221124,8.32868621908475,8.328426478230671,-0.0002597408540783164,-0.0031186293641743135,-0.0031186779941781637,194.64847685944568,204.13378672195844,9.485309862512764,4.873046024070376,4.757137279540273,1.5312499999999998,0.12499999999999997,-1.4062499999999998,-91.83673469387756,-169.81132075471697,-5.173376896136331,-6.790540883822267,-1.6171639876859363,31.25934994014633,-27.034020417541395,0.33343369239916826,0.25531412338758064,-0.07811956901158762,-23.428816820966976,-26.537531661903746,717.1495591418188,379.7458661147545,-337.4036930270643,-47.04788404678383,-61.519755713839835,0.7446045222061989,0.7446881486259433,8.362641974446472e-05,0.011230984670451217,0.0112303540307814
32fec03e-0046-4581-885b-ef0d7f174e53,landmark_dropout_20pct,2267440176,True,13.51947093383943,11.381216388178727,-2.138254545660704,-15.816111119471563,-17.174261240331113,8.32868621908475,1.1450579356076624,-7.183628283477088,-86.25163794760546,-151.65341529555633,194.64847685944568,243.0742946547939,48.42581779534822,24.87860094087259,22.126250196134873,1.5312499999999998,0.08,-1.4512499999999997,-94.77551020408163,-180.13964313421255,-5.173376896136331,-7.096436360282201,-1.9230594641458705,37.17222817425273,-31.346189611156273,0.33343369239916826,0.19690517588189285,-0.1365285165172754,-40.94622697991511,-51.48727528110199,717.1495591418188,407.6263331971943,-309.5232259446245,-43.16020584534937,-55.037315087000934,0.7446045222061989,0.8176483531089402,0.07304383090274136,9.809748493914434,9.351089321952042
32fec03e-0046-4581-885b-ef0d7f174e53,jitter_sigma_0p004,2267440176,True,13.51947093383943,20.601666334064053,7.082195400224622,52.38515201432761,41.51207121039653,8.32868621908475,48.644242374031684,40.31555615494693,484.0566098235991,141.52530737139577,194.64847685944568,224.58527345869908,29.936796599253398,15.379928516404757,14.281672969571368,1.5312499999999998,3.555555555555555,2.0243055555555554,132.19954648526078,79.59044368600684,-5.173376896136331,-5.475711073943758,-0.30233417780742755,5.84403927796604,-5.6781233971748994,0.33343369239916826,0.5058956340182617,0.1724619416190934,51.72300986687078,41.09517830271109,717.1495591418188,177.23009213406266,-539.9194670077561,-75.28687149356318,-120.7360803071786,0.7446045222061989,1.0802764692489584,0.3356719470427595,45.08056787624557,36.788365774482116
32fec03e-0046-4581-885b-ef0d7f174e53,jitter_sigma_0p008,2267440176,True,13.51947093383943,21.098971809345993,7.579500875506563,56.06359089492891,43.788803163299846,8.32868621908475,52.379449969872596,44.050763750787844,528.9041103487344,145.1230972193825,194.64847685944568,249.4823145335661,54.83383767412042,28.17069959078876,24.69265303679334,1.5312499999999998,8.111111111111104,6.579861111111104,429.7052154195007,136.47821389989193,-5.173376896136331,-5.932307499279266,-0.758930603142935,14.66992678824024,-13.667426087782937,0.33343369239916826,0.4052186403413039,0.07178494794213564,21.529002490905654,19.4367349185256,717.1495591418188,75.58050281535472,-641.5690563264641,-89.46098455309676,-161.86318322342723,0.7446045222061989,2.255727093811176,1.511122571604977,202.94297530286966,100.73037017227006
32fec03e-0046-4581-885b-ef0d7f174e53,scale_minus_10pct,2267440176,True,13.51947093383943,12.167523840455486,-1.351947093383945,-10.000000000000014,-10.5263157894737,8.32868621908475,8.32868621908475,0.0,0.0,0.0,194.64847685944568,175.1836291735011,-19.46484768594459,-10.000000000000012,-10.5263157894737,1.5312499999999998,1.5312499999999998,0.0,0.0,0.0,-5.173376896136331,-5.081861915014981,0.09151498112134959,-1.7689602547553875,1.7847459782572455,0.33343369239916826,0.3334336923991678,-4.440892098500626e-16,-1.3318666348763094e-13,-1.33186663487631e-13,717.1495591418188,796.8328434911539,79.68328434933505,11.111111111145144,10.52631578950423,0.7446045222061989,0.6701440699855788,-0.07446045222062003,-10.00000000000002,-10.526315789473706
32fec03e-0046-4581-885b-ef0d7f174e53,scale_minus_5pct,2267440176,True,13.51947093383943,12.843497387147462,-0.675973546691969,-4.9999999999999805,-5.128205128205108,8.32868621908475,8.32868621908475,0.0,0.0,0.0,194.64847685944568,184.91605301647348,-9.732423842972196,-4.999999999999955,-5.128205128205081,1.5312499999999998,1.5312499999999998,0.0,0.0,0.0,-5.173376896136331,-5.128824106714027,0.044552789422303896,-0.8611935746567694,0.8649178832751812,0.33343369239916826,0.3334336923991671,-1.1657341758564144e-15,-3.4961499165503117e-13,-3.496149916550318e-13,717.1495591418188,754.894272781931,37.744713640112195,5.263157894885919,5.128205128346657,0.7446045222061989,0.7073742960958886,-0.03723022611031024,-5.00000000000004,-5.12820512820517
32fec03e-0046-4581-885b-ef0d7f174e53,scale_plus_5pct,2267440176,True,13.51947093383943,14.195444480531405,0.6759735466919743,5.00000000000002,4.878048780487824,8.32868621908475,8.32868621908475,0.0,0.0,0.0,194.64847685944568,204.38090070241805,9.732423842972366,5.000000000000043,4.878048780487846,1.5312499999999998,1.5312499999999998,0.0,0.0,0.0,-5.173376896136331,-5.215755494276206,-0.042378598139875656,0.8191670352014284,-0.815825548223529,0.33343369239916826,0.33343369239916826,0.0,0.0,0.0,717.1495591418188,682.99958013505,-34.14997900676883,-4.761904761906931,-4.87804878049008,0.7446045222061989,0.7818347483165088,0.037230226110309905,4.999999999999995,4.8780487804878
32fec03e-0046-4581-885b-ef0d7f174e53,scale_plus_10pct,2267440176,True,13.51947093383943,14.871418027223376,1.351947093383945,10.000000000000014,9.523809523809536,8.32868621908475,8.32868621908475,0.0,0.0,0.0,194.64847685944568,214.1133245453903,19.46484768594462,10.000000000000027,9.523809523809547,1.5312499999999998,1.5312499999999998,0.0,0.0,0.0,-5.173376896136331,-5.2561622664527805,-0.08278537031644984,1.6002191987650662,-1.587517320293537,0.33343369239916826,0.33343369239916737,-8.881784197001252e-16,-2.6637332697526187e-13,-2.6637332697526217e-13,717.1495591418188,651.9541446750912,-65.19541446672758,-9.090909090810019,-9.523809523700791,0.7446045222061989,0.8190649744268188,0.07446045222061992,10.000000000000005,9.523809523809527
32fec03e-0046-4581-885b-ef0d7f174e53,combined_degradation,2267440176,True,13.51947093383943,22.977863300480003,9.458392366640572,69.96126115383761,51.83059291901155,8.32868621908475,25.54777536514287,17.219089146058117,206.74436151288148,101.6581327612744,194.64847685944568,186.9496646399614,-7.698812219484267,-3.9552388714778006,-4.035036538298355,1.5312499999999998,2.5000000000000004,0.9687500000000007,63.265306122449026,48.062015503876005,-5.173376896136331,-5.229089521981974,-0.055712625845643515,1.076910245747836,-1.0711426234187513,0.33343369239916826,0.68341842547034,0.3499847330711718,104.96381770927623,68.83689907721372,717.1495591418188,79.6772263999322,-637.4723327418866,-88.88973361494101,-160.00273693321648,0.7446045222061989,0.767363808565959,0.0227592863597601,3.0565603190706256,3.0105506704809084
33208955-66a2-4112-800a-cf10ecfc0828,frame_thinning_2x,3952637831,True,9.98203829500189,5.368243639635779,-4.613794655366112,-46.22096729158299,-60.11348423451633,4.548885335050861,8.792629261675254,4.243743926624393,93.29195207284651,63.61712376592938,319.6979947240957,29.535166517943697,-290.16282820615197,-90.76154151563165,-166.17140661797112,0.4477611940298507,0.24444444444444444,-0.20331674958540627,-45.407407407407405,-58.74460948730234,-6.6192046716882835,-4.460840226838608,2.158364444849676,-32.60761000610013,38.959489146774736,0.7277132541639304,0.6860738572617114,-0.04163939690221896,-5.721951148197576,-5.890476234463677,2604.429619333565,439.51092699084126,-2164.9186923427237,-83.12448438889642,-142.24447944339047,0.09799064258666823,0.07770312636194272,-0.020287516224725508,-20.703524019430866,-23.09417840613283
33208955-66a2-4112-800a-cf10ecfc0828,frame_thinning_3x,3952637831,True,9.98203829500189,4.689071662351191,-5.2929666326507,-53.02490810219535,-72.15495825519177,4.548885335050861,8.4440165096098,3.895131174558938,85.62825588382053,59.95783268630808,319.6979947240957,13.635706004993423,-306.06228871910224,-95.73481653622467,-183.63717082890986,0.4477611940298507,0.25,-0.1977611940298507,-44.16666666666666,-56.684491978609614,-6.6192046716882835,-3.533985261451766,3.0852194102365176,-46.61012256400899,60.77340088293533,0.7277132541639304,0.5881005987895948,-0.13961265537433565,-19.185119217697444,-21.22073043401327,2604.429619333565,442.61121121763875,-2161.818408115926,-83.0054454943998,-141.89625465076932,0.09799064258666823,0.05401494922916347,-0.04397569335750476,-44.87744155633052,-57.86062582590412
33208955-66a2-4112-800a-cf10ecfc0828,landmark_dropout_5pct,3952637831,True,9.98203829500189,10.804779428105169,0.8227411331032783,8.242215755826477,7.915989297281442,4.548885335050861,2.0201590608493007,-2.5287262742015604,-55.59002014662317,-76.98916681944716,319.6979947240957,555.1146301761994,235.41663545210372,73.63719489553631,53.82104207262323,0.4477611940298507,0.7727272727272727,0.324966078697422,72.57575757575758,53.25180655919956,-6.6192046716882835,-7.159045547361414,-0.5398408756731303,8.155675831903826,-7.836131106499296,0.7277132541639304,0.6651063721526325,-0.06260688201129794,-8.60323508649392,-8.989948278782872,2604.429619333565,4452.258356098781,1847.8287367652165,70.94945945354625,52.370991694641404,0.09799064258666823,0.0855004359240481,-0.012490206662620129,-12.74632590716314,-13.613966154644048
33208955-66a2-4112-800a-cf10ecfc0828,landmark_dropout_10pct,3952637831,True,9.98203829500189,2.3569688724234097,-7.6250694225784805,-76.38789991816031,-123.59291666040184,4.548885335050861,1.533747992578894,-3.0151373424719674,-66.28299287386314,-99.13921093273885,319.6979947240957,122.63640388095737,-197.0615908431383,-61.63992083003384,-89.10073078855828,0.4477611940298507,0.29090909090909095,-0.15685210312075976,-35.03030303030302,-42.46877296105802,-6.6192046716882835,-6.564771293820795,0.05443337786748881,-0.8223552612039888,0.825750562802804,0.7277132541639304,0.3550518367352145,-0.3726614174287159,-51.20992579101318,-68.83513710610158,2604.429619333565,4234.43063060678,1630.0010112732152,62.585719313479025,47.66879133953449,0.09799064258666823,0.6728313150466255,0.5748406724599573,586.6281282435076,149.1500512582514
33208955-66a2-4112-800a-cf10ecfc0828,landmark_dropout_20pct,3952637831,True,9.98203829500189,2.356998157152417,-7.625040137849474,-76.3876065439201,-123.5921486643829,4.548885335050861,1.5337612370164087,-3.0151240980344527,-66.28270171599611,-99.13855958294556,319.6979947240957,122.62181960744363,-197.07617511665205,-61.64448272086657,-89.11026308621764,0.4477611940298507,0.04411764705882353,-0.40364354697102717,-90.14705882352942,-164.1231593038822,-6.6192046716882835,-7.1891536166640515,-0.569948944975768,8.610535151051579,-8.255129727572799,0.7277132541639304,0.22685330552285599,-0.5008599486410744,-68.8265530104316,-104.93976424345249,2604.429619333565,2714.715534323551,110.28591498998594,4.234551556751473,4.146753352431458,0.09799064258666823,0.7950210829916828,0.6970304404050146,711.3234713085212,156.1077912954814
33208955-66a2-4112-800a-cf10ecfc0828,jitter_sigma_0p004,3952637831,True,9.98203829500189,2.7614559506356993,-7.220582344366191,-72.33575078530416,-113.32185984763123,4.548885335050861,2.346225190164842,-2.202660144886019,-48.421975553300925,-63.89049564414668,319.6979947240957,90.89358662300708,-228.8044081010886,-71.56892188158713,-111.45109568511278,0.4477611940298507,3.5625,3.1147388059701493,695.6250000000001,155.33845080251223,-6.6192046716882835,-6.850857717836386,-0.23165304614810278,3.499711183413486,-3.439524472110145,0.7277132541639304,0.19028908931453514,-0.5374241648493953,-73.85108925449512,-117.08557579777074,2604.429619333565,179.68048490967163,-2424.7491344238933,-93.10096600131398,-174.1848593364433,0.09799064258666823,2.3464803059452866,2.2484896633586184,2294.596304305212,183.9653414338154
33208955-66a2-4112-800a-cf10ecfc0828,jitter_sigma_0p008,3952637831,True,9.98203829500189,2.8592603794768334,-7.122777915525058,-71.35594660152232,-110.93547617081958,4.548885335050861,0.0,-4.548885335050861,-100.0,-200.0,319.6979947240957,171.3842385300799,-148.31375619401578,-46.391831866825704,-60.402818978487126,0.4477611940298507,0.0,-0.4477611940298507,-100.0,-200.00000000000003,-6.6192046716882835,-8.023376104271673,-1.4041714325833894,21.213597437005127,-19.17928887083545,0.7277132541639304,1.0,0.2722867458360696,37.41676330313645,31.519900096828714,2604.429619333565,0.0,-2604.429619333565,-100.0,-200.0,0.09799064258666823,0.0,-0.09799064258666823,-100.0,-200.0
33208955-66a2-4112-800a-cf10ecfc0828,scale_minus_10pct,3952637831,True,9.98203829500189,8.983834465501705,-0.998203829500186,-9.99999999999997,-10.526315789473651,4.548885335050861,4.548885335050861,0.0,0.0,0.0,319.6979947240957,287.7281952516862,-31.969799472409477,-9.999999999999972,-10.526315789473653,0.4477611940298507,0.4477611940298507,0.0,0.0,0.0,-6.6192046716882835,-6.527689690566934,0.09151498112134959,-1.3825676295035598,1.392191624876662,0.7277132541639304,0.7277132541639313,8.881784197001252e-16,1.220506036708859e-13,1.2205060367088583e-13,2604.429619333565,2893.810688156206,289.3810688226413,11.11111111141063,10.526315789742505,0.09799064258666823,0.08819157832800142,-0.009799064258666806,-9.999999999999982,-10.526315789473665
33208955-66a2-4112-800a-cf10ecfc0828,scale_minus_5pct,3952637831,True,9.98203829500189,9.482936380251799,-0.49910191475009213,-4.999999999999976,-5.128205128205103,4.548885335050861,4.548885335050861,0.0,0.0,0.0,319.6979947240957,303.71309498789094,-15.984899736204738,-4.999999999999986,-5.1282051282051135,0.4477611940298507,0.4477611940298507,0.0,0.0,0.0,-6.6192046716882835,-6.57465188226598,0.044552789422303896,-0.6730837257966271,0.6753565834236877,0.7277132541639304,0.7277132541639308,4.440892098500626e-16,6.102530183544295e-14,6.102530183544293e-14,2604.429619333565,2741.50486246079,137.0752431272249,5.263157894906004,5.1282051283657255,0.09799064258666823,0.09309111045733481,-0.004899532129333417,-5.000000000000006,-5.128205128205134
33208955-66a2-4112-800a-cf10ecfc0828,scale_plus_5pct,3952637831,True,9.98203829500189,10.481140209751988,0.49910191475009746,5.000000000000029,4.878048780487833,4.548885335050861,4.548885335050861,0.0,0.0,0.0,319.6979947240957,335.68289446030053,15.984899736204852,5.000000000000021,4.878048780487825,0.4477611940298507,0.4477611940298507,0.0,0.0,0.0,-6.6192046716882835,-6.66158326982816,-0.042378598139876544,0.6402370109680795,-0.6381940337651023,0.7277132541639304,0.7277132541639296,-7.771561172376096e-16,-1.0679427821202515e-13,-1.0679427821202522e-13,2604.429619333565,2480.409161273956,-124.0204580596087,-4.761904761755233,-4.878048780330893,0.09799064258666823,0.10289017471600165,0.004899532129333417,5.000000000000006,4.87804878048781
33208955-66a2-4112-800a-cf10ecfc0828,scale_plus_10pct,3952637831,True,9.98203829500189,10.98024212450208,0.9982038295001896,10.000000000000005,9.52380952380953,4.548885335050861,4.548885335050861,0.0,0.0,0.0,319.6979947240957,351.6677941965052,31.969799472409534,9.99999999999999,9.523809523809515,0.4477611940298507,0.4477611940298507,0.0,0.0,0.0,-6.6192046716882835,-6.701990042004733,-0.08278537031644984,1.2506845523381396,-1.2429120975366232,0.7277132541639304,0.7277132541639303,-1.1102230246251565e-16,-1.5256325458860738e-14,-1.5256325458860738e-14,2604.429619333565,2367.6632903024188,-236.76632903114614,-9.090909090940654,-9.523809523844166,0.09799064258666823,0.10778970684533508,0.009799064258666848,10.000000000000025,9.523809523809547
33208955-66a2-4112-800a-cf10ecfc0828,combined_degradation,3952637831,True,9.98203829500189,16.075722136662026,6.093683841660136,61.046488318035266,46.77058765384485,4.548885335050861,4.781913761563281,0.23302842651242006,5.122758859557284,4.994822503401211,319.6979947240957,180.01064310018552,-139.68735162391016,-43.69353387545096,-55.907519322501756,0.4477611940298507,0.09302325581395349,-0.3547379382158972,-79.2248062015504,-131.19383825417202,-6.6192046716882835,-6.764741597330529,-0.1455369256422454,2.1987071387101405,-2.1747984147117294,0.7277132541639304,0.5105347800555456,-0.21717847410838476,-29.843962971088256,-35.078347488802144,2604.429619333565,123.0807292058095,-2481.3488901277556,-95.27417718289874,-181.94973239654675,0.09799064258666823,0.651884077811188,0.5538934352245197,565.2513552348903,147.72959273267514
332a7a76-cfa3-449e-9150-f93050fed050,frame_thinning_2x,360364338,True,1.6253098881699328,5.956405458505307,4.331095570335374,266.4781406831963,114.25107306975488,0.32814407500011966,0.46883950174833,0.14069542674821034,42.87611371564732,35.30698269146837,29.11171518532436,100.72220628856803,71.61049110324367,245.98513226504625,110.31091149417904,0.38461538461538464,0.375,-0.009615384615384637,-2.5000000000000053,-2.531645569620259,-5.688592656364032,-5.91873824620593,-0.23014558984189737,4.045738616640537,-3.965521303281552,0.5469290956892605,0.8993272759007682,0.3523981802115077,64.43215089286892,48.7324636397733,722.2111723111495,353.4384976649898,-368.7726746461597,-51.06161311047702,-68.56743137462962,0.5822343037064872,0.44439924752811694,-0.13783505617837027,-23.673468790986067,-26.851851084082192
332a7a76-cfa3-449e-9150-f93050fed050,frame_thinning_3x,360364338,True,1.6253098881699328,11.522849295741874,9.89753940757194,608.9632186214271,150.55399419992798,0.32814407500011966,51.822974005138576,51.49482993013846,15692.75018301631,197.4831291287303,29.11171518532436,75.3875149695112,46.275799784186844,158.95937250552365,88.56677645494692,0.38461538461538464,0.12499999999999999,-0.25961538461538464,-67.5,-101.8867924528302,-5.688592656364032,-4.90416087954253,0.7844317768215019,-13.78955787850146,14.81072459889661,0.5469290956892605,0.9932320919925166,0.4463029963032561,81.60161889738346,57.95536205856782,722.2111723111495,465.3230195365432,-256.88815277460634,-35.5696730573328,-43.264127389024864,0.5822343037064872,0.01861703218141121,-0.563617271525076,-96.80248448727674,-187.60623064678705
332a7a76-cfa3-449e-9150-f93050fed050,landmark_dropout_5pct,360364338,True,1.6253098881699328,1.6253478379698112,3.794979987836733e-05,0.0023349270286602427,0.002334899769557337,0.32814407500011966,0.33776087152702083,0.009616796526901172,2.9306628580441885,2.8883391171833614,29.11171518532436,29.34792331280982,0.23620812748545816,0.8113851278832727,0.8081066990963246,0.38461538461538464,0.2,-0.18461538461538463,-48.0,-63.15789473684211,-5.688592656364032,-5.691388650707759,-0.002795994343726349,0.049150897464918145,-0.0491388213790624,0.5469290956892605,0.554296306644727,0.007367210955466441,1.347013902447813,1.3380023635219525,722.2111723111495,684.9104302276094,-37.30074208354017,-5.1647971554045595,-5.301708397659644,0.5822343037064872,0.5869584662561964,0.004724162549709199,0.8113851278832787,0.8081066990963307
332a7a76-cfa3-449e-9150-f93050fed050,landmark_dropout_10pct,360364338,True,1.6253098881699328,1.6212119957457232,-0.004097892424209659,-0.25212991405742363,-0.25244816272528303,0.32814407500011966,0.4205324107816655,0.09238833578154582,28.15480845769107,24.680442764292724,29.11171518532436,29.553215485094636,0.4415002997702757,1.5165726133266186,1.5051591972404608,0.38461538461538464,0.05882352941176471,-0.3257918552036199,-84.70588235294117,-146.93877551020407,-5.688592656364032,-5.739062788482085,-0.05047013211805229,0.8872164903843053,-0.8832981071513556,0.5469290956892605,0.5645882191950587,0.017659123505798235,3.2287774859634313,3.1774805968967033,722.2111723111495,913.6051370361716,191.3939647250221,26.501108271773454,23.400422606299465,0.5822343037064872,0.0,-0.5822343037064872,-100.0,-200.0
332a7a76-cfa3-449e-9150-f93050fed050,landmark_dropout_20pct,360364338,True,1.6253098881699328,7.078084653170533,5.4527747650006,335.49139180715366,125.30225394471854,0.32814407500011966,0.3563557694818864,0.028211694481766747,8.597349954210344,8.243009756449512,29.11171518532436,153.6960857799427,124.58437059461835,427.9526980856942,136.30093457367173,0.38461538461538464,0.05,-0.33461538461538465,-87.0,-153.98230088495578,-5.688592656364032,-7.373125756090884,-1.6845330997268517,29.61247537811139,-25.793437686125223,0.5469290956892605,0.8445352412561914,0.2976061455669309,54.41402695753029,42.77596452385364,722.2111723111495,983.6304372595248,261.41926494837526,36.19706741891113,30.64988724412335,0.5822343037064872,0.0,-0.5822343037064872,-100.0,-200.0
332a7a76-cfa3-449e-9150-f93050fed050,jitter_sigma_0p004,360364338,True,1.6253098881699328,4.799748400307745,3.1744385121378125,195.31281605086204,98.81431014659164,0.32814407500011966,1.600021481026713,1.2718774060265934,387.59724856410395,131.92616184342768,29.11171518532436,193.6244430458437,164.51272786051933,565.1083311760779,147.71982166431982,0.38461538461538464,8.500000000000005,8.11538461538462,2110.0000000000014,182.68398268398266,-5.688592656364032,-7.02510678046713,-1.3365141241030978,23.494635753324534,-21.024787171407574,0.5469290956892605,0.5002962344437867,-0.04663286124547383,-8.52630836666412,-8.905984204860525,722.2111723111495,224.97123279538533,-497.2399395157642,-68.84966040120172,-104.99349160943015,0.5822343037064872,2.060561029222879,1.4783267255163919,253.9058101017761,111.87599032708772
332a7a76-cfa3-449e-9150-f93050fed050,jitter_sigma_0p008,360364338,True,1.6253098881699328,1.0898504960394655,-0.5354593921304673,-32.945064570633,-39.44219245717837,0.32814407500011966,1.112116161711546,0.7839720867114264,238.9109377370719,108.86533790606543,29.11171518532436,54.492524801973275,25.380809616648914,87.18417810519028,60.71656083592204,0.38461538461538464,0.0,-0.38461538461538464,-100.0,-200.00000000000003,-5.688592656364032,-6.870613869742221,-1.1820212133781887,20.778798637582515,-18.82318299203337,0.5469290956892605,1.0,0.4530709043107395,82.83905681407616,58.57681590879458,722.2111723111495,0.0,-722.2111723111495,-100.0,-200.0,0.5822343037064872,0.0,-0.5822343037064872,-100.0,-200.0
332a7a76-cfa3-449e-9150-f93050fed050,scale_minus_10pct,360364338,True,1.6253098881699328,1.4627788993529398,-0.16253098881699302,-9.999999999999984,-10.526315789473665,0.32814407500011966,0.32814407500011966,0.0,0.0,0.0,29.11171518532436,26.20054366679192,-2.9111715185324414,-10.000000000000018,-10.526315789473704,0.38461538461538464,0.38461538461538464,0.0,0.0,0.0,-5.688592656364032,-5.597077675242683,0.09151498112134959,-1.6087455483206115,1.6217907919045305,0.5469290956892605,0.5469290956892509,-9.658940314238862e-15,-1.76603153687889e-12,-1.7660315368789057e-12,722.2111723111495,802.4568581227609,80.24568581161134,11.11111111100884,10.526315789381895,0.5822343037064872,0.5240108733358384,-0.05822343037064881,-10.000000000000016,-10.526315789473701
332a7a76-cfa3-449e-9150-f93050fed050,scale_minus_5pct,360364338,True,1.6253098881699328,1.5440443937614359,-0.08126549440849695,-5.000000000000019,-5.128205128205148,0.32814407500011966,0.32814407500011966,0.0,0.0,0.0,29.11171518532436,27.656129426058133,-1.4555857592662278,-5.000000000000034,-5.128205128205163,0.38461538461538464,0.38461538461538464,0.0,0.0,0.0,-5.688592656364032,-5.644039866941728,0.044552789422303896,-0.7831952842055073,0.7862743158869802,0.5469290956892605,0.5469290956892677,7.216449660063518e-15,1.319448849392274e-12,1.3194488493922655e-12,722.2111723111495,760.2222866431448,38.01111433199526,5.263157894713233,5.128205128182715,0.5822343037064872,0.5531225885211627,-0.029111715185324516,-5.000000000000027,-5.128205128205157
332a7a76-cfa3-449e-9150-f93050fed050,scale_plus_5pct,360364338,True,1.6253098881699328,1.7065753825784296,0.08126549440849673,5.000000000000005,4.87804878048781,0.32814407500011966,0.32814407500011966,0.0,0.0,0.0,29.11171518532436,30.56730094459057,1.45558575926621,4.9999999999999725,4.87804878048778,0.38461538461538464,0.38461538461538464,0.0,0.0,0.0,-5.688592656364032,-5.730971254503909,-0.042378598139876544,0.7449750878623044,-0.7422104463997097,0.5469290956892605,0.5469290956892583,-2.220446049250313e-15,-4.05984261351469e-13,-4.0598426135146976e-13,722.2111723111495,687.820164105468,-34.39100820568149,-4.761904761958577,-4.878048780544276,0.5822343037064872,0.6113460188918114,0.029111715185324183,4.99999999999997,4.8780487804877755
332a7a76-cfa3-449e-9150-f93050fed050,scale_plus_10pct,360364338,True,1.6253098881699328,1.7878408769869263,0.16253098881699346,10.00000000000001,9.523809523809533,0.32814407500011966,0.32814407500011966,0.0,0.0,0.0,29.11171518532436,32.02288670385679,2.9111715185324307,9.99999999999998,9.523809523809506,0.38461538461538464,0.38461538461538464,0.0,0.0,0.0,-5.688592656364032,-5.771378026680483,-0.08278537031645072,1.4552873674974032,-1.4447745566912311,0.5469290956892605,0.5469290956892564,-4.107825191113079e-15,-7.510708835002176e-13,-7.510708835002203e-13,722.2111723111495,656.5556111918116,-65.6555611193379,-9.090909090928822,-9.52380952383118,0.5822343037064872,0.6404577340771358,0.05822343037064859,9.999999999999977,9.523809523809502
332a7a76-cfa3-449e-9150-f93050fed050,combined_degradation,360364338,True,1.6253098881699328,5.720983490683442,4.095673602513509,251.99339721763198,111.50313202309844,0.32814407500011966,0.9102716738849441,0.5821275988848245,177.4000029970409,94.01165955922467,29.11171518532436,51.551308708382194,22.439593523057834,77.08097369120304,55.637868356206276,0.38461538461538464,0.22222222222222224,-0.1623931623931624,-42.22222222222222,-53.52112676056337,-5.688592656364032,-4.852815500230784,0.8357771561332488,-14.69216037464442,15.857030554506661,0.5469290956892605,0.9472482048714573,0.4003191091821968,73.19396834752403,53.583883121764686,722.2111723111495,151.5943017605451,-570.6168705506044,-79.00969860720544,-130.60501163758698,0.5822343037064872,0.07853156195640641,-0.5037027417500808,-86.5120345097366,-152.4602791776346
36b05de8-5e98-425f-8b72-8e505337e150,frame_thinning_2x,359927522,True,0.8883462852603073,3.775970404824528,2.887624119564221,325.0561371704364,123.81766982943434,4.448800874137748,2.7667450081342317,-1.6820558660035165,-37.80919653612339,-46.62310775782588,13.35264705631038,77.23689080287517,63.884243746564785,478.4387955223716,141.04110751921027,2.499999999999999,0.18181818181818182,-2.3181818181818175,-92.72727272727273,-172.8813559322034,-5.601225773207305,-5.368853277405591,0.23237249580171415,-4.148600774373997,4.236478055073478,0.9127280537224157,0.9283786759575655,0.01565062223514979,1.7147081402090387,1.7001319894007625,112.52142165021864,91.52338663523858,-20.99803501498006,-18.66136661537573,-20.5817880801985,0.22021628183909112,0.18078511985231657,-0.03943116198677454,-17.905652414741215,-19.666346212484793
36b05de8-5e98-425f-8b72-8e505337e150,frame_thinning_3x,359927522,True,0.8883462852603073,10.422927833998967,9.53458154873866,1073.295595078083,168.58545639000104,4.448800874137748,5.503372064394471,1.0545711902567225,23.704616594266337,21.192782657015492,13.35264705631038,86.77136671840503,73.41871966209466,549.8439324612974,146.6555662206888,2.499999999999999,0.11111111111111112,-2.388888888888888,-95.55555555555554,-182.9787234042553,-5.601225773207305,-5.127679993781674,0.47354577942563036,-8.454324081895995,8.827475787561678,0.9127280537224157,0.9907951131132885,0.07806705939087277,8.553156558789743,8.20237554772149,112.52142165021864,118.01001991594123,5.488598265722587,4.877825204505778,4.761691705421816,0.22021628183909112,0.11709803787814603,-0.10311824396094509,-46.82589457045329,-61.140744957039914
36b05de8-5e98-425f-8b72-8e505337e150,landmark_dropout_5pct,359927522,True,0.8883462852603073,0.894017036695691,0.0056707514353836475,0.6383492033989852,0.6363182371998611,4.448800874137748,1.8951656596395285,-2.55363521449822,-57.40052851866868,-80.50594847566933,13.35264705631038,12.462396126402364,-0.8902509299080155,-6.6672243050660756,-6.897148485145121,2.499999999999999,0.909090909090909,-1.5909090909090902,-63.636363636363626,-93.3333333333333,-5.601225773207305,-5.587778506104654,0.013447267102650429,-0.2400772196502699,0.2403657513566942,0.9127280537224157,0.8883874546289224,-0.024340599093493287,-2.666796423559464,-2.7028359903217534,112.52142165021864,129.96600865110548,17.44458700088684,15.503347491568903,14.388034034761745,0.22021628183909112,0.18567378882979788,-0.03454249300929324,-15.685712573483984,-17.020614942547734
36b05de8-5e98-425f-8b72-8e505337e150,landmark_dropout_10pct,359927522,True,0.8883462852603073,1.1439000346266688,0.25555374936636144,28.76735723518874,25.14987940837547,4.448800874137748,0.2268095127714666,-4.221991361366282,-94.90178321781089,-180.59637189561488,13.35264705631038,52.35426444573372,39.00161738942334,292.0890309235831,118.71389629448655,2.499999999999999,0.5333333333333333,-1.966666666666666,-78.66666666666666,-129.67032967032966,-5.601225773207305,-6.395025148894298,-0.7937993756869934,14.171886794566003,-13.234124241674818,0.9127280537224157,0.6637001362486384,-0.24902791747377728,-27.28391183531137,-31.593943708701357,112.52142165021864,202.97712703300053,90.45570538278189,80.38976406107834,57.34143992757649,0.22021628183909112,0.18881858290097595,-0.03139769893811517,-14.257664635831524,-15.352089342343831
36b05de8-5e98-425f-8b72-8e505337e150,landmark_dropout_20pct,359927522,True,0.8883462852603073,1.1595548290229367,0.2712085437626294,30.52959732737089,26.48648822651294,4.448800874137748,0.22546499206661957,-4.223335882071129,-94.93200531007543,-180.7058478468874,13.35264705631038,53.10993563140121,39.757288575090826,297.74836710225014,119.63810904520157,2.499999999999999,0.045454545454545456,-2.4545454545454537,-98.18181818181819,-192.85714285714286,-5.601225773207305,-6.41939594585842,-0.818170172651115,14.606984359829234,-13.612776306793313,0.9127280537224157,0.6168243681454822,-0.2959036855769335,-32.41969876680546,-38.691538955634385,112.52142165021864,164.47302767943887,51.95160602922023,46.17041383525684,37.51093652233545,0.22021628183909112,0.32160362619990557,0.10138734436081445,46.039894740797024,37.424739422279494
36b05de8-5e98-425f-8b72-8e505337e150,jitter_sigma_0p004,359927522,True,0.8883462852603073,1.469303708704195,0.5809574234438876,65.39763075315305,49.28275400768709,4.448800874137748,6.438191703793824,1.9893908296560756,44.71746175966243,36.54619612194209,13.35264705631038,27.897724914697353,14.545077858386973,108.93029522197293,70.52095369520443,2.499999999999999,0.5,-1.9999999999999991,-80.0,-133.33333333333331,-5.601225773207305,-6.222895283009344,-0.6216695098020395,11.098811848929753,-10.515276473344132,0.9127280537224157,0.7987458817056231,-0.11398217201679262,-12.488075889848517,-13.319767208524357,112.52142165021864,120.56885814818125,8.047436497962607,7.151915057542263,6.90499535623952,0.22021628183909112,1.1417590931865325,0.9215428113474413,418.4716968479195,135.32444539683456
36b05de8-5e98-425f-8b72-8e505337e150,jitter_sigma_0p008,359927522,True,0.8883462852603073,8.56462998735332,7.676283702093012,864.1093939897179,162.40987982445486,4.448800874137748,12.59452988294165,8.145729008803901,183.0994292452498,95.58846360381003,13.35264705631038,159.79887900083844,146.44623194452805,1096.7580534926103,169.15384493486164,2.499999999999999,2.111111111111111,-0.38888888888888795,-15.555555555555522,-16.867469879518033,-5.601225773207305,-6.779877772088605,-1.1786519988813007,21.042751115643664,-19.039530597078624,0.9127280537224157,0.8941821050957697,-0.018545948626646047,-2.0319249037004345,-2.0527803815964014,112.52142165021864,50.77676123785097,-61.74466041236767,-54.873693832544724,-75.62198099251314,0.22021628183909112,2.0035813132649394,1.7833650314258482,809.8243311223134,160.38915010540083
36b05de8-5e98-425f-8b72-8e505337e150,scale_minus_10pct,359927522,True,0.8883462852603073,0.7995116567342767,-0.08883462852603063,-9.999999999999988,-10.526315789473673,4.448800874137748,4.448800874137748,0.0,0.0,0.0,13.35264705631038,12.017382350679341,-1.3352647056310385,-10.000000000000004,-10.526315789473689,2.499999999999999,2.499999999999999,0.0,0.0,0.0,-5.601225773207305,-5.509710792085954,0.09151498112135048,-1.6338384637002108,1.647295537753528,0.9127280537224157,0.9127280537224136,-2.1094237467877974e-15,-2.311119657366561e-13,-2.3111196573665634e-13,112.52142165021864,125.02380183362818,12.502380183409542,11.11111111115725,10.526315789515092,0.22021628183909112,0.198194653655182,-0.022021628183909125,-10.000000000000005,-10.526315789473692
36b05de8-5e98-425f-8b72-8e505337e150,scale_minus_5pct,359927522,True,0.8883462852603073,0.843928970997292,-0.04441731426301532,-4.999999999999994,-5.128205128205122,4.448800874137748,4.448800874137748,0.0,0.0,0.0,13.35264705631038,12.685014703494863,-0.6676323528155166,-4.999999999999982,-5.128205128205109,2.499999999999999,2.499999999999999,0.0,0.0,0.0,-5.601225773207305,-5.556672983785,0.044552789422304784,-0.7954114193256936,0.7985874471998583,0.9127280537224157,0.9127280537224155,-2.220446049250313e-16,-2.4327575340700638e-14,-2.4327575340700644e-14,112.52142165021864,118.44360173708513,5.92218008686649,5.263157894748286,5.128205128215993,0.22021628183909112,0.20920546774713653,-0.01101081409195459,-5.000000000000016,-5.128205128205145
36b05de8-5e98-425f-8b72-8e505337e150,scale_plus_5pct,359927522,True,0.8883462852603073,0.9327635995233228,0.04441731426301543,5.000000000000007,4.878048780487811,4.448800874137748,4.448800874137748,0.0,0.0,0.0,13.35264705631038,14.020279409125903,0.6676323528155237,5.000000000000035,4.8780487804878385,2.499999999999999,2.499999999999999,0.0,0.0,0.0,-5.601225773207305,-5.64360437134718,-0.042378598139875656,0.7565950714321831,-0.7537436776739268,0.9127280537224157,0.9127280537224195,3.774758283725532e-15,4.135687807919109e-13,4.1356878079191004e-13,112.52142165021864,107.16325871455636,-5.358162935662278,-4.761904761849289,-4.878048780429593,0.22021628183909112,0.23122709593104568,0.011010814091954563,5.000000000000003,4.878048780487808
36b05de8-5e98-425f-8b72-8e505337e150,scale_plus_10pct,359927522,True,0.8883462852603073,0.9771809137863383,0.08883462852603097,10.000000000000027,9.523809523809549,4.448800874137748,4.448800874137748,0.0,0.0,0.0,13.35264705631038,14.687911761941422,1.335264705631042,10.000000000000032,9.52380952380955,2.499999999999999,2.499999999999999,0.0,0.0,0.0,-5.601225773207305,-5.684011143523755,-0.08278537031644984,1.4779866705684728,-1.4671445699773555,0.9127280537224157,0.9127280537224095,-6.217248937900877e-15,-6.811721095396179e-13,-6.811721095396203e-13,112.52142165021864,102.29220150023997,-10.229220149978673,-9.090909090872472,-9.523809523769335,0.22021628183909112,0.2422379100230002,0.022021628183909098,9.999999999999993,9.523809523809517
36b05de8-5e98-425f-8b72-8e505337e150,combined_degradation,359927522,True,0.8883462852603073,10.499985124893646,9.611638839633338,1081.9698353122387,168.79801778623164,4.448800874137748,8.249866037799888,3.80106516366214,85.44021796432617,59.865577859812554,13.35264705631038,115.56344902568306,102.21080196937268,765.4722059104264,158.56949609203863,2.499999999999999,0.25000000000000006,-2.249999999999999,-89.99999999999999,-163.63636363636363,-5.601225773207305,-5.629927124763362,-0.02870135155605702,0.5124119740601423,-0.5111024988582072,0.9127280537224157,0.9078754987998775,-0.004852554922538221,-0.5316539688626695,-0.5330710154679655,112.52142165021864,26.838615656568415,-85.68280599365022,-76.14799452143585,-122.96610656759249,0.22021628183909112,0.595780449221899,0.37556416738280785,170.54332415676112,92.05040978399141
3b89ea04-d406-49af-84b4-f944b83bd242,frame_thinning_2x,888667354,True,3.5473983901858657,11.397237858878048,7.849839468692183,221.2844063528171,105.05226541306916,24.09088046937829,20.789806949837764,-3.3010735195405267,-13.702585605937037,-14.71044099082646,10.47945043136319,66.67343490329858,56.193984471935394,536.2302616915529,145.6691716147384,0.0576923076923077,0.047058823529411764,-0.010633484162895938,-18.431372549019624,-20.302375809935224,-3.4301822865669784,-4.759659058614941,-1.329476772047963,38.7581959493628,-32.46648417261694,0.9771099877127443,0.05112531283478231,-0.925984674877962,-94.76770133580781,-180.1114344907013,1538.8017250136168,164.89913938284906,-1373.9025856307676,-89.28392549199995,-161.28448536268965,0.01359331237860493,0.04969596244837956,0.03610265006977463,265.5912632935447,114.08773498659724
3b89ea04-d406-49af-84b4-f944b83bd242,frame_thinning_3x,888667354,True,3.5473983901858657,11.725826074317398,8.178427684131533,230.5472006402705,107.09497137476298,24.09088046937829,31.37768998531855,7.286809515940259,30.2471697753117,26.273651749837885,10.47945043136319,55.45626715519764,44.976816723834446,429.1906051602342,136.4262599092475,0.0576923076923077,0.052631578947368425,-0.005060728744939277,-8.771929824561413,-9.174311926605515,-3.4301822865669784,-4.493569252881619,-1.0633869663146402,31.000887925956476,-26.840492436456174,0.9771099877127443,0.047618572100006494,-0.9294914156127377,-95.12659038400847,-181.41222018494037,1538.8017250136168,177.1945820916494,-1361.6071429219674,-88.48489839780486,-158.6958127222171,0.01359331237860493,0.054892906532972,0.04129959415436707,303.8228873440015,120.60702083053901
3b89ea04-d406-49af-84b4-f944b83bd242,landmark_dropout_5pct,888667354,True,3.5473983901858657,27.94051260946616,24.393114219280296,687.6339090293781,154.93637681807385,24.09088046937829,19.958096829522127,-4.132783639856164,-17.154971339089535,-18.76449304061064,10.47945043136319,833.245391202541,822.7659407711778,7851.231762199867,195.03181610200343,0.0576923076923077,0.6969696969696969,0.6392773892773892,1108.0808080808079,169.4208494208494,-3.4301822865669784,-8.200994217924887,-4.770811931357908,139.08333530964237,-82.03489869688522,0.9771099877127443,0.39178399783025764,-0.5853259898824866,-59.90379765256926,-85.51808921131381,1538.8017250136168,785.703737079392,-753.0979879342248,-48.940547420270185,-64.79640510340016,0.01359331237860493,27.728780121033672,27.71518680865507,203888.39774091513,199.80400649697503
3b89ea04-d406-49af-84b4-f944b83bd242,landmark_dropout_10pct,888667354,True,3.5473983901858657,27.920942943412115,24.37354455322625,687.0822465460159,154.90835246027544,24.09088046937829,19.942693084408127,-4.148187384970164,-17.21891148911261,-18.841020840169644,10.47945043136319,832.6574173971867,822.1779669658235,7845.621030900499,195.02835146642212,0.0576923076923077,0.6969696969696969,0.6392773892773892,1108.0808080808079,169.4208494208494,-3.4301822865669784,-8.209795880263387,-4.779613593696409,139.33992990442437,-82.12409894919804,0.9771099877127443,0.3484343796994059,-0.6286756080133384,-64.34031131796799,-94.85546066491865,1538.8017250136168,784.1934054439223,-754.6083195696945,-49.0386972735566,-64.96856662984621,0.01359331237860493,27.708110700351472,27.69451738797287,203736.34193504154,199.8038603633837
3b89ea04-d406-49af-84b4-f944b83bd242,landmark_dropout_20pct,888667354,True,3.5473983901858657,27.664142861090525,24.11674447090466,679.8431362438845,154.53735063415627,24.09088046937829,19.774968825443164,-4.315911643935127,-17.915126221397532,-19.677775368843196,10.47945043136319,824.9181820857932,814.4387316544301,7771.769492958861,194.9822934499887,0.0576923076923077,0.3023255813953488,0.2446332737030411,424.03100775193786,135.9006211180124,-3.4301822865669784,-8.426392259870871,-4.996209973303893,145.65435757946958,-84.27746063984286,0.9771099877127443,0.2562498832923477,-0.7208601044203966,-73.77471456491945,-116.89371794348263,1538.8017250136168,782.2166250936367,-756.58509991998,-49.16715959057591,-65.19423682152436,0.01359331237860493,0.14013690069186674,0.12654358831326182,930.9253314330798,164.63073300399682
3b89ea04-d406-49af-84b4-f944b83bd242,jitter_sigma_0p004,888667354,True,3.5473983901858657,3.829599212022666,0.2822008218368004,7.955148838583492,7.650831328786522,24.09088046937829,29.96206623691766,5.8711857675393695,24.370988744069287,21.723832372881564,10.47945043136319,32.07150917975776,21.59205874839457,206.04189971425657,101.48799907559008,0.0576923076923077,0.4473684210526316,0.3896761133603239,675.4385964912279,154.30861723446893,-3.4301822865669784,-5.242789856536884,-1.8126075699699058,52.84289342488599,-41.79899439458396,0.9771099877127443,0.7862507848537005,-0.1908592028590438,-19.53303161968635,-21.647209785807128,1538.8017250136168,73.25274304187117,-1465.5489819717457,-95.23962432254078,-181.82375484366085,0.01359331237860493,1.0531204482337166,1.0395271358551117,7647.342361463464,194.90273290529146
3b89ea04-d406-49af-84b4-f944b83bd242,jitter_sigma_0p008,888667354,True,3.5473983901858657,4.741176836587868,1.193778446402002,33.65222382985448,28.805395710130302,24.09088046937829,31.255310999306232,7.164430529927941,29.73918092796395,25.8895159352804,10.47945043136319,62.79634195166534,52.31689152030215,499.23315982035376,142.7944750070538,0.0576923076923077,0.30952380952380953,0.2518315018315018,436.5079365079364,137.15710723192018,-3.4301822865669784,-6.058130437151223,-2.6279481505842446,76.6124926035452,-55.39337134230596,0.9771099877127443,0.6682322160498434,-0.30887777166290087,-31.611361622240047,-37.54571796147398,1538.8017250136168,48.696121000625205,-1490.1056040129915,-96.8354518838225,-187.73009459562104,0.01359331237860493,1.6639665893457822,1.6503732769671773,12141.067835421536,196.75878939055895
3b89ea04-d406-49af-84b4-f944b83bd242,scale_minus_10pct,888667354,True,3.5473983901858657,3.1926585511672805,-0.3547398390185852,-9.999999999999961,-10.52631578947364,24.09088046937829,24.09088046937829,0.0,0.0,0.0,10.47945043136319,9.431505388226881,-1.047945043136309,-9.999999999999904,-10.526315789473578,0.0576923076923077,0.0576923076923077,0.0,0.0,0.0,-3.4301822865669784,-3.338667305445667,0.0915149811213114,-2.667933464635261,2.7040039781442506,0.9771099877127443,0.9771099877127435,-7.771561172376096e-16,-7.95361962328116e-14,-7.953619623281163e-14,1538.8017250136168,1709.7796944679778,170.97796945436107,11.111111111657229,10.526315789963828,0.01359331237860493,0.012233981140744435,-0.0013593312378604953,-10.000000000000018,-10.526315789473703
3b89ea04-d406-49af-84b4-f944b83bd242,scale_minus_5pct,888667354,True,3.5473983901858657,3.3700284706765715,-0.17736991950929415,-5.000000000000025,-5.1282051282051535,24.09088046937829,24.09088046937829,0.0,0.0,0.0,10.47945043136319,9.955477909795043,-0.5239725215681474,-4.9999999999998845,-5.128205128205007,0.0576923076923077,0.0576923076923077,0.0,0.0,0.0,-3.4301822865669784,-3.385629497144693,0.044552789422285244,-1.2988461166264988,1.3073362597469858,0.9771099877127443,0.9771099877127434,-8.881784197001252e-16,-9.089850998035611e-14,-9.089850998035615e-14,1538.8017250136168,1619.7912894837823,80.98956447016553,5.263157894461605,5.128205127943825,0.01359331237860493,0.012913646759674678,-0.000679665618930252,-5.000000000000041,-5.12820512820517
3b89ea04-d406-49af-84b4-f944b83bd242,scale_plus_5pct,888667354,True,3.5473983901858657,3.724768309695157,0.17736991950929148,4.999999999999949,4.878048780487757,24.09088046937829,24.09088046937829,0.0,0.0,0.0,10.47945043136319,11.003422952931365,0.5239725215681741,5.000000000000139,4.878048780487937,0.0576923076923077,0.0576923076923077,0.0,0.0,0.0,-3.4301822865669784,-3.472560884706841,-0.04237859813986278,1.2354619842164847,-1.2278770073968235,0.9771099877127443,0.9771099877127434,-8.881784197001252e-16,-9.089850998035611e-14,-9.089850998035615e-14,1538.8017250136168,1465.5254523830233,-73.27627263059344,-4.761904762612937,-4.878048781230946,0.01359331237860493,0.014272977997535173,0.0006796656189302433,4.999999999999977,4.878048780487783
3b89ea04-d406-49af-84b4-f944b83bd242,scale_plus_10pct,888667354,True,3.5473983901858657,3.902138229204453,0.3547398390185874,10.000000000000025,9.523809523809547,24.09088046937829,24.09088046937829,0.0,0.0,0.0,10.47945043136319,11.527395474499526,1.0479450431363357,10.000000000000158,9.523809523809668,0.0576923076923077,0.0576923076923077,0.0,0.0,0.0,-3.4301822865669784,-3.512967656883402,-0.08278537031642363,2.4134393860239283,-2.3846631857494827,0.9771099877127443,0.977109987712743,-1.2212453270876722e-15,-1.2498545122298964e-13,-1.2498545122298975e-13,1538.8017250136168,1398.9106591064121,-139.89106590720462,-9.090909090706065,-9.5238095235867,0.01359331237860493,0.014952643616465422,0.0013593312378604918,9.999999999999991,9.523809523809517
3b89ea04-d406-49af-84b4-f944b83bd242,combined_degradation,888667354,True,3.5473983901858657,11.417042567564822,7.869644177378957,221.84269461109577,105.17792411487248,24.09088046937829,17.70004862714908,-6.390831842229211,-26.52801274885964,-30.584779905073987,10.47945043136319,70.00532069569276,59.52587026432957,568.0247323483576,147.91834388237257,0.0576923076923077,0.11392405063291139,0.056231742940603686,97.4683544303797,65.531914893617,-3.4301822865669784,-5.1249945939358925,-1.694812307368914,49.40881171260229,-39.62074264604319,0.9771099877127443,0.06077144920392527,-0.916338538508819,-93.78049042910908,-176.57865453901374,1538.8017250136168,44.938104705190696,-1493.863620308426,-97.07966894144253,-188.6501295574111,0.01359331237860493,0.36028044904322715,0.3466871366646222,2550.4242601699293,185.45678912913283
3c77a7e3-9d0f-43f4-bbfa-c142c7b24bf1,frame_thinning_2x,1908153944,True,4.340597809763131,4.551066089106473,0.2104682793433419,4.848831625679397,4.7340583660634925,4.159481392146972,6.699666240193578,2.5401848480466054,61.06974905194743,46.78424005363856,13.270469416826042,13.206800960460702,-0.06366845636534002,-0.4797754650985654,-0.4809291551440088,1.4324324324324327,0.125,-1.3074324324324327,-91.27358490566037,-167.89587852494577,-5.373946412578989,-4.733836427462653,0.6401099851163359,-11.911357798767913,12.665685348532849,0.9021390251446735,0.7219601817836303,-0.18017884336104317,-19.97240318166575,-22.188157298816684,1760.9968126417762,883.739580621806,-877.2572320199702,-49.81594661173431,-66.33986164023267,0.05731142325975633,0.042674831250369694,-0.014636592009386634,-25.53869922763608,-29.277208314477516
3c77a7e3-9d0f-43f4-bbfa-c142c7b24bf1,frame_thinning_3x,1908153944,True,4.340597809763131,5.765813654851482,1.425215845088351,32.83455200301375,28.204191964248285,4.159481392146972,6.3139268924805725,2.1544455003336003,51.79601246446626,41.14124918620446,13.270469416826042,22.39630027524271,9.125830858416666,68.76795817671484,51.172735502570525,1.4324324324324327,0.12903225806451613,-1.3034001743679164,-90.99208764455264,-166.94584031267445,-5.373946412578989,-4.7276836505755915,0.6462627620033974,-12.025850508867505,12.795217365177985,0.9021390251446735,0.7349100043742033,-0.1672290207704702,-18.536945649109033,-20.43054517672183,1760.9968126417762,698.3600983481546,-1062.6367142936215,-60.34290957628122,-86.41581948070262,0.05731142325975633,0.030697917401887393,-0.026613505857868935,-46.43665144598973,-60.47882112919327
3c77a7e3-9d0f-43f4-bbfa-c142c7b24bf1,landmark_dropout_5pct,1908153944,True,4.340597809763131,15.687661829847736,11.347064020084606,261.4170793378302,113.31053445745195,4.159481392146972,2.447083076293241,-1.712398315853731,-41.16855334625872,-51.83929783880615,13.270469416826042,404.5488988827074,391.2784294658814,2948.4897419662284,187.2954961654028,1.4324324324324327,0.52,-0.9124324324324327,-63.69811320754718,-93.46622369878186,-5.373946412578989,-6.881096534966865,-1.507150122387876,28.04549965105785,-24.596407027519916,0.9021390251446735,0.5918310367366224,-0.31030798840805107,-34.39691441774042,-41.541393141077116,1760.9968126417762,1506.5287463880106,-254.46806625376553,-14.450228667479688,-15.57558229655126,0.05731142325975633,0.05361465476500814,-0.00369676849474819,-6.450317030154849,-6.665282971462994
3c77a7e3-9d0f-43f4-bbfa-c142c7b24bf1,landmark_dropout_10pct,1908153944,True,4.340597809763131,31.291274388741495,26.950676578978364,620.8978062505422,151.27286283940708,4.159481392146972,2.4470822800312972,-1.712399112115675,-41.168572489557334,-51.83932819196079,13.270469416826042,1875.3186335759472,1862.0481641591211,14031.516939394563,197.18933686617237,1.4324324324324327,0.16923076923076927,-1.2632016632016634,-88.18577648766328,-157.736240913811,-5.373946412578989,-9.367831802918026,-3.9938853903390372,74.31941228499053,-54.18458115372461,0.9021390251446735,0.27200031973047417,-0.6301387054141994,-69.84940101811313,-107.33627284778628,1760.9968126417762,3292.353780294753,1531.356967652977,86.95966719869851,60.60758854901049,0.05731142325975633,31.291274388741495,31.23396296548174,54498.66918139164,199.26872078244992
3c77a7e3-9d0f-43f4-bbfa-c142c7b24bf1,landmark_dropout_20pct,1908153944,True,4.340597809763131,2.2219254058166347,-2.1186724039464964,-48.810613118337116,-64.56883531982514,4.159481392146972,1.142814662372948,-3.016666729774024,-72.52506852102856,-113.7871857306979,13.270469416826042,88.08219608530896,74.81172666848292,563.7458956321982,147.62655979068848,1.4324324324324327,0.06666666666666667,-1.365765765765766,-95.34591194968553,-182.21153846153845,-5.373946412578989,-6.652069630960644,-1.2781232183816549,23.78369861280913,-21.25597061827074,0.9021390251446735,0.3657782615252765,-0.536360763619397,-59.45433560347113,-84.60500842733859,1760.9968126417762,4028.1626040625556,2267.1657914207794,128.74332168833794,78.32452445095865,0.05731142325975633,0.2911890782463943,0.23387765498663796,408.08209198822175,134.2194079927373
3c77a7e3-9d0f-43f4-bbfa-c142c7b24bf1,jitter_sigma_0p004,1908153944,True,4.340597809763131,3.174679713935713,-1.165918095827418,-26.860772338892254,-31.027945199649274,4.159481392146972,3.2278170148880228,-0.9316643772589495,-22.398570625124457,-25.223412563697618,13.270469416826042,56.574891585073686,43.30442216824764,326.32170579693747,124.00085430747447,1.4324324324324327,3.9333333333333322,2.5009009009008993,174.5911949685533,93.216924110141,-5.373946412578989,-6.803260823027358,-1.4293144104483693,26.597109474384073,-23.47524161811144,0.9021390251446735,0.4052602163570994,-0.49687880878757407,-55.07785329516047,-76.01026419700584,1760.9968126417762,115.49699419739905,-1645.499818444377,-93.4413853921669,-175.38025571383136,0.05731142325975633,1.5269367635923032,1.469625340332547,2564.279958066418,185.52968562996801
3c77a7e3-9d0f-43f4-bbfa-c142c7b24bf1,jitter_sigma_0p008,1908153944,True,4.340597809763131,0.40096866575294354,-3.9396291440101874,-90.76236308162298,-166.1741605586747,4.159481392146972,0.0,-4.159481392146972,-100.0,-200.0,13.270469416826042,24.034085859317294,10.763616442491251,81.10953806082945,57.706713632234084,1.4324324324324327,0.0,-1.4324324324324327,-100.0,-199.99999999999997,-5.373946412578989,-6.317089562432245,-0.9431431498532561,17.550289441770524,-16.134466643831363,0.9021390251446735,1.0,0.09786097485532652,10.84766007541164,10.289571220787437,1760.9968126417762,0.0,-1760.9968126417762,-100.0,-200.0,0.05731142325975633,0.0,-0.05731142325975633,-100.0,-200.0
3c77a7e3-9d0f-43f4-bbfa-c142c7b24bf1,scale_minus_10pct,1908153944,True,4.340597809763131,3.906538028786819,-0.43405978097631204,-9.999999999999975,-10.526315789473658,4.159481392146972,4.159481392146972,0.0,0.0,0.0,13.270469416826042,11.943422475143407,-1.3270469416826352,-10.000000000000233,-10.526315789473943,1.4324324324324327,1.4324324324324327,0.0,0.0,0.0,-5.373946412578989,-5.28243143145764,0.0915149811213487,-1.7029381034975768,1.717562617631112,0.9021390251446735,0.9021390251446718,-1.6653345369377348e-15,-1.8459843666231708e-13,-1.8459843666231726e-13,1760.9968126417762,1956.6631251568617,195.66631251508556,11.111111111073216,10.526315789439673,0.05731142325975633,0.05158028093378071,-0.005731142325975616,-9.999999999999972,-10.526315789473651
3c77a7e3-9d0f-43f4-bbfa-c142c7b24bf1,scale_minus_5pct,1908153944,True,4.340597809763131,4.123567919274975,-0.21702989048815624,-4.999999999999993,-5.128205128205121,4.159481392146972,4.159481392146972,0.0,0.0,0.0,13.270469416826042,12.606945945984739,-0.6635234708413034,-5.000000000000009,-5.128205128205139,1.4324324324324327,1.4324324324324327,0.0,0.0,0.0,-5.373946412578989,-5.329393623156685,0.044552789422303896,-0.8290516131314146,0.8325025510458174,0.9021390251446735,0.9021390251446707,-2.7755575615628914e-15,-3.076640611038618e-13,-3.0766406110386225e-13,1760.9968126417762,1853.6808554118402,92.68404277006402,5.263157894705282,5.128205128175166,0.05731142325975633,0.05444585209676852,-0.002865571162987808,-4.999999999999986,-5.128205128205112
3c77a7e3-9d0f-43f4-bbfa-c142c7b24bf1,scale_plus_5pct,1908153944,True,4.340597809763131,4.557627700251289,0.21702989048815802,5.000000000000034,4.878048780487837,4.159481392146972,4.159481392146972,0.0,0.0,0.0,13.270469416826042,13.933992887667321,0.6635234708412785,4.999999999999822,4.878048780487635,1.4324324324324327,1.4324324324324327,0.0,0.0,0.0,-5.373946412578989,-5.416325010718865,-0.042378598139876544,0.788593612334493,-0.7854964250180888,0.9021390251446735,0.9021390251446725,-9.992007221626409e-16,-1.1075906199739025e-13,-1.107590619973903e-13,1760.9968126417762,1677.1398215622455,-83.85699107953064,-4.761904761981469,-4.8780487805682995,0.05731142325975633,0.06017699442274415,0.002865571162987822,5.00000000000001,4.8780487804878145
3c77a7e3-9d0f-43f4-bbfa-c142c7b24bf1,scale_plus_10pct,1908153944,True,4.340597809763131,4.774657590739444,0.43405978097631337,10.000000000000005,9.523809523809527,4.159481392146972,4.159481392146972,0.0,0.0,0.0,13.270469416826042,14.5975163585086,1.327046941682557,9.999999999999645,9.5238095238092,1.4324324324324327,1.4324324324324327,0.0,0.0,0.0,-5.373946412578989,-5.456731782895439,-0.08278537031644984,1.5404948981752247,-1.5287199715903572,0.9021390251446735,0.9021390251446714,-2.1094237467877974e-15,-2.3382468643893497e-13,-2.3382468643893527e-13,1760.9968126417762,1600.9061933115252,-160.090619330251,-9.090909090862551,-9.523809523758445,0.05731142325975633,0.06304256558573197,0.005731142325975644,10.00000000000002,9.523809523809541
3c77a7e3-9d0f-43f4-bbfa-c142c7b24bf1,combined_degradation,1908153944,True,4.340597809763131,15.008759378817171,10.668161569054039,245.77632014324328,110.26889901386726,4.159481392146972,2.7156676645574644,-1.4438137275895078,-34.71138806668069,-42.00094327210388,13.270469416826042,442.1732596627149,428.90279024588887,3232.00918350386,188.34501953192256,1.4324324324324327,0.052631578947368425,-1.3798008534850643,-96.32571996027805,-185.82375478927204,-5.373946412578989,-7.784492486608854,-2.410546074029865,44.85616135634351,-36.63878507926419,0.9021390251446735,0.35150805615952535,-0.5506309689851481,-61.03615447706022,-87.84465376209604,1760.9968126417762,82.16952326252061,-1678.8272893792555,-95.3339198190113,-182.1677465214323,0.05731142325975633,14.753847764079255,14.696536340819499,25643.293264955963,198.4522096472031
3d2d3fba-5e87-4b9f-97a7-05ca1da9dd0f,frame_thinning_2x,2744903654,True,7.43122804983428,5.483396122275501,-1.947831927558779,-26.211440619188327,-30.16474814288884,12.880506669570632,9.976887865660112,-2.90361880391052,-22.54273747452911,-25.40638478663953,86.87173093433273,27.73737588328782,-59.134355051044906,-68.07088383647518,-103.19311735872162,0.04411764705882353,0.423076923076923,0.3789592760180995,858.9743589743588,162.22760290556897,-6.246284372753613,-4.276133879754875,1.9701504929987381,-31.54115911841229,37.446724616350714,0.9788177530361835,0.9553203959170181,-0.02349735711916534,-2.4005855069832114,-2.429749615546607,2594.588194617318,652.8203067405651,-1941.7678878767529,-74.83915528117744,-119.58876667747928,0.0017379175109010782,0.05162309487412628,0.0498851773632252,2870.399604717755,186.97237977149982
3d2d3fba-5e87-4b9f-97a7-05ca1da9dd0f,frame_thinning_3x,2744903654,True,7.43122804983428,5.4529982570696935,-1.9782297927645862,-26.62049636343352,-30.707777799658146,12.880506669570632,11.429564274122162,-1.45094239544847,-11.264637585074412,-11.936965538349567,86.87173093433273,18.606283573267397,-68.26544736106533,-78.58188921395835,-129.4401448107397,0.04411764705882353,0.19047619047619047,0.14635854341736693,331.7460317460317,124.77611940298506,-6.246284372753613,-3.6086325563707327,2.6376518163828804,-42.22753334587771,53.52966108903056,0.9788177530361835,0.9403785575268224,-0.038439195509361035,-3.927104447189167,-4.0057596294653885,2594.588194617318,331.30935092610673,-2263.2788436912115,-87.23075393569452,-154.70663674731333,0.0017379175109010782,0.00627046479875905,0.0045325472878579715,260.8033614614959,113.19507767231782
3d2d3fba-5e87-4b9f-97a7-05ca1da9dd0f,landmark_dropout_5pct,2744903654,True,7.43122804983428,28.623461299596045,21.192233249761763,285.17807699676723,117.55604406613257,12.880506669570632,37.19689364498352,24.316386975412886,188.78439799933324,97.11521294105891,86.87173093433273,740.4952049513228,653.62347401699,752.4006566774535,158.0008689414977,0.04411764705882353,0.29054054054054057,0.24642289348171703,558.5585585585585,147.2684085510689,-6.246284372753613,-7.607274744381542,-1.3609903716279286,21.788799395118627,-19.64824143919161,0.9788177530361835,0.12124850891480626,-0.8575692441213771,-87.61275952150368,-155.9122888834825,2594.588194617318,1529.7794335036897,-1064.8087611136284,-41.0396055652554,-51.63500721194135,0.0017379175109010782,0.23495928108793465,0.23322136357703357,13419.58764522216,197.06305351953645
3d2d3fba-5e87-4b9f-97a7-05ca1da9dd0f,landmark_dropout_10pct,2744903654,True,7.43122804983428,32.19664550060404,24.76541745076976,333.2614378766379,124.98988833830994,12.880506669570632,37.181594984404356,24.301088314833724,188.6656242509736,97.08377200302452,86.87173093433273,928.5402286180135,841.6684976836808,968.863505574566,165.7787245394939,0.04411764705882353,0.055248618784530384,0.011130971725706852,25.230202578268862,22.403924775143082,-6.246284372753613,-8.051617231688942,-1.805332858935329,28.902508294534563,-25.25311628070496,0.9788177530361835,0.09471000369421213,-0.8841077493419713,-90.32404107910463,-164.71073873947446,2594.588194617318,597.2111015672672,-1997.377093050051,-76.98243201729548,-125.15681016896498,0.0017379175109010782,11.373776462556208,11.372038545045307,654348.579475968,199.9388891806441
3d2d3fba-5e87-4b9f-97a7-05ca1da9dd0f,landmark_dropout_20pct,2744903654,True,7.43122804983428,73.27024426077476,65.83901621094049,885.9776038283301,163.16682788025236,12.880506669570632,30.455803405409252,17.57529673583862,136.44879962182796,81.11118231076935,86.87173093433273,2197.9768785509505,2111.1051476166176,2430.1405358348675,184.79168719123098,0.04411764705882353,0.05263157894736842,0.008513931888544886,19.29824561403507,17.599999999999987,-6.246284372753613,-9.124638054840938,-2.878353682087325,46.08105411663208,-37.451931667028376,0.9788177530361835,0.021629059369817457,-0.957188693666366,-97.79028738468152,-191.35224017844544,2594.588194617318,421.0803378689121,-2173.507856748406,-83.77082194613862,-144.1476630030347,0.0017379175109010782,27.45580390755027,27.454065990039368,1579710.533890929,199.9746821107006
3d2d3fba-5e87-4b9f-97a7-05ca1da9dd0f,jitter_sigma_0p004,2744903654,True,7.43122804983428,7.106523924254112,-0.32470412558016815,-4.369454461667466,-4.467047259561315,12.880506669570632,13.907317291627582,1.0268106220569493,7.971818565823371,7.666248841595122,86.87173093433273,79.17332831547361,-7.69840261885912,-8.861804105962186,-9.272666893722223,0.04411764705882353,0.14516129032258063,0.10104364326375709,229.03225806451607,106.76691729323306,-6.246284372753613,-6.128430539269313,0.11785383348430045,-1.886783028937662,1.9047523005123452,0.9788177530361835,0.8714963004072699,-0.10732145262891357,-10.96439580259087,-11.600349943750064,2594.588194617318,82.58527929891275,-2512.0029153184055,-96.81701784235963,-187.66082510475422,0.0017379175109010782,0.7748259289656739,0.7730880114547728,44483.58490006473,199.10481667732205
3d2d3fba-5e87-4b9f-97a7-05ca1da9dd0f,jitter_sigma_0p008,2744903654,True,7.43122804983428,6.858797441314095,-0.5724306085201851,-7.7030418751978775,-8.011610740299435,12.880506669570632,15.400833264116404,2.5203265945457716,19.566983343131064,17.823247416532126,86.87173093433273,74.5439301035728,-12.327800830759926,-14.190808331053795,-15.274603159931264,0.04411764705882353,0.14516129032258063,0.10104364326375709,229.03225806451607,106.76691729323306,-6.246284372753613,-6.269106984776759,-0.022822612023145616,0.3653790103232923,-0.3647127184626712,0.9788177530361835,0.7397892238536885,-0.23902852918249495,-24.420126059325664,-27.816543560769198,2594.588194617318,44.422444098303664,-2550.1657505190146,-98.28788074383205,-193.26680333203606,0.0017379175109010782,1.6299081076061537,1.6281701900952525,93685.12486251871,199.5739474164989
3d2d3fba-5e87-4b9f-97a7-05ca1da9dd0f,scale_minus_10pct,2744903654,True,7.43122804983428,6.688105244850849,-0.7431228049834306,-10.000000000000036,-10.526315789473722,12.880506669570632,12.880506669570632,0.0,0.0,0.0,86.87173093433273,78.18455784089942,-8.687173093433316,-10.00000000000005,-10.52631578947374,0.04411764705882353,0.04411764705882353,0.0,0.0,0.0,-6.246284372753613,-6.154769391632262,0.09151498112135137,-1.4651107067833975,1.4759226572207895,0.9788177530361835,0.9788177530361833,-1.1102230246251565e-16,-1.1342489663488108e-14,-1.1342489663488107e-14,2594.588194617318,2882.8757717941426,288.28757717682447,11.111111111000206,10.526315789374147,0.0017379175109010782,0.0015641257598109704,-0.00017379175109010782,-10.0,-10.526315789473685
3d2d3fba-5e87-4b9f-97a7-05ca1da9dd0f,scale_minus_5pct,2744903654,True,7.43122804983428,7.0596666473425636,-0.3715614024917162,-5.00000000000003,-5.12820512820516,12.880506669570632,12.880506669570632,0.0,0.0,0.0,86.87173093433273,82.52814438761607,-4.343586546716665,-5.000000000000033,-5.128205128205162,0.04411764705882353,0.04411764705882353,0.0,0.0,0.0,-6.246284372753613,-6.201731583331308,0.044552789422304784,-0.7132686692371024,0.715821534604094,0.9788177530361835,0.9788177530361835,0.0,0.0,0.0,2594.588194617318,2731.1454680242496,136.55727340693147,5.263157894968863,5.128205128425404,0.0017379175109010782,0.0016510216353560246,-8.689587554505359e-05,-4.999999999999981,-5.128205128205108
3d2d3fba-5e87-4b9f-97a7-05ca1da9dd0f,scale_plus_5pct,2744903654,True,7.43122804983428,7.802789452325992,0.37156140249171266,4.999999999999982,4.878048780487788,12.880506669570632,12.880506669570632,0.0,0.0,0.0,86.87173093433273,91.2153174810494,4.343586546716665,5.000000000000033,4.878048780487836,0.04411764705882353,0.04411764705882353,0.0,0.0,0.0,-6.246284372753613,-6.288662970893489,-0.042378598139875656,0.6784609154961266,-0.6761671505760855,0.9788177530361835,0.9788177530361842,7.771561172376096e-16,7.939742764441675e-14,7.939742764441671e-14,2594.588194617318,2471.036375823476,-123.5518187938419,-4.761904762002698,-4.878048780590577,0.0017379175109010782,0.001824813386446132,8.68958755450538e-05,4.999999999999994,4.878048780487799
3d2d3fba-5e87-4b9f-97a7-05ca1da9dd0f,scale_plus_10pct,2744903654,True,7.43122804983428,8.174350854817705,0.7431228049834253,9.999999999999964,9.523809523809492,12.880506669570632,12.880506669570632,0.0,0.0,0.0,86.87173093433273,95.55890402776596,8.68717309343323,9.99999999999995,9.52380952380948,0.04411764705882353,0.04411764705882353,0.0,0.0,0.0,-6.246284372753613,-6.329069743070063,-0.08278537031644984,1.3253538484024339,-1.3166288528174375,0.9788177530361835,0.9788177530361836,1.1102230246251565e-16,1.1342489663488108e-14,1.1342489663488107e-14,2594.588194617318,2358.716540551865,-235.87165406545319,-9.090909091268815,-9.523809524204323,0.0017379175109010782,0.001911709261991186,0.00017379175109010782,10.0,9.523809523809524
3d2d3fba-5e87-4b9f-97a7-05ca1da9dd0f,combined_degradation,2744903654,True,7.43122804983428,9.481660591089842,2.050432541255562,27.59210896913987,24.246982106819168,12.880506669570632,10.575361503613886,-2.3051451659567466,-17.896385795152792,-19.655168156103983,86.87173093433273,97.86629834935648,10.994567415023752,12.65609341125557,11.902873986102955,0.04411764705882353,0.02777777777777778,-0.016339869281045753,-37.03703703703704,-45.45454545454545,-6.246284372753613,-5.618825477175556,0.6274588955780569,-10.045314272194236,10.576537487038987,0.9788177530361835,0.7667969030795371,-0.21202084995664638,-21.6609117784165,-24.291827433258106,2594.588194617318,66.4422329676634,-2528.1459616496545,-97.43919928775196,-190.01255569588307,0.0017379175109010782,0.0,-0.0017379175109010782,-100.0,-200.0
3d47c3b9-21d9-4794-995d-52804115fb8b,frame_thinning_2x,409493683,True,8.688960291482301,10.612005903626342,1.9230456121440405,22.132056628560985,19.926936223860018,4.692365547358076,10.428312122238598,5.735946574880522,122.23997719252733,75.86890879122248,204.3375432861957,178.60152939768375,-25.736013888511962,-12.594853336601993,-13.441309975572711,0.125,0.2,0.07500000000000001,60.00000000000001,46.15384615384616,-6.918953127906612,-6.857783346762207,0.061169781144404745,-0.8840901219244447,0.888015550807365,0.7575070068076653,0.8037143935703089,0.04620738676264369,6.099928627376508,5.919389364180738,8.306874580041834,4.384289120526084,-3.9225854595157497,-47.22095442418484,-61.81600918661568,0.7581663136971442,1.3265958598129666,0.5684295461158224,74.974255100298,54.531836133496085
3d47c3b9-21d9-4794-995d-52804115fb8b,frame_thinning_3x,409493683,True,8.688960291482301,21.924478534424868,13.235518242942566,152.32568453462966,86.46868009968075,4.692365547358076,38.85436242228136,34.16199687492329,728.0335798679919,156.89811137470932,204.3375432861957,196.41212248518806,-7.925420801007647,-3.8785925843824405,-3.9552975225830247,0.125,0.25,0.125,100.0,66.66666666666667,-6.918953127906612,-5.969197725915282,0.9497554019913297,-13.726865675106637,14.738427766147478,0.7575070068076653,0.8922749091176113,0.13476790230994606,17.790977654172945,16.337662694570366,8.306874580041834,2.7363615630350324,-5.570513017006801,-67.05907213755896,-100.88551842657138,0.7581663136971442,1.3033947508796078,0.5452284371824636,71.9140942207912,52.89471619841652
3d47c3b9-21d9-4794-995d-52804115fb8b,landmark_dropout_5pct,409493683,True,8.688960291482301,8.688960291482301,0.0,0.0,0.0,4.692365547358076,4.692365547358076,0.0,0.0,0.0,204.3375432861957,204.3375432861957,0.0,0.0,0.0,0.125,0.125,0.0,0.0,0.0,-6.918953127906612,-6.918953127906612,0.0,-0.0,0.0,0.7575070068076653,0.7575070068076653,0.0,0.0,0.0,8.306874580041834,8.306874580041834,0.0,0.0,0.0,0.7581663136971442,0.7581663136971442,0.0,0.0,0.0
3d47c3b9-21d9-4794-995d-52804115fb8b,landmark_dropout_10pct,409493683,True,8.688960291482301,8.688960291482301,0.0,0.0,0.0,4.692365547358076,4.692365547358076,0.0,0.0,0.0,204.3375432861957,204.3375432861957,0.0,0.0,0.0,0.125,0.125,0.0,0.0,0.0,-6.918953127906612,-6.918953127906612,0.0,-0.0,0.0,0.7575070068076653,0.7575070068076653,0.0,0.0,0.0,8.306874580041834,8.306874580041834,0.0,0.0,0.0,0.7581663136971442,0.7581663136971442,0.0,0.0,0.0
3d47c3b9-21d9-4794-995d-52804115fb8b,landmark_dropout_20pct,409493683,True,8.688960291482301,4.809917983047205,-3.8790423084350962,-44.643342566977566,-57.472068857073936,4.692365547358076,3.4818127577019538,-1.2105527896561221,-25.798347921501875,-29.618947482629743,204.3375432861957,102.26413886542636,-102.07340442076935,-49.9533285852444,-66.58372107057882,0.125,0.14285714285714285,0.01785714285714285,14.28571428571428,13.333333333333329,-6.918953127906612,-7.0686609756715555,-0.14970784776494384,2.1637355391398527,-2.1405773229995972,0.7575070068076653,0.8307974793686463,0.07329047256098109,9.675220414111616,9.22876856407058,8.306874580041834,22.117849495474022,13.810974915432189,166.25958153520884,90.78784005503276,0.7581663136971442,0.5712687161189638,-0.18689759757818036,-24.651266378057276,-28.116845635402388
3d47c3b9-21d9-4794-995d-52804115fb8b,jitter_sigma_0p004,409493683,True,8.688960291482301,2.732891638419572,-5.956068653062729,-68.54754140033765,-104.29252085592218,4.692365547358076,3.5286187320797695,-1.1637468152783064,-24.80085584835832,-28.31161758061126,204.3375432861957,73.08744798638857,-131.25009529980713,-64.23200220038757,-94.62023929260732,0.125,0.16666666666666666,0.04166666666666666,33.33333333333333,28.57142857142857,-6.918953127906612,-6.988096801994431,-0.06914367408781974,0.9993372235597113,-0.9943686754033498,0.7575070068076653,0.9238537285438225,0.16634672173615728,21.95976013967004,19.787154325497262,8.306874580041834,12.729938703814435,4.423064123772601,53.245827671450485,42.05070477254155,0.7581663136971442,1.4617489597277713,0.7035826460306271,92.80056807056705,63.388243186878945
3d47c3b9-21d9-4794-995d-52804115fb8b,jitter_sigma_0p008,409493683,True,8.688960291482301,13.546332535321126,4.8573722438388245,55.902801726467274,43.6906523487159,4.692365547358076,10.304109310255917,5.6117437628978415,119.59306465493506,74.8408384794331,204.3375432861957,222.72211414938585,18.384570863190135,8.997157628268369,8.609837311061533,0.125,0.1111111111111111,-0.013888888888888895,-11.111111111111116,-11.764705882352947,-6.918953127906612,-7.669761286990096,-0.7508081590834843,10.851470521677717,-10.29299961231437,0.7575070068076653,0.7270583062034155,-0.030448700604249757,-4.01959326192488,-4.102035840038853,8.306874580041834,12.673468596635981,4.3665940165941475,52.566027987052586,41.62557285000128,0.7581663136971442,3.1695888234437906,2.4114225097466466,318.0598328073317,122.78884123626673
3d47c3b9-21d9-4794-995d-52804115fb8b,scale_minus_10pct,409493683,True,8.688960291482301,7.820064262334071,-0.8688960291482299,-9.999999999999998,-10.526315789473681,4.692365547358076,4.692365547358076,0.0,0.0,0.0,204.3375432861957,183.9037889575762,-20.4337543286195,-9.999999999999966,-10.526315789473646,0.125,0.125,0.0,0.0,0.0,-6.918953127906612,-6.827438146785261,0.09151498112135048,-1.3226709218803323,1.3314764477835919,0.7575070068076653,0.7575070068076658,5.551115123125783e-16,7.328136998388502e-14,7.3281369983885e-14,8.306874580041834,9.22986064449099,0.922986064449157,11.111111111111887,10.526315789474378,0.7581663136971442,0.6823496823274298,-0.0758166313697144,-9.999999999999996,-10.526315789473681
3d47c3b9-21d9-4794-995d-52804115fb8b,scale_minus_5pct,409493683,True,8.688960291482301,8.254512276908184,-0.43444801457411764,-5.000000000000029,-5.12820512820516,4.692365547358076,4.692365547358076,0.0,0.0,0.0,204.3375432861957,194.12066612188596,-10.21687716430975,-4.999999999999983,-5.12820512820511,0.125,0.125,0.0,0.0,0.0,-6.918953127906612,-6.874400338484307,0.044552789422304784,-0.6439238508873179,0.6460037369572634,0.7575070068076653,0.7575070068076649,-3.3306690738754696e-16,-4.396882199033101e-14,-4.3968821990331025e-14,8.306874580041834,8.744078505307222,0.4372039252653881,5.263157894737184,5.128205128205453,0.7581663136971442,0.7202579980122868,-0.03790831568485731,-5.000000000000013,-5.128205128205142
3d47c3b9-21d9-4794-995d-52804115fb8b,scale_plus_5pct,409493683,True,8.688960291482301,9.123408306056417,0.43444801457411586,5.000000000000009,4.878048780487814,4.692365547358076,4.692365547358076,0.0,0.0,0.0,204.3375432861957,214.55442045050557,10.216877164309864,5.000000000000038,4.878048780487841,0.125,0.125,0.0,0.0,0.0,-6.918953127906612,-6.961331726046488,-0.042378598139876544,0.6125001478756736,-0.6106300927650938,0.7575070068076653,0.7575070068076629,-2.3314683517128287e-15,-3.077817539323171e-13,-3.0778175393231755e-13,8.306874580041834,7.911309123849357,-0.39556545619247707,-4.7619047619048676,-4.878048780487916,0.7581663136971442,0.7960746293820015,0.03790831568485731,5.000000000000013,4.878048780487818
3d47c3b9-21d9-4794-995d-52804115fb8b,scale_plus_10pct,409493683,True,8.688960291482301,9.557856320630528,0.8688960291482264,9.999999999999957,9.523809523809483,4.692365547358076,4.692365547358076,0.0,0.0,0.0,204.3375432861957,224.77129761481524,20.43375432861953,9.99999999999998,9.523809523809506,0.125,0.125,0.0,0.0,0.0,-6.918953127906612,-7.0017384982230615,-0.08278537031644984,1.1965013895317032,-1.189385880239722,0.7575070068076653,0.7575070068076665,1.2212453270876722e-15,1.6121901396454706e-13,1.612190139645469e-13,8.306874580041834,7.551704163674407,-0.7551704163674264,-9.090909090908934,-9.523809523809353,0.7581663136971442,0.8339829450668587,0.0758166313697145,10.000000000000012,9.523809523809534
3d47c3b9-21d9-4794-995d-52804115fb8b,combined_degradation,409493683,True,8.688960291482301,1.543639497826804,-7.145320793655497,-82.23447402170754,-139.6579743326,4.692365547358076,0.1250373557214246,-4.567328191636651,-97.33530232332764,-189.61786188641227,204.3375432861957,38.5909874456701,-165.74655584052562,-81.11409835655142,-136.45705207303922,0.125,1.0,0.875,700.0,155.55555555555554,-6.918953127906612,-5.968851799763841,0.9501013281427708,-13.731865364294382,14.744191636589388,0.7575070068076653,1.0,0.24249299319233475,32.01198022104961,27.595109692654813,8.306874580041834,0.0,-8.306874580041834,-100.0,-200.0,0.7581663136971442,0.0,-0.7581663136971442,-100.0,-200.0
3fcbd2bc-bf2f-453f-821f-e9d90e2b2ead,frame_thinning_2x,2006346983,True,9.399108965904928,10.934783598160509,1.5356746322555814,16.338512914641264,15.104580959274506,8.761731804218018,16.647361341457643,7.885629537239625,90.00080935418926,62.06935046465182,99.40663641258591,90.6128088184791,-8.793827594106816,-8.846318426476229,-9.255713364927951,1.2631578947368423,0.3750000000000001,-0.8881578947368421,-70.3125,-108.43373493975902,-4.664924192389331,-4.515807005383278,0.1491171870060528,-3.196561848729129,3.2484817122677767,0.7311432720621388,0.7897634331806542,0.058620161118515424,8.017602480726019,7.708580798078271,189.14825621236437,50.369377684096214,-138.77887852826817,-73.37042450576733,-115.88197183699629,0.07847949588496698,0.06797339179202512,-0.010506104092941865,-13.387068780795195,-14.347418148713476
3fcbd2bc-bf2f-453f-821f-e9d90e2b2ead,frame_thinning_3x,2006346983,True,9.399108965904928,11.559655495075301,2.1605465291703734,22.986716475015996,20.617117322853165,8.761731804218018,20.627579859024934,11.865848054806916,135.42811307114576,80.7494111517247,99.40663641258591,76.95092458934066,-22.455711823245252,-22.58975118124219,-25.466117466888694,1.2631578947368423,0.14285714285714285,-1.1203007518796995,-88.6904761904762,-159.3582887700535,-4.664924192389331,-5.082614178647889,-0.4176899862585577,8.953842957191139,-8.570163468135434,0.7311432720621388,0.8354961004135656,0.10435282835142679,14.272555371686165,13.321869753154708,189.14825621236437,30.180901014210164,-158.96735519815422,-84.04378574850575,-144.95779513157524,0.07847949588496698,0.06203378919243066,-0.016445706692536324,-20.955418363851336,-23.408045272698146
3fcbd2bc-bf2f-453f-821f-e9d90e2b2ead,landmark_dropout_5pct,2006346983,True,9.399108965904928,9.405168925573912,0.00605995966898476,0.06447376757698138,0.06445298994151571,8.761731804218018,8.790947117039739,0.029215312821721184,0.33344221752663705,0.33288722425542694,99.40663641258591,99.57799919220841,0.17136277962249835,0.1723856533192205,0.17223719721038555,1.2631578947368423,1.2631578947368423,0.0,0.0,0.0,-4.664924192389331,-4.666782198754965,-0.0018580063656337131,0.039829293875021356,-0.03982136359105649,0.7311432720621388,0.7313931403388084,0.0002498682766696181,0.034175008677147775,0.034169170018738364,189.14825621236437,189.1482557965595,-4.1580486254133575e-07,-2.1983013265239667e-07,-2.1983013289402314e-07,0.07847949588496698,0.07847949588496698,0.0,0.0,0.0
3fcbd2bc-bf2f-453f-821f-e9d90e2b2ead,landmark_dropout_10pct,2006346983,True,9.399108965904928,9.552060912289098,0.15295194638417087,1.6273026192057234,1.6141689127082703,8.761731804218018,9.072894825764072,0.31116302154605435,3.551387197177802,3.4894256885978536,99.40663641258591,97.82735441249119,-1.5792820000947216,-1.5887088197411015,-1.6014298483625526,1.2631578947368423,0.22857142857142856,-1.0345864661654136,-81.9047619047619,-138.70967741935482,-4.664924192389331,-4.856201583659132,-0.19127739126980092,4.100332253670137,-4.017957451018706,0.7311432720621388,0.7247820628808705,-0.006361209181268257,-0.8700359319900337,-0.8738372811566273,189.14825621236437,287.7301679329333,98.58191172056891,52.118858346696584,41.34467265834299,0.07847949588496698,0.07788417548658086,-0.000595320398386126,-0.7585680714090337,-0.7614561530363906
3fcbd2bc-bf2f-453f-821f-e9d90e2b2ead,landmark_dropout_20pct,2006346983,True,9.399108965904928,26.974008834481896,17.57489986857697,186.98474432341996,96.63675225768006,8.761731804218018,0.9576045758717168,-7.804127228346301,-89.07060159715557,-160.58971360088373,99.40663641258591,491.1456345614666,391.7389981488807,394.0773094091759,132.66869586421177,1.2631578947368423,0.09523809523809525,-1.167919799498747,-92.46031746031746,-171.95571955719555,-4.664924192389331,-6.83214688961861,-2.1672226972292785,46.457833136174656,-37.70043138414305,0.7311432720621388,0.6592964270646988,-0.07184684499743998,-9.826643797842925,-10.334406453233184,189.14825621236437,156.991412153471,-32.15684405889337,-17.00086731055537,-18.58027091243802,0.07847949588496698,0.07775977324714302,-0.0007197226378239663,-0.91708366587741,-0.9213082496121971
3fcbd2bc-bf2f-453f-821f-e9d90e2b2ead,jitter_sigma_0p004,2006346983,True,9.399108965904928,9.871010608045877,0.4719016421409492,5.020706152601939,4.897755204164505,8.761731804218018,8.783105837759281,0.02137403354126377,0.24394758957326243,0.24365039993444956,99.40663641258591,124.12373093267621,24.7170945200903,24.86463219367199,22.115200555200268,1.2631578947368423,3.300000000000001,2.036842105263159,161.25000000000006,89.27335640138412,-4.664924192389331,-5.127889696291497,-0.46296550390216584,9.924395012838122,-9.455208873872124,0.7311432720621388,0.662027550636415,-0.06911572142572375,-9.45310229427232,-9.922074206499314,189.14825621236437,166.45722891827526,-22.69102729408911,-11.99642425918692,-12.761910736980365,0.07847949588496698,0.5088426086907879,0.4303631128058209,548.3765000690562,146.55096733220643
3fcbd2bc-bf2f-453f-821f-e9d90e2b2ead,jitter_sigma_0p008,2006346983,True,9.399108965904928,10.261748368534235,0.8626394026293074,9.177884901201953,8.775196197759445,8.761731804218018,8.959041551746068,0.19730974752805075,2.2519491801045897,2.2268751319664544,99.40663641258591,143.17258111462604,43.76594470204013,44.0271859922814,36.08383698173202,1.2631578947368423,1.388888888888889,0.1257309941520468,9.953703703703704,9.48180815876516,-4.664924192389331,-5.484553390111895,-0.8196291977225636,17.570043240140137,-16.151160314609513,0.7311432720621388,0.5984865871526848,-0.13265668490945404,-18.143733243322487,-19.953926875226887,189.14825621236437,116.33159190507,-72.81666430729437,-38.497137518169964,-47.67362872283593,0.07847949588496698,0.7968309699627851,0.7183514740778182,915.3365041115419,164.13638408449359
3fcbd2bc-bf2f-453f-821f-e9d90e2b2ead,scale_minus_10pct,2006346983,True,9.399108965904928,8.459198069314436,-0.9399108965904919,-9.999999999999991,-10.526315789473674,8.761731804218018,8.761731804218018,0.0,0.0,0.0,99.40663641258591,89.46597277132739,-9.940663641258524,-9.999999999999932,-10.52631578947361,1.2631578947368423,1.2631578947368423,0.0,0.0,0.0,-4.664924192389331,-4.573409211267984,0.09151498112134693,-1.9617678090171449,1.981201091641,0.7311432720621388,0.7311432720621406,1.7763568394002505e-15,2.4295605352288337e-13,2.4295605352288306e-13,189.14825621236437,210.16472912488942,21.016472912525046,11.11111111113232,10.526315789492719,0.07847949588496698,0.0706315462964703,-0.007847949588496689,-9.999999999999988,-10.52631578947367
3fcbd2bc-bf2f-453f-821f-e9d90e2b2ead,scale_minus_5pct,2006346983,True,9.399108965904928,8.92915351760968,-0.4699554482952468,-5.000000000000004,-5.128205128205134,8.761731804218018,8.761731804218018,0.0,0.0,0.0,99.40663641258591,94.43630459195663,-4.9703318206292835,-4.999999999999988,-5.128205128205116,1.2631578947368423,1.2631578947368423,0.0,0.0,0.0,-4.664924192389331,-4.620371402967028,0.04455278942230301,-0.9550592375110705,0.959641811394441,0.7311432720621388,0.7311432720621396,7.771561172376096e-16,1.0629327341626147e-13,1.0629327341626141e-13,189.14825621236437,199.10342759204025,9.955171379675875,5.263157894777947,5.1282051282441525,0.07847949588496698,0.07455552109071864,-0.003923974794248344,-4.999999999999994,-5.128205128205122
3fcbd2bc-bf2f-453f-821f-e9d90e2b2ead,scale_plus_5pct,2006346983,True,9.399108965904928,9.869064414200174,0.4699554482952468,5.000000000000004,4.878048780487809,8.761731804218018,8.761731804218018,0.0,0.0,0.0,99.40663641258591,104.37696823321521,4.970331820629298,5.000000000000003,4.8780487804878065,1.2631578947368423,1.2631578947368423,0.0,0.0,0.0,-4.664924192389331,-4.707302790529207,-0.042378598139875656,0.9084520217716491,-0.9043442549377703,0.7311432720621388,0.7311432720621387,-1.1102230246251565e-16,-1.518475334518021e-14,-1.518475334518021e-14,189.14825621236437,180.14119639268756,-9.007059819676812,-4.761904761926128,-4.878048780510226,0.07847949588496698,0.08240347067921534,0.003923974794248358,5.0000000000000115,4.878048780487815
3fcbd2bc-bf2f-453f-821f-e9d90e2b2ead,scale_plus_10pct,2006346983,True,9.399108965904928,10.339019862495421,0.9399108965904936,10.000000000000009,9.523809523809533,8.761731804218018,8.761731804218018,0.0,0.0,0.0,99.40663641258591,109.34730005384452,9.94066364125861,10.000000000000018,9.52380952380954,1.2631578947368423,1.2631578947368423,0.0,0.0,0.0,-4.664924192389331,-4.74770956270578,-0.08278537031644895,1.7746348472609808,-1.759026696893136,0.7311432720621388,0.7311432720621381,-6.661338147750939e-16,-9.110852007108124e-14,-9.11085200710813e-14,189.14825621236437,171.9529601930501,-17.19529601931427,-9.090909090913541,-9.523809523814409,0.07847949588496698,0.08632744547346369,0.007847949588496703,10.000000000000005,9.52380952380953
3fcbd2bc-bf2f-453f-821f-e9d90e2b2ead,combined_degradation,2006346983,True,9.399108965904928,0.6135368809496135,-8.785572084955314,-93.47239314731635,-175.4895203392276,8.761731804218018,0.2890682134757861,-8.472663590742231,-96.70078678581984,-187.2246337158848,99.40663641258591,8.478069490291448,-90.92856692229446,-91.47132445453306,-168.56618583945055,1.2631578947368423,0.5555555555555555,-0.7076023391812868,-56.01851851851853,-77.81350482315113,-4.664924192389331,-4.145009638101105,0.519914554288226,-11.145187635341411,11.802916214622309,0.7311432720621388,0.42728436986032026,-0.30385890220181855,-41.55941985827287,-52.4605752151342,189.14825621236437,275.2880720728587,86.13981586049434,45.540898756043354,37.09434883293346,0.07847949588496698,0.6135368809496135,0.5350573850646465,681.7798445710182,154.63720309976034
42f8729a-ed28-45a2-bf9b-397d2d698bb0,frame_thinning_2x,666352644,True,4.56315407141418,12.521897187086644,7.958743115672464,174.41320172662824,93.1661602327651,1.8859636158389295,41.80658368842588,39.92062007258695,2116.7227054287123,182.73423059813365,68.96318256303086,151.69107617914204,82.72789361611119,119.95950671287491,74.98418030786885,0.5000000000000001,0.1111111111111111,-0.388888888888889,-77.77777777777779,-127.2727272727273,-6.037965639491297,-6.225407965665862,-0.18744232617456458,3.1043953769560826,-3.056945538962277,0.8824099517914366,0.9556278299870986,0.07321787819566206,8.297490077828087,7.966961171474337,68.2948986246735,59.41657375356536,-8.878324871108134,-12.999982502207835,-13.903723300305384,0.8292503629904061,0.5271297988791122,-0.30212056411129395,-36.432973393198175,-44.54806588956253
42f8729a-ed28-45a2-bf9b-397d2d698bb0,frame_thinning_3x,666352644,True,4.56315407141418,13.59002658000722,9.02687250859304,197.82090123017687,99.45224125653411,1.8859636158389295,41.310121107345545,39.42415749150661,2090.3986248944493,182.5357911215811,68.96318256303086,119.7188123341714,50.75562977114055,73.59815467441776,53.80018352974616,0.5000000000000001,0.16666666666666666,-0.3333333333333335,-66.66666666666669,-100.00000000000004,-6.037965639491297,-5.577438794938191,0.46052684455310633,-7.627185579544074,7.929587766880473,0.8824099517914366,0.9620229425990295,0.07961299080759299,9.022222680735364,8.63278800217916,68.2948986246735,33.538543571713966,-34.75635505295953,-50.891583050688936,-68.26118081313864,0.8292503629904061,0.4885553224667745,-0.3406950405236316,-41.08470200664515,-51.70641533625433
42f8729a-ed28-45a2-bf9b-397d2d698bb0,landmark_dropout_5pct,666352644,True,4.56315407141418,0.8987301007770566,-3.6644239706371238,-80.30462950161731,-134.1816799885379,1.8859636158389295,0.18618260184723454,-1.699781013991695,-90.12798548796948,-164.05994900202884,68.96318256303086,26.15261607145105,-42.810566491579806,-62.077422909611045,-90.01778275782648,0.5000000000000001,0.2,-0.3000000000000001,-60.00000000000001,-85.71428571428572,-6.037965639491297,-6.2468095938671855,-0.20884395437588843,3.4588463539763317,-3.400045184527051,0.8824099517914366,0.5814278149534692,-0.3009821368379674,-34.109104983111806,-41.122335230802626,68.2948986246735,106.72665961747656,38.43176099280306,56.2732528589163,43.91660247891409,0.8292503629904061,0.523052321429021,-0.3061980415613851,-36.924679834590265,-45.28542982118571
42f8729a-ed28-45a2-bf9b-397d2d698bb0,landmark_dropout_10pct,666352644,True,4.56315407141418,1.3368553350661814,-3.226298736347999,-70.70326107459543,-109.36588449517882,1.8859636158389295,0.18598853174318083,-1.6999750840957486,-90.13827572381624,-164.09404880122887,68.96318256303086,61.72405023794744,-7.239132325083418,-10.497097227882438,-11.07856088147155,0.5000000000000001,5.999999999999995,5.499999999999995,1099.9999999999989,169.2307692307692,-6.037965639491297,-6.504467075972165,-0.4665014364808675,7.726135992389824,-7.4387712027463655,0.8824099517914366,0.5657520819885823,-0.31665786980285426,-35.885573271242805,-43.7323811032814,68.2948986246735,69.99634972575316,1.7014511010796696,2.4913297117992523,2.4606779118346433,0.8292503629904061,0.8990259256659779,0.06977556267557183,8.414293895989418,8.074584270298303
42f8729a-ed28-45a2-bf9b-397d2d698bb0,landmark_dropout_20pct,666352644,True,4.56315407141418,1.3368553350661814,-3.226298736347999,-70.70326107459543,-109.36588449517882,1.8859636158389295,0.18598853174318083,-1.6999750840957486,-90.13827572381624,-164.09404880122887,68.96318256303086,61.72405023794744,-7.239132325083418,-10.497097227882438,-11.07856088147155,0.5000000000000001,5.999999999999995,5.499999999999995,1099.9999999999989,169.2307692307692,-6.037965639491297,-6.504467075972165,-0.4665014364808675,7.726135992389824,-7.4387712027463655,0.8824099517914366,0.5657520819885823,-0.31665786980285426,-35.885573271242805,-43.7323811032814,68.2948986246735,69.99634972575316,1.7014511010796696,2.4913297117992523,2.4606779118346433,0.8292503629904061,0.8990259256659779,0.06977556267557183,8.414293895989418,8.074584270298303
42f8729a-ed28-45a2-bf9b-397d2d698bb0,jitter_sigma_0p004,666352644,True,4.56315407141418,1.0462286625070407,-3.51692540890714,-77.07224770118707,-125.39438208198871,1.8859636158389295,1.234435028598857,-0.6515285872400725,-34.54619069892577,-41.75931741294938,68.96318256303086,28.421875067794016,-40.541307495236836,-58.78688597090623,-83.259811066548,0.5000000000000001,1.4999999999999996,0.9999999999999994,199.99999999999986,99.99999999999997,-6.037965639491297,-5.997507112524032,0.040458526967265485,-0.6700688507176424,0.6723213587183893,0.8824099517914366,0.8801285696376379,-0.0022813821537986945,-0.2585399393067945,-0.258874586406082,68.2948986246735,101.5438344168118,33.24893579213831,48.68436217302793,39.15353723701747,0.8292503629904061,1.0462286625070407,0.2169782995166346,26.165595964791265,23.138440533514782
42f8729a-ed28-45a2-bf9b-397d2d698bb0,jitter_sigma_0p008,666352644,True,4.56315407141418,1.3697411843464862,-3.1934128870676943,-69.98257865262075,-107.65107925905096,1.8859636158389295,2.385113849299614,0.4991502334606843,26.466588711927418,23.37350411154358,68.96318256303086,48.11482598024137,-20.848356582789485,-30.23114045488626,-35.61447079975552,0.5000000000000001,1.0,0.4999999999999999,99.99999999999996,66.66666666666664,-6.037965639491297,-6.633818941275952,-0.595853301784655,9.868444727268374,-9.404410215259158,0.8824099517914366,0.9799239632346554,0.0975140114432188,11.050873944162735,10.472237084492187,68.2948986246735,80.78488447847229,12.4899858537988,18.28831450858386,16.756109505682858,0.8292503629904061,1.3697411843464862,0.5404908213560801,65.1782435653071,49.1580626592809
42f8729a-ed28-45a2-bf9b-397d2d698bb0,scale_minus_10pct,666352644,True,4.56315407141418,4.106838664272763,-0.4563154071414175,-9.999999999999988,-10.52631578947367,1.8859636158389295,1.8859636158389295,0.0,0.0,0.0,68.96318256303086,62.06686430672775,-6.896318256303104,-10.000000000000027,-10.526315789473713,0.5000000000000001,0.5000000000000001,0.0,0.0,0.0,-6.037965639491297,-5.946450658369947,0.09151498112135048,-1.5156591902874872,1.5272330140548,0.8824099517914366,0.8824099517914351,-1.4432899320127035e-15,-1.6356229086974698e-13,-1.635622908697471e-13,68.2948986246735,75.88322069408005,7.5883220694065585,11.111111111108757,10.526315789471571,0.8292503629904061,0.7463253266913654,-0.08292503629904069,-10.000000000000009,-10.526315789473696
42f8729a-ed28-45a2-bf9b-397d2d698bb0,scale_minus_5pct,666352644,True,4.56315407141418,4.3349963678434715,-0.22815770357070875,-4.999999999999994,-5.128205128205122,1.8859636158389295,1.8859636158389295,0.0,0.0,0.0,68.96318256303086,65.5150234348793,-3.448159128151559,-5.000000000000024,-5.1282051282051535,0.5000000000000001,0.5000000000000001,0.0,0.0,0.0,-6.037965639491297,-5.993412850068992,0.044552789422304784,-0.7378774918973933,0.7406098887332577,0.8824099517914366,0.8824099517914386,1.9984014443252818e-15,2.2647086428118813e-13,2.2647086428118786e-13,68.2948986246735,71.88936697333774,3.5944683486642504,5.263157894732777,5.12820512820127,0.8292503629904061,0.7877878448408857,-0.0414625181495204,-5.0000000000000115,-5.12820512820514
42f8729a-ed28-45a2-bf9b-397d2d698bb0,scale_plus_5pct,666352644,True,4.56315407141418,4.79131177498489,0.22815770357070964,5.000000000000013,4.878048780487818,1.8859636158389295,1.8859636158389295,0.0,0.0,0.0,68.96318256303086,72.41134169118237,3.4481591281515165,4.999999999999962,4.878048780487769,0.5000000000000001,0.5000000000000001,0.0,0.0,0.0,-6.037965639491297,-6.080344237631173,-0.042378598139875656,0.7018688192377008,-0.6994143336750287,0.8824099517914366,0.8824099517914357,-8.881784197001252e-16,-1.0065371745830583e-13,-1.0065371745830588e-13,68.2948986246735,65.04276059492508,-3.2521380297484086,-4.761904761907767,-4.878048780490958,0.8292503629904061,0.8707128811399265,0.0414625181495204,5.0000000000000115,4.8780487804878145
42f8729a-ed28-45a2-bf9b-397d2d698bb0,scale_plus_10pct,666352644,True,4.56315407141418,5.0194694785556,0.45631540714142016,10.000000000000046,9.523809523809566,1.8859636158389295,1.8859636158389295,0.0,0.0,0.0,68.96318256303086,75.85950081933397,6.896318256303118,10.000000000000048,9.523809523809566,0.5000000000000001,0.5000000000000001,0.0,0.0,0.0,-6.037965639491297,-6.120751009807748,-0.08278537031645072,1.371080513857072,-1.3617452022985228,0.8824099517914366,0.8824099517914366,0.0,0.0,0.0,68.2948986246735,62.08627147697453,-6.208627147698962,-9.090909090911099,-9.523809523811728,0.8292503629904061,0.9121753992894467,0.08292503629904058,9.999999999999996,9.52380952380952
42f8729a-ed28-45a2-bf9b-397d2d698bb0,combined_degradation,666352644,True,4.56315407141418,28.07650676518853,23.51335269377435,515.2872843166406,144.07841313967361,1.8859636158389295,4.7055169643956445,2.819553348556715,149.50200125162533,85.55144217557185,68.96318256303086,411.695114677434,342.73193211440315,496.97812568489513,142.60938969828726,0.5000000000000001,5.000000000000003,4.500000000000003,900.0000000000003,163.63636363636365,-6.037965639491297,-7.080214576990232,-1.0422489374989352,17.261591067728325,-15.890145131402688,0.8824099517914366,0.8518133408383076,-0.030596610953128933,-3.4673918727925503,-3.5285664865834896,68.2948986246735,79.3368494551304,11.041950830456912,16.168046300412385,14.958775431539385,0.8292503629904061,8.717938719566874,7.888688356576468,951.3035759343688,165.25677428949442
451867f4-8a40-46f3-a665-55aa1285c898,frame_thinning_2x,3093901289,True,4.225107621772775,14.066184483421576,9.841076861648801,232.918963080038,107.60395498636356,0.3557184359895272,48.414405888410926,48.058687452421395,13510.316753398834,197.082488995735,140.51218890996196,141.61898299307288,1.1067940831109127,0.7876854610955704,0.7845953891910283,0.33333333333333337,0.6666666666666666,0.33333333333333326,99.99999999999997,66.66666666666666,-7.253024025342343,-6.535753380539535,0.7172706448028086,-9.889263323775538,10.403687342096662,0.8545303798693288,0.9949947509233128,0.14046437105398402,16.437609985903983,15.189236276425822,125.65461294026342,4.464696036839707,-121.18991690342371,-96.44685067076507,-186.27506994330764,0.3765297498905086,3.446370654468388,3.0698409045778794,815.2983676510452,160.6027141631849
451867f4-8a40-46f3-a665-55aa1285c898,frame_thinning_3x,3093901289,True,4.225107621772775,10.679509666911333,6.454402045138558,152.76302103827626,86.60943008632462,0.3557184359895272,49.469553695252955,49.113835259263425,13806.941190056676,197.14427301027038,140.51218890996196,111.26805133444303,-29.244137575518934,-20.81252722798171,-23.229890913704292,0.33333333333333337,0.3333333333333333,-5.551115123125783e-17,-1.6653345369377345e-14,-1.6653345369377345e-14,-7.253024025342343,-6.0779100988872035,1.1751139264551398,-16.201710105319474,17.62988122969297,0.8545303798693288,0.9993187810638505,0.14478840119452174,16.943622439340565,15.620300102694335,125.65461294026342,0.7587937728072965,-124.89581916745612,-99.3961274042776,-197.5990085465236,0.3765297498905086,1.3938473814302046,1.017317631539696,270.18253719275106,114.92665755129475
451867f4-8a40-46f3-a665-55aa1285c898,landmark_dropout_5pct,3093901289,True,4.225107621772775,4.225107621772775,0.0,0.0,0.0,0.3557184359895272,0.3557184359895272,0.0,0.0,0.0,140.51218890996196,140.51218890996196,0.0,0.0,0.0,0.33333333333333337,0.33333333333333337,0.0,0.0,0.0,-7.253024025342343,-7.253024025342343,0.0,-0.0,0.0,0.8545303798693288,0.8545303798693288,0.0,0.0,0.0,125.65461294026342,125.65461294026342,0.0,0.0,0.0,0.3765297498905086,0.3765297498905086,0.0,0.0,0.0
451867f4-8a40-46f3-a665-55aa1285c898,landmark_dropout_10pct,3093901289,True,4.225107621772775,4.225107621772775,0.0,0.0,0.0,0.3557184359895272,0.3557184359895272,0.0,0.0,0.0,140.51218890996196,140.51218890996196,0.0,0.0,0.0,0.33333333333333337,0.33333333333333337,0.0,0.0,0.0,-7.253024025342343,-7.253024025342343,0.0,-0.0,0.0,0.8545303798693288,0.8545303798693288,0.0,0.0,0.0,125.65461294026342,125.65461294026342,0.0,0.0,0.0,0.3765297498905086,0.3765297498905086,0.0,0.0,0.0
451867f4-8a40-46f3-a665-55aa1285c898,landmark_dropout_20pct,3093901289,True,4.225107621772775,4.225107621772775,0.0,0.0,0.0,0.3557184359895272,0.3557184359895272,0.0,0.0,0.0,140.51218890996196,140.51218890996196,0.0,0.0,0.0,0.33333333333333337,0.33333333333333337,0.0,0.0,0.0,-7.253024025342343,-7.253024025342343,0.0,-0.0,0.0,0.8545303798693288,0.8545303798693288,0.0,0.0,0.0,125.65461294026342,125.65461294026342,0.0,0.0,0.0,0.3765297498905086,0.3765297498905086,0.0,0.0,0.0
451867f4-8a40-46f3-a665-55aa1285c898,jitter_sigma_0p004,3093901289,True,4.225107621772775,1.1612414420323414,-3.0638661797404336,-72.51569555179505,-113.76411530135795,0.3557184359895272,0.0,-0.3557184359895272,-100.0,-200.0,140.51218890996196,58.06207210161707,-82.45011680834489,-58.678266595916206,-83.04209859659218,0.33333333333333337,0.0,-0.33333333333333337,-100.0,-200.0,-7.253024025342343,-6.925725070155953,0.3272989551863903,-4.512586116394972,4.616753607556347,0.8545303798693288,1.0,0.14546962013067122,17.023340955170703,15.688027730332578,125.65461294026342,0.0,-125.65461294026342,-100.0,-200.0,0.3765297498905086,0.0,-0.3765297498905086,-100.0,-200.00000000000003
451867f4-8a40-46f3-a665-55aa1285c898,jitter_sigma_0p008,3093901289,True,4.225107621772775,2.1993411819356106,-2.0257664398371644,-47.9459133632007,-63.064287746143485,0.3557184359895272,0.0,-0.3557184359895272,-100.0,-200.0,140.51218890996196,109.96705909678053,-30.545129813181433,-21.73842002614754,-24.389349661700685,0.33333333333333337,0.0,-0.33333333333333337,-100.0,-200.0,-7.253024025342343,-7.480465229988672,-0.227441204646329,3.1358120950880726,-3.0874044933250824,0.8545303798693288,1.0,0.14546962013067122,17.023340955170703,15.688027730332578,125.65461294026342,0.0,-125.65461294026342,-100.0,-200.0,0.3765297498905086,0.0,-0.3765297498905086,-100.0,-200.00000000000003
451867f4-8a40-46f3-a665-55aa1285c898,scale_minus_10pct,3093901289,True,4.225107621772775,3.802596859595498,-0.4225107621772768,-9.999999999999982,-10.526315789473665,0.3557184359895272,0.3557184359895272,0.0,0.0,0.0,140.51218890996196,126.46097001896577,-14.051218890996196,-10.0,-10.526315789473685,0.33333333333333337,0.33333333333333337,0.0,0.0,0.0,-7.253024025342343,-7.161509044220994,0.09151498112134959,-1.2617493172722543,1.2697599107748536,0.8545303798693288,0.8545303798693284,-3.3306690738754696e-16,-3.897660226409717e-14,-3.897660226409718e-14,125.65461294026342,139.61623660029449,13.961623660031066,11.11111111111254,10.52631578947497,0.3765297498905086,0.33887677490145773,-0.03765297498905085,-9.999999999999996,-10.526315789473681
451867f4-8a40-46f3-a665-55aa1285c898,scale_minus_5pct,3093901289,True,4.225107621772775,4.013852240684137,-0.2112553810886384,-4.999999999999991,-5.128205128205119,0.3557184359895272,0.3557184359895272,0.0,0.0,0.0,140.51218890996196,133.48657946446386,-7.025609445498105,-5.000000000000005,-5.128205128205134,0.33333333333333337,0.33333333333333337,0.0,0.0,0.0,-7.253024025342343,-7.2084712359200385,0.044552789422304784,-0.6142650192062736,0.616157439011817,0.8545303798693288,0.8545303798693293,5.551115123125783e-16,6.496100377349528e-14,6.496100377349526e-14,125.65461294026342,132.26801362133133,6.613400681067915,5.263157894737972,5.1282051282062,0.3765297498905086,0.35770326239598316,-0.018826487494525423,-4.999999999999998,-5.128205128205127
451867f4-8a40-46f3-a665-55aa1285c898,scale_plus_5pct,3093901289,True,4.225107621772775,4.436363002861413,0.2112553810886384,4.999999999999991,4.878048780487798,0.3557184359895272,0.3557184359895272,0.0,0.0,0.0,140.51218890996196,147.53779835546004,7.025609445498077,4.999999999999985,4.87804878048779,0.33333333333333337,0.33333333333333337,0.0,0.0,0.0,-7.253024025342343,-7.29540262348222,-0.042378598139876544,0.5842886772717711,-0.5825866832589834,0.8545303798693288,0.8545303798693299,1.1102230246251565e-15,1.2992200754699056e-13,1.2992200754699049e-13,125.65461294026342,119.67105994310897,-5.983552997154447,-4.761904761904003,-4.878048780487009,0.3765297498905086,0.395356237385034,0.018826487494525423,4.999999999999998,4.878048780487804
451867f4-8a40-46f3-a665-55aa1285c898,scale_plus_10pct,3093901289,True,4.225107621772775,4.6476183839500536,0.42251076217727856,10.000000000000025,9.523809523809547,0.3557184359895272,0.3557184359895272,0.0,0.0,0.0,140.51218890996196,154.56340780095815,14.051218890996182,9.99999999999999,9.523809523809517,0.33333333333333337,0.33333333333333337,0.0,0.0,0.0,-7.253024025342343,-7.335809395658793,-0.08278537031644984,1.1413910946274903,-1.1349141898800132,0.8545303798693288,0.854530379869327,-1.7763568394002505e-15,-2.0787521207518493e-13,-2.0787521207518513e-13,125.65461294026342,114.23146630933064,-11.423146630932777,-9.090909090908884,-9.523809523809296,0.3765297498905086,0.4141827248795595,0.0376529749890509,10.000000000000012,9.523809523809534
451867f4-8a40-46f3-a665-55aa1285c898,combined_degradation,3093901289,True,4.225107621772775,13.422912244826353,9.197804623053578,217.6939724719806,104.23610912249099,0.3557184359895272,34.466573687646076,34.110855251656545,9589.285176284991,195.9138998119186,140.51218890996196,161.8285492447403,21.316360334778324,15.170470619056056,14.100885289147591,0.33333333333333337,0.6666666666666666,0.33333333333333326,99.99999999999997,66.66666666666666,-7.253024025342343,-6.83340748353264,0.4196165418097033,-5.785401238759821,5.957740845086692,0.8545303798693288,0.9964085952586131,0.14187821538928436,16.60306277361137,15.330404437507438,125.65461294026342,3.2477503709178857,-122.40686256934553,-97.41533534271291,-189.92182831255764,0.3765297498905086,3.816602567108492,3.4400728172179837,913.6257674774239,164.08129088948107
48c9026f-11c4-410d-82ec-f33d477d9db6,frame_thinning_2x,2129366121,True,2.202552142785387,2.2665389059648757,0.06398676317948881,2.905119108715856,2.8635247069930285,15.379642011083035,16.056629859758388,0.6769878486753527,4.401843997327732,4.307049203905694,34.90869432835236,10.556486560435195,-24.352207767917164,-69.75972099918567,-107.12464920126519,1.0,0.07547169811320754,-0.9245283018867925,-92.45283018867924,-171.9298245614035,-4.571031757885293,-3.1141779790651056,1.4568537788201872,-31.871442947361512,37.913182038888316,0.9629568479244669,0.9595273037491984,-0.0034295441752685285,-0.35614723366477763,-0.35678256929014013,1907.0360143461946,469.17467289678297,-1437.8613414494116,-75.39770254115341,-121.02136811089801,0.08116286781637126,0.029266554949599805,-0.05189631286677146,-63.94095509806951,-93.99001021087174
48c9026f-11c4-410d-82ec-f33d477d9db6,frame_thinning_3x,2129366121,True,2.202552142785387,2.745581152652471,0.5430290098670842,24.654535950298097,21.948843228122126,15.379642011083035,13.03339201437379,-2.346249996709245,-15.255556631412267,-16.515307690175636,34.90869432835236,7.111130527652821,-27.79756380069954,-79.62934259080191,-132.30689987860293,1.0,0.11428571428571428,-0.8857142857142857,-88.57142857142857,-158.97435897435898,-4.571031757885293,-2.206325265936282,2.364706491949011,-51.73244504087629,69.78255634570701,0.9629568479244669,0.9436555502631349,-0.01930129766133204,-2.004378254636599,-2.0246692699239315,1907.0360143461946,228.1139097903636,-1678.922104555831,-88.03830089865556,-157.26503189088956,0.08116286781637126,0.01906136362363353,-0.06210150419273773,-76.51467458399901,-123.92512928355514
48c9026f-11c4-410d-82ec-f33d477d9db6,landmark_dropout_5pct,2129366121,True,2.202552142785387,10.222456172104838,8.019904029319452,364.118690928122,129.09293621491327,15.379642011083035,15.376226822454937,-0.00341518862809842,-0.02220590456941281,-0.022208370354176443,34.90869432835236,246.057315336787,211.14862100843465,604.8596920364984,150.30189684516327,1.0,0.1702127659574468,-0.8297872340425532,-82.97872340425532,-141.8181818181818,-4.571031757885293,-6.246711862567578,-1.675680104682285,36.658684372333234,-30.980214792928045,0.9629568479244669,0.6837221261056096,-0.27923472181885733,-28.997636022913476,-33.914894915486684,1907.0360143461946,1717.0404315326111,-189.9955828135835,-9.962873348184843,-10.48518626198633,0.08116286781637126,0.03769885272336749,-0.04346401509300377,-53.55160095049857,-73.13374717383896
48c9026f-11c4-410d-82ec-f33d477d9db6,landmark_dropout_10pct,2129366121,True,2.202552142785387,12.553522824303116,10.35097068151773,469.9534907912648,140.29436289262853,15.379642011083035,11.936782660261075,-3.4428593508219603,-22.38582242903269,-25.20724723125015,34.90869432835236,374.08719196241657,339.17849763406423,971.616109281372,165.85912426167087,1.0,0.07547169811320754,-0.9245283018867925,-92.45283018867924,-171.9298245614035,-4.571031757885293,-6.6139009867351835,-2.0428692288498906,44.69164374817181,-36.52894971286139,0.9629568479244669,0.03715247864996894,-0.9258043692744979,-96.14183348609582,-185.14063306369786,1907.0360143461946,1351.1030400577447,-555.9329742884499,-29.15167674371609,-34.12579788680352,0.08116286781637126,0.037686159463041734,-0.04347670835332953,-53.56724019621186,-73.16291828138598
48c9026f-11c4-410d-82ec-f33d477d9db6,landmark_dropout_20pct,2129366121,True,2.202552142785387,43.86808316907855,41.665531026293166,1891.6932869340467,180.8767374022455,15.379642011083035,43.18407971756779,27.804437706484755,180.78728806852615,94.95447654544172,34.90869432835236,1312.8136832458429,1277.9049889174905,3660.706919879251,189.63920317441475,1.0,0.05747126436781609,-0.9425287356321839,-94.25287356321839,-178.26086956521738,-4.571031757885293,-8.339736576562524,-3.7687048186772314,82.44757460229846,-58.3807984319845,0.9629568479244669,0.08415557161055301,-0.8788012763139139,-91.26071206701111,-167.8523260576269,1907.0360143461946,1001.1196602957775,-905.9163540504171,-47.50389333161073,-62.301778542989865,0.08116286781637126,43.86808316907855,43.78692030126218,53949.44939640239,199.26130366151685
48c9026f-11c4-410d-82ec-f33d477d9db6,jitter_sigma_0p004,2129366121,True,2.202552142785387,2.327425023513482,0.12487288072809521,5.669463087951177,5.513179256491495,15.379642011083035,20.855857691682992,5.476215680599957,35.60691254486697,30.225694280583806,34.90869432835236,38.242226340562354,3.333532012209993,9.549288726913353,9.114121823012319,1.0,1.3404255319148934,0.34042553191489344,34.04255319148935,29.090909090909083,-4.571031757885293,-5.02030200040736,-0.4492702425220676,9.828639710215327,-9.368253755816374,0.9629568479244669,0.703700577062444,-0.25925627086202285,-26.92293755642502,-31.110925013766273,1907.0360143461946,218.27842247251138,-1688.7575918736832,-88.55404822822155,-158.91837580527744,0.08116286781637126,0.43248530417138314,0.35132243635501187,432.8610432419282,136.79497193397492
48c9026f-11c4-410d-82ec-f33d477d9db6,jitter_sigma_0p008,2129366121,True,2.202552142785387,2.6733234555467162,0.47077131276132933,21.373900922317485,19.310226574376372,15.379642011083035,26.807449464734717,11.427807453651681,74.30476889784859,54.17679699584061,34.90869432835236,41.27418660116191,6.365492272809547,18.234690226267162,16.71108310723773,1.0,2.7931034482758617,1.7931034482758617,179.31034482758616,94.54545454545453,-4.571031757885293,-5.415135969450713,-0.84410421156542,18.466382564708542,-16.905468336062093,0.9629568479244669,0.5026659460146947,-0.4602909019097722,-47.79974335318053,-62.811646190715415,1907.0360143461946,107.01000108504269,-1800.026013261152,-94.38867434699549,-178.7472579543561,0.08116286781637126,0.8728227157672653,0.7916598479508941,975.3965936023878,165.96893319436384
48c9026f-11c4-410d-82ec-f33d477d9db6,scale_minus_10pct,2129366121,True,2.202552142785387,1.982296928506848,-0.220255214278539,-10.000000000000014,-10.5263157894737,15.379642011083035,15.379642011083035,0.0,0.0,0.0,34.90869432835236,31.417824895517114,-3.4908694328352468,-10.000000000000032,-10.526315789473719,1.0,1.0,0.0,0.0,0.0,-4.571031757885293,-4.479516776763945,0.09151498112134782,-2.0020639971157324,2.0223079467723015,0.9629568479244669,0.962956847924465,-1.887379141862766e-15,-1.9599830936669447e-13,-1.9599830936669465e-13,1907.0360143461946,2118.9289048295323,211.89289048333762,11.111111111133507,10.526315789493784,0.08116286781637126,0.07304658103473416,-0.008116286781637103,-9.999999999999972,-10.526315789473651
48c9026f-11c4-410d-82ec-f33d477d9db6,scale_minus_5pct,2129366121,True,2.202552142785387,2.092424535646117,-0.11012760713926983,-5.000000000000022,-5.128205128205152,15.379642011083035,15.379642011083035,0.0,0.0,0.0,34.90869432835236,33.16325961193474,-1.7454347164176198,-5.000000000000005,-5.128205128205134,1.0,1.0,0.0,0.0,0.0,-4.571031757885293,-4.52647896846299,0.04455278942230301,-0.9746768734530641,0.9794501103091611,0.9629568479244669,0.9629568479244639,-2.9976021664879227e-15,-3.1129143252357355e-13,-3.11291432523574e-13,1907.0360143461946,2007.4063308885977,100.37031654240309,5.263157894624968,5.1282051280989185,0.08116286781637126,0.07710472442555269,-0.004058143390818572,-5.0000000000000115,-5.12820512820514
48c9026f-11c4-410d-82ec-f33d477d9db6,scale_plus_5pct,2129366121,True,2.202552142785387,2.3126797499246567,0.11012760713926983,5.000000000000022,4.878048780487826,15.379642011083035,15.379642011083035,0.0,0.0,0.0,34.90869432835236,36.65412904476999,1.745434716417627,5.000000000000025,4.87804878048783,1.0,1.0,0.0,0.0,0.0,-4.571031757885293,-4.6134103560251685,-0.042378598139875656,0.9271123104049789,-0.9228344544888665,0.9629568479244669,0.9629568479244665,-4.440892098500626e-16,-4.611724926275164e-14,-4.611724926275165e-14,1907.0360143461946,1816.2247755681024,-90.81123877809227,-4.761904761889139,-4.87804878047141,0.08116286781637126,0.08522101120718983,0.004058143390818572,5.0000000000000115,4.878048780487815
48c9026f-11c4-410d-82ec-f33d477d9db6,scale_plus_10pct,2129366121,True,2.202552142785387,2.422807357063924,0.220255214278537,9.999999999999924,9.523809523809454,15.379642011083035,15.379642011083035,0.0,0.0,0.0,34.90869432835236,38.39956376118757,3.4908694328352112,9.999999999999929,9.52380952380946,1.0,1.0,0.0,0.0,0.0,-4.571031757885293,-4.653817128201741,-0.08278537031644806,1.8110871834053337,-1.79483417752903,0.9629568479244669,0.9629568479244655,-1.4432899320127035e-15,-1.4988106010394284e-13,-1.4988106010394294e-13,1907.0360143461946,1733.6691039496231,-173.36691039657148,-9.0909090909858,-9.523809523893712,0.08116286781637126,0.08927915459800839,0.00811628678163713,10.000000000000005,9.523809523809527
48c9026f-11c4-410d-82ec-f33d477d9db6,combined_degradation,2129366121,True,2.202552142785387,2.3685380857746456,0.16598594298925873,7.536073256333897,7.262422515844627,15.379642011083035,16.948171451136275,1.56852944005324,10.198738299128875,9.703900586325396,34.90869432835236,12.670034692456507,-22.238659635895853,-63.705217464504024,-93.48152039189458,1.0,0.6285714285714284,-0.37142857142857155,-37.14285714285715,-45.61403508771931,-4.571031757885293,-3.573023261844865,0.9980084960404279,-21.833331048702643,24.508883931226084,0.9629568479244669,0.8319828119023873,-0.13097403602207958,-13.601236265610211,-14.593697933524268,1907.0360143461946,202.427637083616,-1704.6083772625786,-89.3852221163733,-161.6153353585573,0.08116286781637126,0.21918292901277672,0.13802006119640547,170.05320894854535,91.90743646392251
511a396b-aa38-4056-a980-76723ed0c05f,frame_thinning_2x,3212475891,True,9.801314065139186,5.949945548589132,-3.851368516550054,-39.29440982049953,-48.902355887694455,5.904725973506293,6.137697198507987,0.23297122500169376,3.945504432331054,3.869175192964519,309.30871038973885,48.834415229293846,-260.474295160445,-84.21175557333613,-145.45821294781416,0.2098765432098765,0.25,0.040123456790123496,19.117647058823554,17.44966442953022,-7.218909058083895,-5.332180296840192,1.8867287612437034,-26.135926440725864,30.064780958690175,0.7437312593264529,0.7759549528619217,0.032223693535468834,4.332706623714008,4.240835150970562,3447.9158607448962,367.2902835929844,-3080.625577151912,-89.3474696475443,-161.49195931254437,0.024754328684395675,0.016218093683665682,-0.008536235000729992,-34.48380729512959,-41.66819781387454
511a396b-aa38-4056-a980-76723ed0c05f,frame_thinning_3x,3212475891,True,9.801314065139186,4.15394874689148,-5.647365318247706,-57.618450757883245,-80.93527716839814,5.904725973506293,5.824820501507595,-0.07990547199869802,-1.3532460669169588,-1.3624648176962597,309.30871038973885,10.762055501533952,-298.5466548882049,-96.52061027056968,-186.5504049124064,0.2098765432098765,0.0625,-0.1473765432098765,-70.22058823529412,-108.21529745042493,-7.218909058083895,-3.308129354663684,3.910779703420211,-54.17410957741369,74.29971374825618,0.7437312593264529,0.8084618040319629,0.06473054470550998,8.7034858214958,8.340527506991325,3447.9158607448962,162.07045187790362,-3285.845408866993,-95.29946615800279,-182.0419871054688,0.024754328684395675,0.007237095610031399,-0.017517233074364275,-70.76432286934353,-109.51205493789654
511a396b-aa38-4056-a980-76723ed0c05f,landmark_dropout_5pct,3212475891,True,9.801314065139186,6.592851737156978,-3.2084623279822084,-32.73502212722582,-39.141513714992826,5.904725973506293,1.2238822310467459,-4.6808437424595475,-79.27283608861546,-131.32559984065037,309.30871038973885,353.70486794301553,44.39615755327668,14.353348632612416,13.392231774473572,0.2098765432098765,0.078125,-0.1317515432098765,-62.77573529411764,-91.4936369725385,-7.218909058083895,-6.832805978494065,0.38610307958983014,-5.348496240681455,5.495458434572106,0.7437312593264529,0.7579656660388476,0.014234406712394732,1.9139180361043142,1.8957762344664975,3447.9158607448962,1809.4563392050786,-1638.4595215398176,-47.52028726089159,-62.32998004422848,0.024754328684395675,0.014528053450106292,-0.010226275234289383,-41.311058621984344,-52.06545366457082
511a396b-aa38-4056-a980-76723ed0c05f,landmark_dropout_10pct,3212475891,True,9.801314065139186,15.883084610426339,6.081770545287153,62.05056286195831,47.357702410007796,5.904725973506293,1.28802537774122,-4.6167005957650735,-78.186534252048,-128.3709215101493,309.30871038973885,839.8347200539888,530.52600966425,171.5199061144351,92.334167451907,0.2098765432098765,0.07692307692307691,-0.1329534662867996,-63.34841628959277,-92.71523178807948,-7.218909058083895,-8.311096785551014,-1.0921877274671186,15.12953991634044,-14.06551598838915,0.7437312593264529,0.3880643721238898,-0.3556668872025631,-47.82196293922977,-62.85001944154755,3447.9158607448962,1640.5578566741344,-1807.3580040707618,-52.41885466660708,-71.03733278148826,0.024754328684395675,0.014535490198772536,-0.010218838485623138,-41.28101640689922,-52.017742896752814
511a396b-aa38-4056-a980-76723ed0c05f,landmark_dropout_20pct,3212475891,True,9.801314065139186,16.063905668027434,6.262591602888248,63.89542831978739,48.424808816588644,5.904725973506293,1.2880166489153129,-4.61670932459098,-78.18668207983792,-128.3713200080182,309.30871038973885,850.6802881269452,541.3715777372064,175.02629559156642,93.34081244382074,0.2098765432098765,0.07692307692307691,-0.1329534662867996,-63.34841628959277,-92.71523178807948,-7.218909058083895,-8.884966580296366,-1.666057522212471,23.079076198456644,-20.691385845550958,0.7437312593264529,0.19491540576271676,-0.5488158535637362,-73.79222624859975,-116.93768783839438,3447.9158607448962,6988.336331338376,3540.42047059348,102.68291378283804,67.8485035706433,0.024754328684395675,0.01454106428572193,-0.010213264398673745,-41.25849878171754,-51.98199395252506
511a396b-aa38-4056-a980-76723ed0c05f,jitter_sigma_0p004,3212475891,True,9.801314065139186,0.24307540570697259,-9.558238659432213,-97.51997126006266,-190.31995298818313,5.904725973506293,0.15823435658247795,-5.746491616923816,-97.32020829937827,-189.56058770187198,309.30871038973885,14.569954388030323,-294.7387560017085,-95.28951047978192,-182.00566326525077,0.2098765432098765,0.0,-0.2098765432098765,-100.0,-200.0,-7.218909058083895,-5.882350730191768,1.336558327892127,-18.514685766756116,20.40350850974217,0.7437312593264529,1.0,0.2562687406735471,34.457169503085346,29.39314636964591,3447.9158607448962,0.0,-3447.9158607448962,-100.0,-200.0,0.024754328684395675,0.0,-0.024754328684395675,-100.0,-200.0
511a396b-aa38-4056-a980-76723ed0c05f,jitter_sigma_0p008,3212475891,True,9.801314065139186,0.8494617188446778,-8.951852346294508,-91.33318539535429,-168.09765838383123,5.904725973506293,0.0,-5.904725973506293,-100.0,-200.0,309.30871038973885,50.91678634433633,-258.3919240454025,-83.53852166653193,-143.46120770909894,0.2098765432098765,0.0,-0.2098765432098765,-100.0,-200.0,-7.218909058083895,-6.969156315781113,0.24975274230278188,-3.459702017205816,3.5206032072961344,0.7437312593264529,1.0,0.2562687406735471,34.457169503085346,29.39314636964591,3447.9158607448962,0.0,-3447.9158607448962,-100.0,-200.0,0.024754328684395675,0.0,-0.024754328684395675,-100.0,-200.0
511a396b-aa38-4056-a980-76723ed0c05f,scale_minus_10pct,3212475891,True,9.801314065139186,8.821182658625267,-0.9801314065139195,-10.000000000000009,-10.526315789473694,5.904725973506293,5.904725973506293,0.0,0.0,0.0,309.30871038973885,278.377839350765,-30.930871038973862,-9.999999999999993,-10.526315789473678,0.2098765432098765,0.2098765432098765,0.0,0.0,0.0,-7.218909058083895,-7.1273940769625455,0.09151498112134959,-1.2677120654244711,1.2757987930394215,0.7437312593264529,0.7437312593264519,-9.992007221626409e-16,-1.343497008674275e-13,-1.3434970086742757e-13,3447.9158607448962,3831.0176230530797,383.1017623081834,11.111111111203774,10.526315789556849,0.024754328684395675,0.022278895815956108,-0.0024754328684395664,-9.999999999999996,-10.52631578947368
511a396b-aa38-4056-a980-76723ed0c05f,scale_minus_5pct,3212475891,True,9.801314065139186,9.311248361882226,-0.49006570325695975,-5.000000000000004,-5.128205128205133,5.904725973506293,5.904725973506293,0.0,0.0,0.0,309.30871038973885,293.84327487025195,-15.465435519486903,-4.999999999999987,-5.128205128205114,0.2098765432098765,0.2098765432098765,0.0,0.0,0.0,-7.218909058083895,-7.174356268661591,0.044552789422303896,-0.6171678998007696,0.619078275997819,0.7437312593264529,0.7437312593264525,-4.440892098500626e-16,-5.97109781633011e-14,-5.971097816330113e-14,3447.9158607448962,3629.385116586862,181.4692558419656,5.263157895122201,5.128205128570978,0.024754328684395675,0.023516612250175893,-0.0012377164342197815,-4.99999999999999,-5.128205128205118
511a396b-aa38-4056-a980-76723ed0c05f,scale_plus_5pct,3212475891,True,9.801314065139186,10.291379768396146,0.49006570325695975,5.000000000000004,4.878048780487809,5.904725973506293,5.904725973506293,0.0,0.0,0.0,309.30871038973885,324.7741459092258,15.46543551948696,5.000000000000006,4.87804878048781,0.2098765432098765,0.2098765432098765,0.0,0.0,0.0,-7.218909058083895,-7.261287656223772,-0.042378598139876544,0.5870498963055927,-0.5853318014388973,0.7437312593264529,0.7437312593264527,-2.220446049250313e-16,-2.985548908165055e-14,-2.985548908165056e-14,3447.9158607448962,3283.729391181219,-164.1864695636773,-4.761904762032274,-4.878048780621614,0.024754328684395675,0.025992045118615463,0.0012377164342197884,5.000000000000019,4.8780487804878225
511a396b-aa38-4056-a980-76723ed0c05f,scale_plus_10pct,3212475891,True,9.801314065139186,10.781445471653107,0.9801314065139213,10.000000000000027,9.523809523809547,5.904725973506293,5.904725973506293,0.0,0.0,0.0,309.30871038973885,340.2395814287129,30.930871038974033,10.000000000000048,9.523809523809566,0.2098765432098765,0.2098765432098765,0.0,0.0,0.0,-7.218909058083895,-7.301694428400346,-0.08278537031645072,1.146785056444863,-1.140246965541167,0.7437312593264529,0.7437312593264522,-6.661338147750939e-16,-8.956646724495166e-14,-8.95664672449517e-14,3447.9158607448962,3134.468964314672,-313.4468964302241,-9.090909090876314,-9.523809523773552,0.024754328684395675,0.027229761552835248,0.0024754328684395734,10.000000000000025,9.523809523809545
511a396b-aa38-4056-a980-76723ed0c05f,combined_degradation,3212475891,True,9.801314065139186,23.89115865037539,14.089844585236206,143.75464852565275,83.6379371986442,5.904725973506293,7.828381720706814,1.9236557472005202,32.57823912289416,28.0148643705913,309.30871038973885,543.4537359588558,234.1450255691169,75.69946066959663,54.9144786034357,0.2098765432098765,0.03773584905660377,-0.17214069415327274,-82.01997780244173,-139.04045155221073,-7.218909058083895,-7.346920585761483,-0.12801152767758772,1.7732807914270308,-1.757696345593023,0.7437312593264529,0.3624653207380855,-0.3812659385883674,-51.263938930529044,-68.93276393353581,3447.9158607448962,259.22333775373477,-3188.6925229911612,-92.4817382957329,-172.02982419880874,0.024754328684395675,0.1853473611318879,0.16059303244749223,648.747273638347,152.8717190117961
57660e2f-8425-445f-bca0-17c6e557f1b0,frame_thinning_2x,295327475,True,3.830926990994375,43.66832476227547,39.83739777128109,1039.8892452121802,167.73905398852386,0.0,52.198514109491384,52.198514109491384,,200.00000000000003,191.54634954971874,1067.847910559309,876.3015610095902,457.48799863300593,139.16238762811693,0.0,0.05161290322580645,0.05161290322580645,,200.0,-7.962487768081096,-7.494861460914544,0.46762630716655185,-5.872866882648243,6.050536870699096,1.0,0.03792700402916401,-0.962072995970836,-96.20729959708359,-185.3835563071646,0.0,46.64974319889899,46.64974319889899,,200.0,0.0,1.603804428020553,1.603804428020553,,200.00000000000003
57660e2f-8425-445f-bca0-17c6e557f1b0,frame_thinning_3x,295327475,True,3.830926990994375,31.64533870275436,27.814411711759984,726.0491201514736,156.80574698515213,0.0,43.839406371198706,43.839406371198706,,199.99999999999997,191.54634954971874,515.0533594432527,323.50700989353396,168.89228672539272,91.56726383445252,0.0,0.4698275862068965,0.4698275862068965,,200.0,-7.962487768081096,-6.46265200796813,1.4998357601129655,-18.836270821354308,20.794748382309848,1.0,0.0393209316163628,-0.9606790683836373,-96.06790683836373,-184.8666834583191,0.0,35.32866474959113,35.32866474959113,,200.0,0.0,28.46151944412776,28.46151944412776,,200.00000000000003
57660e2f-8425-445f-bca0-17c6e557f1b0,landmark_dropout_5pct,295327475,True,3.830926990994375,3.8309376609012724,1.0669906897575743e-05,0.00027852023603316457,0.0002785198481660953,0.0,0.0,0.0,,,191.54634954971874,191.54688304506362,0.0005334953448823399,0.00027852023603501937,0.00027851984816795007,0.0,0.0,0.0,,,-7.962487768081096,-7.962490187273759,-2.419192663083436e-06,3.038237211215766e-05,-3.0382367496715687e-05,1.0,1.0,0.0,0.0,0.0,0.0,0.0,0.0,,,0.0,0.0,0.0,,
57660e2f-8425-445f-bca0-17c6e557f1b0,landmark_dropout_10pct,295327475,True,3.830926990994375,99.59643515863297,95.7655081676386,2499.7998759245793,185.18408702930193,0.0,65.1694445597815,65.1694445597815,,200.0,191.54634954971874,4954.755389708317,4763.209040158598,2486.713555938708,185.1119223664227,0.0,0.05128205128205128,0.05128205128205128,,200.0,-7.962487768081096,-9.584864600125798,-1.6223768320447016,20.37525054102134,-18.491414522275157,1.0,0.008782389893049585,-0.9912176101069504,-99.12176101069504,-196.5176275949937,0.0,1102.0578087676713,1102.0578087676713,,200.0,0.0,49.92012765609371,49.92012765609371,,200.0
57660e2f-8425-445f-bca0-17c6e557f1b0,landmark_dropout_20pct,295327475,True,3.830926990994375,80.3869996518901,76.55607266089572,1998.369398343048,181.80469577581061,0.0,65.19387497593195,65.19387497593195,,200.0,191.54634954971874,3977.6409424853127,3786.094592935594,1976.5944910126602,181.62266781195882,0.0,0.06956521739130433,0.06956521739130433,,200.0,-7.962487768081096,-9.824373122625161,-1.8618853545440652,23.38321148834577,-20.935513759113185,1.0,0.005242734588417713,-0.9947572654115823,-99.47572654115822,-197.9138433303617,0.0,1093.9195824817866,1093.9195824817866,,200.0,0.0,58.15511151009593,58.15511151009593,,200.0
57660e2f-8425-445f-bca0-17c6e557f1b0,jitter_sigma_0p004,295327475,True,3.830926990994375,4.02136685245092,0.19043986145654523,4.971116962140636,4.850553615374823,0.0,0.0,0.0,,,191.54634954971874,201.068342622546,9.521993072827257,4.971116962140633,4.850553615374821,0.0,0.0,0.0,,,-7.962487768081096,-8.0046274048967,-0.0421396368156044,0.5292270210389254,-0.5278303107241324,1.0,1.0,0.0,0.0,0.0,0.0,0.0,0.0,,,0.0,0.0,0.0,,
57660e2f-8425-445f-bca0-17c6e557f1b0,jitter_sigma_0p008,295327475,True,3.830926990994375,4.352332451607133,0.5214054606127578,13.610425409788851,12.743222044222515,0.0,0.0,0.0,,,191.54634954971874,217.61662258035662,26.07027303063788,13.610425409788842,12.743222044222508,0.0,0.0,0.0,,,-7.962487768081096,-8.073324140165523,-0.1108363720844272,1.3919816935698477,-1.3823605903911633,1.0,1.0,0.0,0.0,0.0,0.0,0.0,0.0,,,0.0,0.0,0.0,,
57660e2f-8425-445f-bca0-17c6e557f1b0,scale_minus_10pct,295327475,True,3.830926990994375,3.4478342918949374,-0.38309269909943744,-10.0,-10.526315789473683,0.0,0.0,0.0,,,191.54634954971874,172.39171459474687,-19.15463495497187,-9.999999999999996,-10.526315789473681,0.0,0.0,0.0,,,-7.962487768081096,-7.870972786959746,0.09151498112134959,-1.1493264892437514,1.155969420623141,1.0,1.0,0.0,0.0,0.0,0.0,0.0,0.0,,,0.0,0.0,0.0,,
57660e2f-8425-445f-bca0-17c6e557f1b0,scale_minus_5pct,295327475,True,3.830926990994375,3.6393806414446557,-0.19154634954971916,-5.000000000000011,-5.12820512820514,0.0,0.0,0.0,,,191.54634954971874,181.96903207223278,-9.577317477485963,-5.000000000000013,-5.128205128205142,0.0,0.0,0.0,,,-7.962487768081096,-7.917934978658792,0.044552789422303896,-0.5595335367534361,0.5611033173717015,1.0,1.0,0.0,0.0,0.0,0.0,0.0,0.0,,,0.0,0.0,0.0,,
57660e2f-8425-445f-bca0-17c6e557f1b0,scale_plus_5pct,295327475,True,3.830926990994375,4.022473340544094,0.19154634954971916,5.000000000000011,4.878048780487816,0.0,0.0,0.0,,,191.54634954971874,201.1236670272047,9.577317477485963,5.000000000000013,4.878048780487817,0.0,0.0,0.0,,,-7.962487768081096,-8.004866366220972,-0.042378598139875656,0.5322281097844449,-0.5308155350401518,1.0,1.0,0.0,0.0,0.0,0.0,0.0,0.0,,,0.0,0.0,0.0,,
57660e2f-8425-445f-bca0-17c6e557f1b0,scale_plus_10pct,295327475,True,3.830926990994375,4.214019690093813,0.3830926990994379,10.00000000000001,9.523809523809533,0.0,0.0,0.0,,,191.54634954971874,210.70098450469064,19.154634954971897,10.000000000000012,9.523809523809534,0.0,0.0,0.0,,,-7.962487768081096,-8.045273138397546,-0.08278537031644984,1.0396922761791638,-1.0343154273742938,1.0,1.0,0.0,0.0,0.0,0.0,0.0,0.0,,,0.0,0.0,0.0,,
57660e2f-8425-445f-bca0-17c6e557f1b0,combined_degradation,295327475,True,3.830926990994375,42.83339169846134,39.00246470746696,1018.0947013386774,167.16183072133856,0.0,55.51704832877451,55.51704832877451,,200.0,191.54634954971874,1046.0445615308881,854.4982119811693,446.1051928109815,138.090576511274,0.0,0.05128205128205128,0.05128205128205128,,200.0,-7.962487768081096,-7.538925601393331,0.42356216668776536,-5.319470233733758,5.46481996953709,1.0,0.024192912404842608,-0.9758070875951574,-97.58070875951574,-190.5514236188037,0.0,29.220335921108983,29.220335921108983,,199.99999999999997,0.0,2.608542994812517,2.608542994812517,,200.0
57699afd-a167-4185-8c9c-bf0424673650,frame_thinning_2x,1063597015,True,0.5301034693685834,0.3921228237318573,-0.13798064563672613,-26.0290025645517,-29.923381423630367,0.0,0.31150847626065764,0.31150847626065764,,200.0,10.047197872045835,5.079223536005486,-4.967974336040349,-49.44636702998224,-65.68604962170434,0.3333333333333333,0.33333333333333337,5.551115123125783e-17,1.6653345369377348e-14,1.6653345369377345e-14,-5.599968483636207,-4.288191750091498,1.3117767335447095,-23.424716360063126,26.53227096928196,0.8164410740027853,0.7870317282218444,-0.0294093457809409,-3.6021394216186344,-3.668206375579167,175.69331184139617,78.51774445701444,-97.17556738438172,-55.309770398149894,-76.45266795186933,0.22437270764956843,0.23278603186322464,0.008413324213656204,3.749709268025757,3.680701466025792
57699afd-a167-4185-8c9c-bf0424673650,frame_thinning_3x,1063597015,True,0.5301034693685834,0.3368999871352559,-0.19320348223332756,-36.44637196271437,-44.5680996503552,0.0,0.21579255698812583,0.21579255698812583,,199.99999999999997,10.047197872045835,3.894575387562052,-6.152622484483784,-61.23719829985763,-88.26169196581564,0.3333333333333333,1.5,1.1666666666666667,350.00000000000006,127.27272727272728,-5.599968483636207,-3.171545884184247,2.42842259945196,-43.36493333039477,55.37065773638752,0.8164410740027853,0.968727701852602,0.15228662784981672,18.652494674624513,17.061314303668187,175.69331184139617,22.78766492403124,-152.90564691736492,-87.02986204471893,-154.07587105748155,0.22437270764956843,0.2934519656341664,0.06907925798459799,30.787727575355518,26.68055870978051
57699afd-a167-4185-8c9c-bf0424673650,landmark_dropout_5pct,1063597015,True,0.5301034693685834,0.7188160827482286,0.18871261337964518,35.59920360536867,30.220139169059113,0.0,0.6822764704438261,0.6822764704438261,,200.0,10.047197872045835,10.079914012397467,0.032716140351631395,0.3256245250494868,0.3250952301499197,0.3333333333333333,2.1999999999999997,1.8666666666666665,560.0,147.3684210526316,-5.599968483636207,-5.715243878386084,-0.1152753947498768,2.0585007770441135,-2.0375294967822315,0.8164410740027853,0.5754285352294836,-0.24101253877330175,-29.51989389652872,-34.63148231338137,175.69331184139617,209.26964256113294,33.576330719736774,19.110762024935347,17.443928219975334,0.22437270764956843,0.5320216858102969,0.30764897816072845,137.11515156345274,81.3461815213871
57699afd-a167-4185-8c9c-bf0424673650,landmark_dropout_10pct,1063597015,True,0.5301034693685834,2.678728423702701,2.1486249543341174,405.3218057398089,133.91944644863236,0.0,0.9512346581875044,0.9512346581875044,,200.0,10.047197872045835,86.34296544475563,76.29576757270979,759.3735939548512,158.30612781918776,0.3333333333333333,2.1999999999999997,1.8666666666666665,560.0,147.3684210526316,-5.599968483636207,-7.1338912902941765,-1.5339228066579693,27.391632848296904,-24.09203232783071,0.8164410740027853,0.36887715517103176,-0.44756391883175356,-54.8188881087855,-75.51793397182657,175.69331184139617,178.94987382240666,3.256561981010492,1.853549202800783,1.836528721066515,0.22437270764956843,1.4807046675702695,1.256331959920701,559.93082807686,147.36363031721305
57699afd-a167-4185-8c9c-bf0424673650,landmark_dropout_20pct,1063597015,True,0.5301034693685834,0.5455004506774767,0.01539698130889322,2.9045237766945506,2.8629462987144714,0.0,0.0,0.0,,,10.047197872045835,11.352905764813077,1.3057078927672414,12.995741791849172,12.202818406153217,0.3333333333333333,0.1111111111111111,-0.2222222222222222,-66.66666666666666,-100.0,-5.599968483636207,-5.499961699102926,0.10000678453328149,-1.785845488693616,1.801935379535924,0.8164410740027853,0.9266386925508315,0.11019761854804622,13.497314387648052,12.644013276102307,175.69331184139617,346.8253291846057,171.13201734320955,97.40383145472023,65.50274149346323,0.22437270764956843,0.0673805311231942,-0.15699217652637423,-69.96937291124061,-107.61983461554681
57699afd-a167-4185-8c9c-bf0424673650,jitter_sigma_0p004,1063597015,True,0.5301034693685834,0.8162762924733357,0.2861728231047522,53.9843331803918,42.50997099261988,0.0,0.9650484275902704,0.9650484275902704,,200.0,10.047197872045835,10.093255297377013,0.046057425331177626,0.4584106525792877,0.4573623537041542,0.3333333333333333,1.2500000000000002,0.916666666666667,275.0000000000001,115.78947368421056,-5.599968483636207,-5.691667134556951,-0.09169865092074403,1.6374851249377331,-1.624187212931288,0.8164410740027853,0.7652462989621329,-0.051194775040652396,-6.270480095968045,-6.473437913926862,175.69331184139617,295.8896958006509,120.19638395925472,68.4126121247915,50.97570608417224,0.22437270764956843,0.4646964270616774,0.24032371941210898,107.10915865375806,69.75315169582122
57699afd-a167-4185-8c9c-bf0424673650,jitter_sigma_0p008,1063597015,True,0.5301034693685834,5.321689311738882,4.791585842370298,903.8963370825792,163.76471353667722,0.0,4.791698395319956,4.791698395319956,,200.0,10.047197872045835,122.33678189383595,112.28958402179012,1117.6209073597695,169.64225462986056,0.3333333333333333,0.14285714285714285,-0.19047619047619047,-57.14285714285714,-80.0,-5.599968483636207,-7.4947104838139005,-1.8947420001776933,33.83486899460883,-28.939113435121524,0.8164410740027853,0.051456600469802334,-0.7649844735329829,-93.69745078875994,-176.28448514920976,175.69331184139617,83.90167999820608,-91.79163184319009,-52.24537626455198,-70.71910840245023,0.22437270764956843,0.2860299360528078,0.06165722840323937,27.479825442734928,24.16023081541586
57699afd-a167-4185-8c9c-bf0424673650,scale_minus_10pct,1063597015,True,0.5301034693685834,0.47709312243172514,-0.0530103469368583,-9.999999999999993,-10.526315789473676,0.0,0.0,0.0,,,10.047197872045835,9.042478084841251,-1.0047197872045839,-10.000000000000004,-10.52631578947369,0.3333333333333333,0.3333333333333333,0.0,0.0,0.0,-5.599968483636207,-5.5084535025148575,0.09151498112134959,-1.6342052886327407,1.6476684309516123,0.8164410740027853,0.8164410740027862,8.881784197001252e-16,1.087865919515332e-13,1.0878659195153313e-13,175.69331184139617,195.21479093487997,19.521479093483805,11.11111111110846,10.526315789471305,0.22437270764956843,0.2019354368846116,-0.02243727076495683,-9.999999999999993,-10.526315789473678
57699afd-a167-4185-8c9c-bf0424673650,scale_minus_5pct,1063597015,True,0.5301034693685834,0.5035982959001543,-0.026505173468429177,-5.000000000000001,-5.1282051282051295,0.0,0.0,0.0,,,10.047197872045835,9.54483797844354,-0.5023598936022946,-5.000000000000028,-5.128205128205159,0.3333333333333333,0.3333333333333333,0.0,0.0,0.0,-5.599968483636207,-5.555415694213903,0.044552789422303896,-0.7955900029168486,0.7987674599457893,0.8164410740027853,0.8164410740027966,1.1324274851176597e-14,1.3870290473820481e-12,1.3870290473820386e-12,175.69331184139617,184.94032825409877,9.247016412702607,5.263157894735445,5.128205128203803,0.22437270764956843,0.21315407226709,-0.011218635382478442,-5.000000000000009,-5.128205128205138
57699afd-a167-4185-8c9c-bf0424673650,scale_plus_5pct,1063597015,True,0.5301034693685834,0.5566086428370127,0.02650517346842929,5.000000000000022,4.878048780487825,0.0,0.0,0.0,,,10.047197872045835,10.549557765648128,0.5023598936022928,5.000000000000011,4.8780487804878145,0.3333333333333333,0.3333333333333333,0.0,0.0,0.0,-5.599968483636207,-5.642347081776084,-0.042378598139876544,0.7567649400833593,-0.7539122682209177,0.8164410740027853,0.8164410740027866,1.3322676295501878e-15,1.631798879272998e-13,1.6317988792729965e-13,175.69331184139617,167.32696365846434,-8.36634818293183,-4.761904761909431,-4.878048780492704,0.22437270764956843,0.23559134303204687,0.011218635382478442,5.000000000000009,4.8780487804878145
57699afd-a167-4185-8c9c-bf0424673650,scale_plus_10pct,1063597015,True,0.5301034693685834,0.5831138163054419,0.053010346936858466,10.000000000000023,9.523809523809543,0.0,0.0,0.0,,,10.047197872045835,11.051917659250421,1.0047197872045857,10.000000000000021,9.523809523809543,0.3333333333333333,0.3333333333333333,0.0,0.0,0.0,-5.599968483636207,-5.682753853952658,-0.08278537031645072,1.478318504083723,-1.467471552333567,0.8164410740027853,0.8164410740027831,-2.220446049250313e-15,-2.7196647987883296e-13,-2.7196647987883337e-13,175.69331184139617,159.72119258308206,-15.972119258314109,-9.090909090912145,-9.523809523812877,0.22437270764956843,0.24680997841452534,0.022437270764956913,10.000000000000032,9.523809523809552
57699afd-a167-4185-8c9c-bf0424673650,combined_degradation,1063597015,True,0.5301034693685834,0.6336961448332098,0.10359267546462636,19.54197273751436,17.80249352216476,0.0,0.13369280604576822,0.13369280604576822,,200.0,10.047197872045835,10.47359927529108,0.42640140324524545,4.2439833342151605,4.155797654289289,0.3333333333333333,2.999999999999999,2.6666666666666656,799.9999999999998,159.99999999999997,-5.599968483636207,-4.929316219869299,0.6706522637669083,-11.97600068155091,12.738800073354053,0.8164410740027853,0.6130282443446853,-0.20341282965810004,-24.914575728144477,-28.459908449557236,175.69331184139617,78.41704434380894,-97.27626749758723,-55.36708624708581,-76.562221987276,0.22437270764956843,0.42356994043589546,0.19919723278632703,88.77961801728526,61.48606929175399
59b735c5-5858-4400-acef-0620ed6302ef,frame_thinning_2x,3300531655,True,1.4749796289991706,3.5539044649205414,2.078924835921371,140.9460032564653,82.67936970092204,0.5261237528681352,17.712222417950212,17.186098665082078,3266.550611218937,188.46115216937946,19.342575772051774,41.54976031268917,22.2071845406374,114.8098619457121,72.93917746802397,0.125,0.07692307692307691,-0.04807692307692309,-38.46153846153847,-47.61904761904763,-5.97141994607795,-5.203818329383588,0.7676016166943622,-12.854591096017717,13.737543625890345,0.952790125904765,0.9880799649476523,0.035289839042887294,3.7038418097979586,3.6364967659827485,56.57179316818487,11.975461540842307,-44.596331627342565,-78.83139128144673,-130.11850530454447,0.026667123278647197,0.05266717862197242,0.026000055343325224,97.49853807494824,65.54555777372299
59b735c5-5858-4400-acef-0620ed6302ef,frame_thinning_3x,3300531655,True,1.4749796289991706,12.676081855098758,11.201102226099588,759.4072491496007,158.30759040495556,0.5261237528681352,18.78562116739914,18.259497414531005,3470.5708143740603,189.1025123821726,19.342575772051774,69.37723445936287,50.034658687311094,258.67629666782295,112.79252865127164,0.125,0.4193548387096774,0.2943548387096774,235.4838709677419,108.14814814814814,-5.97141994607795,-5.032616477607441,0.9388034684705096,-15.72161189378615,17.062892784502296,0.952790125904765,0.12341734681220896,-0.829372779092556,-87.04674372071054,-154.12879024129734,56.57179316818487,18.527688973327262,-38.04410419485761,-67.24924571818778,-101.31655534766539,0.026667123278647197,3.552876383778303,3.5262092604996558,13223.05830911709,197.02005317425827
59b735c5-5858-4400-acef-0620ed6302ef,landmark_dropout_5pct,3300531655,True,1.4749796289991706,1.4749796289991706,0.0,0.0,0.0,0.5261237528681352,0.5261237528681352,0.0,0.0,0.0,19.342575772051774,19.342575772051774,0.0,0.0,0.0,0.125,0.125,0.0,0.0,0.0,-5.97141994607795,-5.97141994607795,0.0,-0.0,0.0,0.952790125904765,0.952790125904765,0.0,0.0,0.0,56.57179316818487,56.57179316818487,0.0,0.0,0.0,0.026667123278647197,0.026667123278647197,0.0,0.0,0.0
59b735c5-5858-4400-acef-0620ed6302ef,landmark_dropout_10pct,3300531655,True,1.4749796289991706,1.4749796289991706,0.0,0.0,0.0,0.5261237528681352,0.5261237528681352,0.0,0.0,0.0,19.342575772051774,19.342575772051774,0.0,0.0,0.0,0.125,0.125,0.0,0.0,0.0,-5.97141994607795,-5.97141994607795,0.0,-0.0,0.0,0.952790125904765,0.952790125904765,0.0,0.0,0.0,56.57179316818487,56.57179316818487,0.0,0.0,0.0,0.026667123278647197,0.026667123278647197,0.0,0.0,0.0
59b735c5-5858-4400-acef-0620ed6302ef,landmark_dropout_20pct,3300531655,True,1.4749796289991706,1.4749796289991706,0.0,0.0,0.0,0.5261237528681352,0.5261237528681352,0.0,0.0,0.0,19.342575772051774,19.342575772051774,0.0,0.0,0.0,0.125,0.125,0.0,0.0,0.0,-5.97141994607795,-5.97141994607795,0.0,-0.0,0.0,0.952790125904765,0.952790125904765,0.0,0.0,0.0,56.57179316818487,56.57179316818487,0.0,0.0,0.0,0.026667123278647197,0.026667123278647197,0.0,0.0,0.0
59b735c5-5858-4400-acef-0620ed6302ef,jitter_sigma_0p004,3300531655,True,1.4749796289991706,2.6246589360054053,1.1496793070062348,77.9454362896073,56.08686174533298,0.5261237528681352,0.7035691648830601,0.17744541201492492,33.726934214163656,28.86011775028009,19.342575772051774,45.400510407493236,26.057934635441462,134.71801761321137,80.49642416852916,0.125,0.19999999999999998,0.07499999999999998,59.999999999999986,46.153846153846146,-5.97141994607795,-6.3671344963903875,-0.3957145503124373,6.626808261447832,-6.414277331393357,0.952790125904765,0.8672552035408296,-0.08553492236393534,-8.977309906807838,-9.39920791862807,56.57179316818487,44.72734777538196,-11.84444539280291,-20.937016010063562,-23.3850855643512,0.026667123278647197,0.29643423863321466,0.2697671153545675,1011.6093608438614,166.9860589619902
59b735c5-5858-4400-acef-0620ed6302ef,jitter_sigma_0p008,3300531655,True,1.4749796289991706,4.7353183902094225,3.260338761210252,221.04296880510242,104.99781978661734,0.5261237528681352,2.3764619953843273,1.8503382425161923,351.6925879945875,127.49585390407233,19.342575772051774,119.74687958146346,100.40430380941169,519.0844538631022,144.3737105077019,0.125,1.25,1.125,900.0,163.63636363636363,-5.97141994607795,-6.9916003950419405,-1.0201804489639903,17.084386262836002,-15.739857257307301,0.952790125904765,0.7928197744580491,-0.1599703514467159,-16.789673517534496,-18.328304784873993,56.57179316818487,35.80183918113394,-20.769953987050926,-36.71432850873752,-44.969443030036025,0.026667123278647197,2.561193251033737,2.53452612775509,9504.31023725955,195.878120235025
59b735c5-5858-4400-acef-0620ed6302ef,scale_minus_10pct,3300531655,True,1.4749796289991706,1.3274816660992537,-0.1474979628999169,-9.99999999999999,-10.526315789473673,0.5261237528681352,0.5261237528681352,0.0,0.0,0.0,19.342575772051774,17.4083181948466,-1.934257577205173,-9.999999999999979,-10.52631578947366,0.125,0.125,0.0,0.0,0.0,-5.97141994607795,-5.879904964956601,0.09151498112134959,-1.5325497444114102,1.5443839707093285,0.952790125904765,0.9527901259047613,-3.6637359812630166e-15,-3.845270728203601e-13,-3.845270728203609e-13,56.57179316818487,62.85754796464961,6.285754796464744,11.111111111110684,10.526315789473301,0.026667123278647197,0.024000410950782473,-0.002666712327864723,-10.000000000000012,-10.5263157894737
59b735c5-5858-4400-acef-0620ed6302ef,scale_minus_5pct,3300531655,True,1.4749796289991706,1.401230647549212,-0.07374898144995856,-5.000000000000003,-5.12820512820513,0.5261237528681352,0.5261237528681352,0.0,0.0,0.0,19.342575772051774,18.375446983449184,-0.9671287886025901,-5.000000000000007,-5.128205128205137,0.125,0.125,0.0,0.0,0.0,-5.97141994607795,-5.926867156655646,0.044552789422303896,-0.7461004220874857,0.7488941733817807,0.952790125904765,0.9527901259047664,1.4432899320127035e-15,1.5148036202014188e-13,1.5148036202014175e-13,56.57179316818487,59.549255966509875,2.977462798325007,5.2631578947359365,5.128205128204268,0.026667123278647197,0.02533376711471484,-0.001333356163932358,-4.999999999999993,-5.128205128205122
59b735c5-5858-4400-acef-0620ed6302ef,scale_plus_5pct,3300531655,True,1.4749796289991706,1.5487286104491291,0.07374898144995856,5.000000000000003,4.878048780487807,0.5261237528681352,0.5261237528681352,0.0,0.0,0.0,19.342575772051774,20.30970456065436,0.9671287886025866,4.999999999999989,4.878048780487794,0.125,0.125,0.0,0.0,0.0,-5.97141994607795,-6.013798544217827,-0.042378598139876544,0.7096904676367797,-0.7071810693178394,0.952790125904765,0.9527901259047667,1.7763568394002505e-15,1.864373686401746e-13,1.8643736864017444e-13,56.57179316818487,53.87789825541379,-2.6938949127710785,-4.7619047619054164,-4.878048780488491,0.026667123278647197,0.028000479442579558,0.0013333561639323616,5.000000000000006,4.878048780487811
59b735c5-5858-4400-acef-0620ed6302ef,scale_plus_10pct,3300531655,True,1.4749796289991706,1.622477591899088,0.14749796289991735,10.00000000000002,9.523809523809543,0.5261237528681352,0.5261237528681352,0.0,0.0,0.0,19.342575772051774,21.27683334925695,1.9342575772051767,9.999999999999996,9.52380952380952,0.125,0.125,0.0,0.0,0.0,-5.97141994607795,-6.054205316394401,-0.08278537031645072,1.3863598786219087,-1.376816065852211,0.952790125904765,0.9527901259047649,-1.1102230246251565e-16,-1.1652335540010912e-14,-1.1652335540010915e-14,56.57179316818487,51.42890288016547,-5.142890288019402,-9.09090909091368,-9.52380952381456,0.026667123278647197,0.02933383560651192,0.002666712327864723,10.000000000000012,9.523809523809536
59b735c5-5858-4400-acef-0620ed6302ef,combined_degradation,3300531655,True,1.4749796289991706,5.8393983461668,4.36441871716763,295.89688097109877,119.33806899194587,0.5261237528681352,15.894816041451664,15.368692288583528,2921.117361609685,187.18407692962546,19.342575772051774,71.96910965113456,52.626533879082785,272.0761417676504,115.26790604112446,0.125,0.2727272727272727,0.1477272727272727,118.18181818181816,74.28571428571428,-5.97141994607795,-5.52627804249237,0.44514190358558015,-7.454540253494496,7.743148307219213,0.952790125904765,0.7031189518229664,-0.24967117408179862,-26.204215104004362,-30.155179102514733,56.57179316818487,8.14956291662096,-48.42223025156391,-85.59429980875319,-149.63292854406566,0.026667123278647197,5.8393983461668,5.812731222888153,21797.368850589526,198.18160070544397
5f639758-d852-4d8c-9ab6-59ec429710dd,frame_thinning_2x,612094311,True,12.209150145611956,4.420613554778274,-7.788536590833681,-63.79261863392621,-93.66984078854853,4.706940366370368,6.40405790036317,1.6971175339928015,36.055641284903054,30.548425861499624,474.97987004354377,10.866449435661956,-464.11342060788184,-97.71222948150081,-191.0535912283456,0.1411764705882353,0.16666666666666666,0.025490196078431365,18.05555555555555,16.560509554140122,-6.920479277795784,-4.173827230199062,2.746652047596722,-39.688754742887525,49.51462348038453,0.7441766750737504,0.7489740536389378,0.00479737856518736,0.644655862764299,0.6425846330093404,682.8940063493743,565.5357459762968,-117.35826037307754,-17.18542838008686,-18.800939364742558,0.047450851360511734,0.044981237095497464,-0.0024696142650142694,-5.204573140850883,-5.343629698878051
5f639758-d852-4d8c-9ab6-59ec429710dd,frame_thinning_3x,612094311,True,12.209150145611956,4.224164374267072,-7.984985771344884,-65.40165102494655,-97.18046547074383,4.706940366370368,6.414416480513331,1.7074761141429624,36.27571163514946,30.70625531850301,474.97987004354377,10.070923251033822,-464.90894679250994,-97.87971577614213,-191.69495369123734,0.1411764705882353,0.35714285714285715,0.21596638655462186,152.97619047619048,86.6779089376054,-6.920479277795784,-3.533599779424907,3.386879498370877,-48.93995578077389,64.79536800578411,0.7441766750737504,0.733903442514931,-0.0102732325588194,-1.3804830093339446,-1.3900779039743807,682.8940063493743,392.9517907574009,-289.9422155919734,-42.457865041450745,-53.90032965164754,0.047450851360511734,0.032781700519157804,-0.01466915084135393,-30.914410217645738,-36.56658176186219
5f639758-d852-4d8c-9ab6-59ec429710dd,landmark_dropout_5pct,612094311,True,12.209150145611956,28.581149894386275,16.37199974877432,134.0961455425996,80.27398539711763,4.706940366370368,3.459293899314958,-1.2476464670554104,-26.506528019123802,-30.556225218716662,474.97987004354377,1107.7107596118922,632.7308895683484,133.2121484454368,79.95635757394973,0.1411764705882353,0.1282051282051282,-0.012971342383107098,-9.188034188034194,-9.630459126539762,-6.920479277795784,-8.438749355060764,-1.5182700772649804,21.938799558815514,-19.770134471689396,0.7441766750737504,0.43886637091696284,-0.30531030415678756,-41.02658876355272,-51.61440324449263,682.8940063493743,855.4730068402723,172.579000490898,25.271711112749927,22.436648603517973,0.047450851360511734,0.014930261201440592,-0.03252059015907114,-68.53531438665513,-104.26421980458936
5f639758-d852-4d8c-9ab6-59ec429710dd,landmark_dropout_10pct,612094311,True,12.209150145611956,7.154157289824895,-5.05499285578706,-41.403314690202706,-52.21208073715652,4.706940366370368,0.9332482601228285,-3.7736921062475397,-80.17293214949996,-133.8143936719309,474.97987004354377,426.83780642742676,-48.142063616117014,-10.135600822768255,-10.676673317051954,0.1411764705882353,0.1694915254237288,0.028315054835493514,20.05649717514124,18.22849807445443,-6.920479277795784,-8.145427942626146,-1.2249486648303618,17.700344378756895,-16.261200164168493,0.7441766750737504,0.3435560254845678,-0.4006206495891826,-53.83407771406967,-73.6615989173718,682.8940063493743,854.8096129449281,171.91560659555375,25.174566623389033,22.360044476509838,0.047450851360511734,7.1026291782233555,7.055178326862844,14868.391450472716,197.34543662928635
5f639758-d852-4d8c-9ab6-59ec429710dd,landmark_dropout_20pct,612094311,True,12.209150145611956,7.148575592873204,-5.060574552738752,-41.449032016020816,-52.28480474519594,4.706940366370368,0.9332478561532633,-3.7736925102171046,-80.17294073192363,-133.81441758085913,474.97987004354377,426.5018900413383,-48.47798000220547,-10.20632305907222,-10.755177120309312,0.1411764705882353,0.11290322580645162,-0.02827324478178367,-20.026881720430097,-22.255414488424186,-6.920479277795784,-8.462672559869242,-1.542193282073458,22.28448666874206,-20.050420074479927,0.7441766750737504,0.2107697605581661,-0.5334069145155843,-71.67745676290134,-111.71452023120293,682.8940063493743,1058.261829255544,375.36782290616964,54.967215909950205,43.11708524076572,0.047450851360511734,0.014304009632949097,-0.03314684172756264,-69.85510433885958,-107.34974120036487
5f639758-d852-4d8c-9ab6-59ec429710dd,jitter_sigma_0p004,612094311,True,12.209150145611956,1.0474614207643898,-11.161688724847565,-91.42068523794136,-168.39429395604714,4.706940366370368,1.008824937149757,-3.698115429220611,-78.56728875603568,-129.40053458608878,474.97987004354377,62.78490034551786,-412.1949696980259,-86.78156606094441,-153.29935778418934,0.1411764705882353,0.0,-0.1411764705882353,-100.0,-200.0,-6.920479277795784,-7.151144764330364,-0.23066548653457986,3.3330854305808755,-3.278448682881774,0.7441766750737504,1.0,0.2558233249262496,34.37669218816844,29.33456553825689,682.8940063493743,0.0,-682.8940063493743,-100.0,-199.99999999999997,0.047450851360511734,0.0,-0.047450851360511734,-100.0,-200.0
5f639758-d852-4d8c-9ab6-59ec429710dd,jitter_sigma_0p008,612094311,True,12.209150145611956,2.5078177016202834,-9.701332443991673,-79.45952280289052,-131.838739401964,4.706940366370368,3.4621662944298306,-1.2447740719405376,-26.44550334297972,-30.475157777377007,474.97987004354377,134.0172441142046,-340.9626259293392,-71.7846476100306,-111.97512040788415,0.1411764705882353,1.7999999999999994,1.6588235294117641,1174.9999999999995,170.9090909090909,-6.920479277795784,-7.702425580852887,-0.7819463030571034,11.29901949950146,-10.694814889595946,0.7441766750737504,0.4943505581720632,-0.2498261169016872,-33.57080721146341,-40.34245032254427,682.8940063493743,88.8761589864236,-594.0178473629508,-86.98536549448733,-153.93646296355422,0.047450851360511734,2.5078177016202834,2.4603668502597715,5185.084734448562,192.5720760261916
5f639758-d852-4d8c-9ab6-59ec429710dd,scale_minus_10pct,612094311,True,12.209150145611956,10.988235131050757,-1.2209150145611982,-10.000000000000021,-10.526315789473708,4.706940366370368,4.706940366370368,0.0,0.0,0.0,474.97987004354377,427.4818830391893,-47.49798700435446,-10.000000000000018,-10.526315789473701,0.1411764705882353,0.1411764705882353,0.0,0.0,0.0,-6.920479277795784,-6.828964296674434,0.09151498112134959,-1.3223792377353623,1.3311808674392231,0.7441766750737504,0.744176675073751,5.551115123125783e-16,7.4594048820136e-14,7.459404882013599e-14,682.8940063493743,758.7711181666119,75.87711181723762,11.111111111204899,10.52631578955786,0.047450851360511734,0.042705766224460553,-0.00474508513605118,-10.000000000000014,-10.526315789473701
5f639758-d852-4d8c-9ab6-59ec429710dd,scale_minus_5pct,612094311,True,12.209150145611956,11.598692638331359,-0.6104575072805964,-4.999999999999989,-5.128205128205117,4.706940366370368,4.706940366370368,0.0,0.0,0.0,474.97987004354377,451.2308765413667,-23.748993502177086,-4.999999999999979,-5.1282051282051055,0.1411764705882353,0.1411764705882353,0.0,0.0,0.0,-6.920479277795784,-6.87592648837348,0.044552789422303896,-0.6437818485383029,0.6458608158880572,0.7441766750737504,0.7441766750737496,-7.771561172376096e-16,-1.044316683481904e-13,-1.0443166834819047e-13,682.8940063493743,718.8357961579903,35.94178980861602,5.263157894847286,5.128205128309981,0.047450851360511734,0.045078308792486144,-0.00237254256802559,-5.000000000000007,-5.128205128205136
5f639758-d852-4d8c-9ab6-59ec429710dd,scale_plus_5pct,612094311,True,12.209150145611956,12.819607652892547,0.6104575072805911,4.999999999999946,4.878048780487753,4.706940366370368,4.706940366370368,0.0,0.0,0.0,474.97987004354377,498.72886354572074,23.748993502176972,4.999999999999955,4.878048780487761,0.1411764705882353,0.1411764705882353,0.0,0.0,0.0,-6.920479277795784,-6.96285787593566,-0.042378598139875656,0.6123650752896049,-0.6104958436233828,0.7441766750737504,0.7441766750737506,2.220446049250313e-16,2.98376195280544e-14,2.98376195280544e-14,682.8940063493743,650.3752441422274,-32.51876220714689,-4.761904761909716,-4.878048780493003,0.047450851360511734,0.049823393928537324,0.00237254256802559,5.000000000000007,4.878048780487812
5f639758-d852-4d8c-9ab6-59ec429710dd,scale_plus_10pct,612094311,True,12.209150145611956,13.430065160173148,1.220915014561193,9.999999999999979,9.523809523809504,4.706940366370368,4.706940366370368,0.0,0.0,0.0,474.97987004354377,522.4778570478979,47.49798700435417,9.999999999999957,9.523809523809485,0.1411764705882353,0.1411764705882353,0.0,0.0,0.0,-6.920479277795784,-7.003264648112234,-0.08278537031644984,1.1962375291269927,-1.1891251484797916,0.7441766750737504,0.7441766750737511,6.661338147750939e-16,8.95128585841632e-14,8.951285858416317e-14,682.8940063493743,620.8127330446365,-62.081273304737806,-9.090909090945587,-9.523809523849579,0.047450851360511734,0.052195936496562914,0.00474508513605118,10.000000000000014,9.523809523809538
5f639758-d852-4d8c-9ab6-59ec429710dd,combined_degradation,612094311,True,12.209150145611956,14.061429320232566,1.8522791746206106,15.17123757615784,14.101547908593615,4.706940366370368,4.3288784134603615,-0.37806195291000666,-8.032010679615622,-8.368072935546166,474.97987004354377,176.40542199336718,-298.57444805017656,-62.860442490500645,-91.67368428492479,0.1411764705882353,0.0975609756097561,-0.04361549497847919,-30.894308943089428,-36.53846153846154,-6.920479277795784,-6.919002573477377,0.001476704318407407,-0.02133817990244379,0.021340456734968843,0.7441766750737504,0.4530714375573524,-0.291105237516398,-39.117758896104675,-48.62905766068117,682.8940063493743,80.74292789219177,-602.1510784571825,-88.17636014645544,-157.70611699268602,0.047450851360511734,0.6726452175646761,0.6251943662041644,1317.5619578544522,173.64193284302374
663f8c26-38d2-4a43-af41-406c1a9ed3a1,frame_thinning_2x,2915491749,True,14.782501563939453,7.916845267754857,-6.865656296184596,-46.44448212292249,-60.4921044388671,7.21174615271339,5.68625096040056,-1.52549519231283,-21.152924132512187,-23.654760951400636,528.9964182529216,94.05922566204126,-434.9371925908803,-82.21930765189603,-139.61423729603268,0.5,0.5806451612903225,0.08064516129032251,16.129032258064502,14.925373134328346,-7.691516491774268,-5.984840058777717,1.7066764329965514,-22.18907591008568,24.95805701888737,0.5759070234775947,0.7581168233637366,0.18220979988614194,31.638752864286033,27.31732274765159,5390.941013038032,2680.905680595272,-2710.03533244276,-50.27017223687885,-67.14783952921974,0.016887074741622345,0.014180234974278247,-0.002706839767344099,-16.029062515323787,-17.425646392282935
663f8c26-38d2-4a43-af41-406c1a9ed3a1,frame_thinning_3x,2915491749,True,14.782501563939453,5.924863389835604,-8.85763817410385,-59.919751307256675,-85.550606693577,7.21174615271339,5.527637559619712,-1.6841085930936783,-23.352299948328596,-26.43940446606187,528.9964182529216,26.810508297054366,-502.1859099558672,-94.93181666794655,-180.70516431777955,0.5,0.03125,-0.46875,-93.75,-176.47058823529412,-7.691516491774268,-4.917499101427079,2.77401739034719,-36.06593567489424,44.00053865970174,0.5759070234775947,0.7833399833174473,0.20743295983985255,36.01848065461605,30.521746055407124,5390.941013038032,1662.7766047574598,-3728.1644082805724,-69.15609722428752,-105.70778730566028,0.016887074741622345,0.001868899443907981,-0.015018175297714365,-88.9329592454422,-160.14284461214964
663f8c26-38d2-4a43-af41-406c1a9ed3a1,landmark_dropout_5pct,2915491749,True,14.782501563939453,45.527079598574176,30.74457803463472,207.97953513925737,101.95586652073948,7.21174615271339,3.5922826055165253,-3.619463547196865,-50.188449101679154,-67.00210871689427,528.9964182529216,2728.8290331473745,2199.832614894453,415.8501908500027,135.04913923174792,0.5,0.5283018867924529,0.028301886792452935,5.660377358490587,5.504587155963322,-7.691516491774268,-9.6682077985761,-1.9766913068018317,25.699630351385377,-22.773303005746488,0.5759070234775947,0.2830440246578092,-0.2928629988197855,-50.85247911222586,-68.19084730277179,5390.941013038032,4657.580000279934,-733.3610127580978,-13.603580728938761,-14.596397057559539,0.016887074741622345,0.013684954479618929,-0.0032021202620034165,-18.961959433453586,-20.948038737177455
663f8c26-38d2-4a43-af41-406c1a9ed3a1,landmark_dropout_10pct,2915491749,True,14.782501563939453,45.534388291330075,30.75188672739062,208.02897665444533,101.96774668315896,7.21174615271339,3.592284612702684,-3.619461540010706,-50.188421269499315,-67.00205911291326,528.9964182529216,2729.267119265415,2200.2707010124936,415.9330054216945,135.05787212585844,0.5,0.20895522388059704,-0.29104477611940294,-58.20895522388059,-82.10526315789471,-7.691516491774268,-9.668347602550927,-1.9768311107766587,25.701447990013293,-22.774730263272847,0.5759070234775947,0.2830263688342996,-0.2928806546432951,-50.855544854227574,-68.19636010540496,5390.941013038032,6610.232240217934,1219.2912271799023,22.617409914726153,20.319533789733498,0.016887074741622345,0.013686892692630152,-0.0032001820489921933,-18.950481939329364,-20.934031907203376
663f8c26-38d2-4a43-af41-406c1a9ed3a1,landmark_dropout_20pct,2915491749,True,14.782501563939453,6.228888016938582,-8.553613547000872,-57.863099219056544,-81.41882776554019,7.21174615271339,1.1739931232163971,-6.037753029496993,-83.72109752123365,-144.00049490752963,528.9964182529216,373.35992109521965,-155.6364971577019,-29.421087135468966,-34.495573504838035,0.5,0.04761904761904761,-0.4523809523809524,-90.47619047619048,-165.21739130434784,-7.691516491774268,-8.378087549585942,-0.6865710578116735,8.926341879991162,-8.544965464544934,0.5759070234775947,0.19438367134484105,-0.3815233521327537,-66.24738657100204,-99.05957703947101,5390.941013038032,5938.83305697444,547.8920439364083,10.163198644009038,9.671720557721681,0.016887074741622345,6.228888016938582,6.212000942196959,36785.535903894335,198.9184961357884
663f8c26-38d2-4a43-af41-406c1a9ed3a1,jitter_sigma_0p004,2915491749,True,14.782501563939453,3.026044470701562,-11.756457093237891,-79.52955081646454,-132.03163324360497,7.21174615271339,4.351154427422251,-2.8605917252911395,-39.66572955725644,-49.4787913372785,528.9964182529216,67.93417960123483,-461.0622386516867,-87.15791312432772,-154.47766970200934,0.5,0.39622641509433965,-0.10377358490566035,-20.75471698113207,-23.1578947368421,-7.691516491774268,-6.736562515882954,0.9549539758913141,-12.41567871449791,13.237437574115086,0.5759070234775947,0.44169012505537697,-0.13421689842221773,-23.305306751036586,-26.37918131270568,5390.941013038032,131.80413769463422,-5259.136875343398,-97.55508106328999,-190.4537229875872,0.016887074741622345,1.275999351617874,1.2591122768762517,7456.070966351917,194.77538803182492
663f8c26-38d2-4a43-af41-406c1a9ed3a1,jitter_sigma_0p008,2915491749,True,14.782501563939453,0.12884063645587152,-14.653660927483582,-99.12842467224785,-196.5438218847273,7.21174615271339,2.1232251419499026,-5.088521010763488,-70.55879260044328,-109.02060328075231,528.9964182529216,7.72271547188041,-521.2737027810412,-98.54011951585879,-194.24450146333695,0.5,0.0,-0.5,-100.0,-200.0,-7.691516491774268,-5.33097441463894,2.360542077135328,-30.69020367647683,36.25331119982319,0.5759070234775947,1.0,0.4240929765224053,73.63913951969789,53.82208089745655,5390.941013038032,0.0,-5390.941013038032,-100.0,-199.99999999999997,0.016887074741622345,0.0,-0.016887074741622345,-100.0,-200.0
663f8c26-38d2-4a43-af41-406c1a9ed3a1,scale_minus_10pct,2915491749,True,14.782501563939453,13.30425140754551,-1.478250156393944,-9.999999999999993,-10.526315789473674,7.21174615271339,7.21174615271339,0.0,0.0,0.0,528.9964182529216,476.0967764276294,-52.89964182529218,-10.000000000000005,-10.52631578947369,0.5,0.5,0.0,0.0,0.0,-7.691516491774268,-7.600001510652919,0.09151498112134959,-1.1898171344912378,1.196937820127781,0.5759070234775947,0.5759070234775949,2.220446049250313e-16,3.855563413417371e-14,3.85556341341737e-14,5390.941013038032,5989.934458922968,598.9934458849357,11.111111110959394,10.526315789337515,0.016887074741622345,0.015198367267460114,-0.0016887074741622314,-9.99999999999998,-10.526315789473664
663f8c26-38d2-4a43-af41-406c1a9ed3a1,scale_minus_5pct,2915491749,True,14.782501563939453,14.04337648574248,-0.7391250781969738,-5.000000000000008,-5.128205128205137,7.21174615271339,7.21174615271339,0.0,0.0,0.0,528.9964182529216,502.5465973402754,-26.449820912646146,-5.000000000000012,-5.128205128205142,0.5,0.5,0.0,0.0,0.0,-7.691516491774268,-7.6469637023519645,0.044552789422303896,-0.5792458414403857,0.5809283430748906,0.5759070234775947,0.5759070234775948,1.1102230246251565e-16,1.9277817067086854e-14,1.9277817067086854e-14,5390.941013038032,5674.674750545334,283.73373750730207,5.263157894347014,5.128205127835035,0.016887074741622345,0.016042721004541228,-0.0008443537370811174,-5.000000000000001,-5.1282051282051295
663f8c26-38d2-4a43-af41-406c1a9ed3a1,scale_plus_5pct,2915491749,True,14.782501563939453,15.521626642136429,0.7391250781969756,5.0000000000000195,4.878048780487824,7.21174615271339,7.21174615271339,0.0,0.0,0.0,528.9964182529216,555.4462391655678,26.44982091264626,5.000000000000035,4.878048780487837,0.5,0.5,0.0,0.0,0.0,-7.691516491774268,-7.733895089914145,-0.042378598139876544,0.5509784472957778,-0.5494647311736486,0.5759070234775947,0.5759070234775948,1.1102230246251565e-16,1.9277817067086854e-14,1.9277817067086854e-14,5390.941013038032,5134.22953623536,-256.7114768026722,-4.7619047617440735,-4.878048780319181,0.016887074741622345,0.017731428478703466,0.0008443537370811209,5.000000000000022,4.878048780487826
663f8c26-38d2-4a43-af41-406c1a9ed3a1,scale_plus_10pct,2915491749,True,14.782501563939453,16.260751720333396,1.4782501563939423,9.99999999999998,9.523809523809504,7.21174615271339,7.21174615271339,0.0,0.0,0.0,528.9964182529216,581.8960600782136,52.899641825292065,9.999999999999982,9.523809523809508,0.5,0.5,0.0,0.0,0.0,-7.691516491774268,-7.774301862090718,-0.08278537031644984,1.0763205202119124,-1.0705591960578194,0.5759070234775947,0.5759070234775954,6.661338147750939e-16,1.1566690240252113e-13,1.1566690240252108e-13,5390.941013038032,4900.855466387466,-490.08554665056636,-9.090909091108411,-9.523809524028279,0.016887074741622345,0.018575782215784584,0.0016887074741622383,10.000000000000023,9.523809523809543
663f8c26-38d2-4a43-af41-406c1a9ed3a1,combined_degradation,2915491749,True,14.782501563939453,22.784227642706146,8.001726078766692,54.129715759923634,42.600067920478836,7.21174615271339,5.521805958085015,-1.6899401946283747,-23.433162494114434,-26.543107216646305,528.9964182529216,419.00316628087495,-109.99325197204661,-20.79281601476876,-23.205337590129567,0.5,0.1395348837209302,-0.3604651162790698,-72.09302325581396,-112.72727272727273,-7.691516491774268,-7.309475566877753,0.38204092489651575,-4.967042914165124,5.093542125784522,0.5759070234775947,0.36607060882339076,-0.20983641465420394,-36.435814480454496,-44.55231365560832,5390.941013038032,82.70077448224217,-5308.24023855579,-98.46593063655807,-193.95643502497387,0.016887074741622345,0.5766886382141551,0.5598015634725327,3314.9706034803307,188.62010397458397
6d81c012-de25-4065-b7ef-1b93ed31c31a,frame_thinning_2x,2099075623,True,7.729991221362288,6.943893799754314,-0.7860974216079732,-10.169447792327972,-10.714237170002788,1.0239923267950095,0.5463597635221474,-0.4776325632728621,-46.64415452875539,-60.831270416100985,197.76830680409608,120.34237099231434,-77.42593581178174,-39.14981983866493,-48.678614844443565,0.5,0.0,-0.5,-100.0,-200.0,-7.802873958149654,-6.414254340579819,1.3886196175698347,-17.796258468580046,19.534459961143206,0.995371327115094,0.9567037989702151,-0.03866752814487895,-3.88473397731376,-3.961684427834783,6.656583263385983,44.6535386016433,37.996955338257315,570.8176978309068,148.10705551706891,0.0512392058488749,6.943893799754314,6.89265459390544,13451.915344345227,197.07000820096877
6d81c012-de25-4065-b7ef-1b93ed31c31a,frame_thinning_3x,2099075623,True,7.729991221362288,14.436466153128778,6.706474931766491,86.75915327345717,60.51011957809941,1.0239923267950095,0.3306700383623462,-0.6933222884326633,-67.70776208867606,-102.36089910892711,197.76830680409608,165.25887887804103,-32.509427926055054,-16.438138370804786,-17.910189213498725,0.5,0.25,-0.25,-50.0,-66.66666666666667,-7.802873958149654,-6.354885438981334,1.4479885191683195,-18.557117889312806,20.45505194080002,0.995371327115094,0.997027800892373,0.001656473777278955,0.16641767068777724,0.1662793116091694,6.656583263385983,0.7088555930016059,-5.947727670384377,-89.35105947069556,-161.50368732546823,0.0512392058488749,0.5337741115318886,0.4825349056830137,941.7298681525314,164.96544312646807
6d81c012-de25-4065-b7ef-1b93ed31c31a,landmark_dropout_5pct,2099075623,True,7.729991221362288,0.8775100172963868,-6.852481204065901,-88.64798170958673,-159.22114941533806,1.0239923267950095,0.23127854605394238,-0.7927137807410671,-77.41403524205886,-126.30162905667217,197.76830680409608,43.87550086481934,-153.89280593927674,-77.81469560323373,-127.37161148373444,0.5,0.33333333333333337,-0.16666666666666663,-33.33333333333333,-39.99999999999999,-7.802873958149654,-6.624806350368111,1.1780676077815428,-15.09786796634231,16.330658603324324,0.995371327115094,0.35735203552607697,-0.638019291589017,-64.09862070652588,-94.33108190625089,6.656583263385983,136.67990950291411,130.02332623952813,1953.3042868210077,181.42389803205504,0.0512392058488749,0.8775100172963868,0.8262708114475119,1612.5753663796393,177.93195210420723
6d81c012-de25-4065-b7ef-1b93ed31c31a,landmark_dropout_10pct,2099075623,True,7.729991221362288,0.8775100172963868,-6.852481204065901,-88.64798170958673,-159.22114941533806,1.0239923267950095,0.23127854605394238,-0.7927137807410671,-77.41403524205886,-126.30162905667217,197.76830680409608,43.87550086481934,-153.89280593927674,-77.81469560323373,-127.37161148373444,0.5,0.33333333333333337,-0.16666666666666663,-33.33333333333333,-39.99999999999999,-7.802873958149654,-6.624806350368111,1.1780676077815428,-15.09786796634231,16.330658603324324,0.995371327115094,0.35735203552607697,-0.638019291589017,-64.09862070652588,-94.33108190625089,6.656583263385983,136.67990950291411,130.02332623952813,1953.3042868210077,181.42389803205504,0.0512392058488749,0.8775100172963868,0.8262708114475119,1612.5753663796393,177.93195210420723
6d81c012-de25-4065-b7ef-1b93ed31c31a,landmark_dropout_20pct,2099075623,True,7.729991221362288,0.896697348667873,-6.833293872694415,-88.39976239313447,-158.4221759536759,1.0239923267950095,0.23531614899515718,-0.7886761777998523,-77.01973512519645,-125.25543867319546,197.76830680409608,44.83486743339365,-152.93343937070244,-77.32959938934712,-126.07703081493274,0.5,0.33333333333333337,-0.16666666666666663,-33.33333333333333,-39.99999999999999,-7.802873958149654,-6.6529991794543655,1.1498747786952883,-14.736554567747568,15.90875580810297,0.995371327115094,0.4076442322225586,-0.5877270948925355,-59.04601417402262,-83.7805526789731,6.656583263385983,80.59384572756132,73.93726246417533,1110.7389412652808,169.48286287932572,0.0512392058488749,0.896697348667873,0.8454581428189981,1650.021948647283,178.37863489714402
6d81c012-de25-4065-b7ef-1b93ed31c31a,jitter_sigma_0p004,2099075623,True,7.729991221362288,57.33847364691043,49.60848242554814,641.7663488213566,152.48087541630989,1.0239923267950095,13.453917659130608,12.4299253323356,1213.868991698403,171.70883565955415,197.76830680409608,2246.836411386092,2049.068104581996,1036.0952862946576,167.64003516273837,0.5,0.05555555555555556,-0.4444444444444444,-88.88888888888889,-160.0,-7.802873958149654,-9.244326979862239,-1.4414530217125847,18.473360321386068,-16.911316138691475,0.995371327115094,0.050574617600545484,-0.9447967095145485,-94.91902004580271,-180.6588025486173,6.656583263385983,42.77758312909199,36.120999865706004,542.635740236087,146.1377929544788,0.0512392058488749,0.47858307733427075,0.4273438714853959,834.0173591796201,161.31592990688705
6d81c012-de25-4065-b7ef-1b93ed31c31a,jitter_sigma_0p008,2099075623,True,7.729991221362288,1.0208137244394204,-6.709177496922868,-86.79411534623299,-153.3385223068346,1.0239923267950095,0.0,-1.0239923267950095,-100.0,-200.0,197.76830680409608,51.04068622197102,-146.72762058212507,-74.19167557897407,-117.94398489989692,0.5,0.0,-0.5,-100.0,-200.0,-7.802873958149654,-6.8137730180140785,0.9891009401355753,-12.67611069255471,13.533896546158132,0.995371327115094,1.0,0.004628672884905982,0.4650197126253741,0.46394100406345046,6.656583263385983,0.0,-6.656583263385983,-100.0,-200.0,0.0512392058488749,0.0,-0.0512392058488749,-100.0,-200.0
6d81c012-de25-4065-b7ef-1b93ed31c31a,scale_minus_10pct,2099075623,True,7.729991221362288,6.956992099226058,-0.7729991221362296,-10.00000000000001,-10.526315789473696,1.0239923267950095,1.0239923267950095,0.0,0.0,0.0,197.76830680409608,177.99147612368643,-19.77683068040966,-10.000000000000025,-10.526315789473713,0.5,0.5,0.0,0.0,0.0,-7.802873958149654,-7.711358977028304,0.09151498112134959,-1.1728368497579977,1.1797551513338789,0.995371327115094,0.9953713271150942,2.220446049250313e-16,2.2307715610875384e-14,2.230771561087538e-14,6.656583263385983,7.3962036259829205,0.7396203625969378,11.111111111088505,10.526315789453395,0.0512392058488749,0.04611528526398742,-0.005123920584887476,-9.999999999999973,-10.526315789473655
6d81c012-de25-4065-b7ef-1b93ed31c31a,scale_minus_5pct,2099075623,True,7.729991221362288,7.3434916602941716,-0.3864995610681161,-5.000000000000022,-5.128205128205152,1.0239923267950095,1.0239923267950095,0.0,0.0,0.0,197.76830680409608,187.87989146389123,-9.888415340204858,-5.0000000000000275,-5.128205128205157,0.5,0.5,0.0,0.0,0.0,-7.802873958149654,-7.75832116872735,0.044552789422303896,-0.5709792271573356,0.5726139805978419,0.995371327115094,0.9953713271150939,-1.1102230246251565e-16,-1.1153857805437692e-14,-1.1153857805437694e-14,6.656583263385983,7.006929750935043,0.3503464875490607,5.263157894773348,5.128205128239786,0.0512392058488749,0.048677245556431145,-0.002561960292443752,-5.000000000000013,-5.128205128205143
6d81c012-de25-4065-b7ef-1b93ed31c31a,scale_plus_5pct,2099075623,True,7.729991221362288,8.116490782430402,0.38649956106811434,5.0,4.878048780487804,1.0239923267950095,1.0239923267950095,0.0,0.0,0.0,197.76830680409608,207.6567221443009,9.888415340204801,4.999999999999999,4.878048780487804,0.5,0.5,0.0,0.0,0.0,-7.802873958149654,-7.84525255628953,-0.042378598139876544,0.5431152466023692,-0.5416443700243864,0.995371327115094,0.9953713271150941,1.1102230246251565e-16,1.1153857805437692e-14,1.115385780543769e-14,6.656583263385983,6.339603107987931,-0.3169801553980518,-4.761904761885522,-4.878048780467616,0.0512392058488749,0.05380116614131865,0.002561960292443752,5.000000000000013,4.878048780487818
6d81c012-de25-4065-b7ef-1b93ed31c31a,scale_plus_10pct,2099075623,True,7.729991221362288,8.502990343498517,0.7729991221362296,10.00000000000001,9.523809523809534,1.0239923267950095,1.0239923267950095,0.0,0.0,0.0,197.76830680409608,217.54513748450572,19.77683068040963,10.000000000000012,9.523809523809534,0.5,0.5,0.0,0.0,0.0,-7.802873958149654,-7.8856593284661045,-0.08278537031645072,1.0609599842374253,-1.0553615026214949,0.995371327115094,0.9953713271150941,1.1102230246251565e-16,1.1153857805437692e-14,1.115385780543769e-14,6.656583263385983,6.05143933034977,-0.6051439330362127,-9.090909090925967,-9.523809523828048,0.0512392058488749,0.056363126433762394,0.005123920584887497,10.000000000000012,9.523809523809536
6d81c012-de25-4065-b7ef-1b93ed31c31a,combined_degradation,2099075623,True,7.729991221362288,0.9598180801506612,-6.770173141211626,-87.58319314130463,-155.81868154535675,1.0239923267950095,1.4189959697276155,0.39500364293260604,38.57486356064081,32.33774336904179,197.76830680409608,23.99545200376653,-173.77285480032955,-87.86688707026461,-156.71889377640585,0.5,0.0,-0.5,-100.0,-200.0,-7.802873958149654,-5.556137887697394,2.2467360704522594,-28.793699379261056,33.63626136989628,0.995371327115094,1.0,0.004628672884905982,0.4650197126253741,0.46394100406345046,6.656583263385983,0.0,-6.656583263385983,-100.0,-200.0,0.0512392058488749,0.0,-0.0512392058488749,-100.0,-200.0
710ec72e-e54b-4ace-b3e8-2670fb2657d8,frame_thinning_2x,1682785127,True,3.5763495657437767,12.744564372731128,9.16821480698735,256.3567861152473,112.34928192806912,1.1077533949845901,50.356172193485584,49.24841879850099,4445.792630514672,191.39005909620877,130.51031804906117,196.8617276796901,66.35140963062892,50.839972365775886,40.53578214531202,0.09999999999999999,0.14285714285714285,0.04285714285714286,42.85714285714286,35.294117647058826,-6.552744945816644,-6.681899938409245,-0.12915499259260077,1.9710059472870978,-1.9517711842278147,0.7749339465252001,0.9231974675426835,0.1482635210174834,19.132407566128222,17.461960810479006,60.00579132508503,17.557443942718724,-42.44834738236631,-70.74041762469191,-109.4548138323634,0.26280258452612487,0.3147519886109899,0.051949404084865036,19.767463161954108,17.989435631230627
710ec72e-e54b-4ace-b3e8-2670fb2657d8,frame_thinning_3x,1682785127,True,3.5763495657437767,16.64218122890876,13.065831663164985,365.3398926189049,129.24610394164426,1.1077533949845901,29.019957043226896,27.912203648242304,2519.71276049491,185.29256450128904,130.51031804906117,219.2994253678621,88.78910731880094,68.03225112471453,50.76422769218123,0.09999999999999999,0.2,0.10000000000000002,100.00000000000003,66.66666666666669,-6.552744945816644,-6.566603947117481,-0.013859001300836837,0.2114991719567019,-0.21127574872715027,0.7749339465252001,0.9602774002847078,0.18534345375950767,23.91732283642842,21.36263736405961,60.00579132508503,8.312923694282585,-51.69286763080244,-86.14646434833794,-151.32857114232337,0.26280258452612487,0.3535098620105954,0.09070727748447055,34.51536736140944,29.43548454819861
710ec72e-e54b-4ace-b3e8-2670fb2657d8,landmark_dropout_5pct,1682785127,True,3.5763495657437767,3.5763495657437767,0.0,0.0,0.0,1.1077533949845901,1.1077533949845901,0.0,0.0,0.0,130.51031804906117,130.51031804906117,0.0,0.0,0.0,0.09999999999999999,0.09999999999999999,0.0,0.0,0.0,-6.552744945816644,-6.552744945816644,0.0,-0.0,0.0,0.7749339465252001,0.7749339465252001,0.0,0.0,0.0,60.00579132508503,60.00579132508503,0.0,0.0,0.0,0.26280258452612487,0.26280258452612487,0.0,0.0,0.0
710ec72e-e54b-4ace-b3e8-2670fb2657d8,landmark_dropout_10pct,1682785127,True,3.5763495657437767,3.531037848124582,-0.045311717619194614,-1.2669823457196387,-1.2750597365996872,1.1077533949845901,1.077412094444397,-0.030341300540193128,-2.7389941369229747,-2.7770254186214256,130.51031804906117,135.4504199604684,4.9401019114072255,3.7852194257546388,3.7149106656714257,0.09999999999999999,0.09999999999999999,0.0,0.0,0.0,-6.552744945816644,-7.035808783404288,-0.48306383758764415,7.37193102405181,-7.10986389300371,0.7749339465252001,0.8064542192777027,0.031520272752502576,4.067478640449205,3.98640554344848,60.00579132508503,50.10636572599608,-9.89942559908895,-16.49745029685253,-17.980622420277534,0.26280258452612487,0.0,-0.26280258452612487,-100.0,-200.0
710ec72e-e54b-4ace-b3e8-2670fb2657d8,landmark_dropout_20pct,1682785127,True,3.5763495657437767,2.84779421649261,-0.7285553492511667,-20.37148035610575,-22.681788389161504,1.1077533949845901,0.8486981077393699,-0.2590552872452202,-23.385645976632183,-26.48215781321832,130.51031804906117,105.97488716543064,-24.535430883630525,-18.7996100617939,-20.75007682732365,0.09999999999999999,0.09999999999999999,0.0,0.0,0.0,-6.552744945816644,-6.969326475034028,-0.41658152921738356,6.357359132119655,-6.161504643068605,0.7749339465252001,0.7887534728893277,0.013819526364127643,1.7833166847438198,1.767556123115951,60.00579132508503,112.56480399203568,52.55901266695065,87.58990008515845,60.91305714089552,0.26280258452612487,0.0,-0.26280258452612487,-100.0,-200.0
710ec72e-e54b-4ace-b3e8-2670fb2657d8,jitter_sigma_0p004,1682785127,True,3.5763495657437767,4.2362258087788165,0.6598762430350398,18.451111416951342,16.892668842260306,1.1077533949845901,2.8631408511259684,1.7553874561413783,158.46373968150172,88.4127023962302,130.51031804906117,79.75579452795115,-50.754523521110016,-38.88928038780082,-48.27646537909963,0.09999999999999999,1.0,0.9,900.0000000000002,163.63636363636363,-6.552744945816644,-6.886803410196781,-0.33405846438013675,5.09799278229811,-4.971275157928425,0.7749339465252001,0.8893983745110063,0.11446442798580625,14.770862535970217,13.754996708174383,60.00579132508503,67.59546567919324,7.589674354108212,12.648236422699084,11.895924119076259,0.26280258452612487,1.5882896696957902,1.3254870851696654,504.3660767491046,143.21134801861277
710ec72e-e54b-4ace-b3e8-2670fb2657d8,jitter_sigma_0p008,1682785127,True,3.5763495657437767,12.966272559677327,9.38992299393355,262.5560734855268,113.52399786130667,1.1077533949845901,4.085689612987888,2.977936218003298,268.82663880662034,114.68061605496989,130.51031804906117,511.39817366583827,380.8878556167771,291.8450137203669,118.67356812782174,0.09999999999999999,0.857142857142857,0.757142857142857,757.142857142857,158.2089552238806,-6.552744945816644,-7.877763633245601,-1.3250186874289565,20.220818884074916,-18.36413013677806,0.7749339465252001,0.7876524599929388,0.012718513467738668,1.6412383951907668,1.627879701843679,60.00579132508503,22.14234859381872,-37.863442731266304,-63.0996473759321,-92.18332336835603,0.26280258452612487,4.09043646190609,3.8276338773799647,1456.4673647642398,175.85222573600592
710ec72e-e54b-4ace-b3e8-2670fb2657d8,scale_minus_10pct,1682785127,True,3.5763495657437767,3.2187146091693997,-0.35763495657437705,-9.999999999999982,-10.526315789473664,1.1077533949845901,1.1077533949845901,0.0,0.0,0.0,130.51031804906117,117.45928624415508,-13.051031804906088,-9.999999999999979,-10.526315789473658,0.09999999999999999,0.09999999999999999,0.0,0.0,0.0,-6.552744945816644,-6.461229964695295,0.09151498112134959,-1.3965900073643782,1.4064109044413335,0.7749339465252001,0.7749339465251949,-5.218048215738236e-15,-6.733539341173449e-13,-6.733539341173471e-13,60.00579132508503,66.67310147232581,6.667310147240784,11.1111111111263,10.526315789487317,0.26280258452612487,0.23652232607351237,-0.026280258452612504,-10.000000000000005,-10.526315789473692
710ec72e-e54b-4ace-b3e8-2670fb2657d8,scale_minus_5pct,1682785127,True,3.5763495657437767,3.3975320874565873,-0.1788174782871894,-5.000000000000016,-5.128205128205146,1.1077533949845901,1.1077533949845901,0.0,0.0,0.0,130.51031804906117,123.98480214660809,-6.52551590245308,-5.000000000000016,-5.128205128205146,0.09999999999999999,0.09999999999999999,0.0,0.0,0.0,-6.552744945816644,-6.5081921563943395,0.044552789422304784,-0.6799103244625422,0.6822295992033036,0.7749339465252001,0.7749339465251971,-2.9976021664879227e-15,-3.868203451312406e-13,-3.868203451312414e-13,60.00579132508503,63.163990868526895,3.1581995434418673,5.263157894764072,5.12820512823098,0.26280258452612487,0.24966245529981856,-0.013140129226306307,-5.000000000000025,-5.128205128205154
710ec72e-e54b-4ace-b3e8-2670fb2657d8,scale_plus_5pct,1682785127,True,3.5763495657437767,3.755167044030965,0.17881747828718808,4.999999999999979,4.878048780487784,1.1077533949845901,1.1077533949845901,0.0,0.0,0.0,130.51031804906117,137.0358339515142,6.525515902453037,4.999999999999984,4.87804878048779,0.09999999999999999,0.09999999999999999,0.0,0.0,0.0,-6.552744945816644,-6.595123543956521,-0.042378598139876544,0.6467304692964065,-0.644645908541601,0.7749339465252001,0.7749339465252014,1.3322676295501878e-15,1.719201533916625e-13,1.7192015339166235e-13,60.00579132508503,57.14837269058322,-2.857418634501805,-4.761904761861343,-4.878048780442243,0.26280258452612487,0.27594271375243107,0.013140129226306196,4.999999999999982,4.878048780487788
710ec72e-e54b-4ace-b3e8-2670fb2657d8,scale_plus_10pct,1682785127,True,3.5763495657437767,3.9339845223181555,0.3576349565743788,10.000000000000032,9.523809523809554,1.1077533949845901,1.1077533949845901,0.0,0.0,0.0,130.51031804906117,143.56134985396733,13.05103180490616,10.000000000000032,9.523809523809556,0.09999999999999999,0.09999999999999999,0.0,0.0,0.0,-6.552744945816644,-6.635530316133095,-0.08278537031645072,1.2633693360719305,-1.255438920892099,0.7749339465252001,0.7749339465251975,-2.55351295663786e-15,-3.295136273340198e-13,-3.2951362733402035e-13,60.00579132508503,54.55071938644638,-5.455071938638646,-9.090909090900013,-9.52380952379956,0.26280258452612487,0.2890828429787373,0.02628025845261245,9.999999999999986,9.523809523809511
710ec72e-e54b-4ace-b3e8-2670fb2657d8,combined_degradation,1682785127,True,3.5763495657437767,4.998810048511625,1.422460482767848,39.77408965815168,33.17630334024664,1.1077533949845901,2.4881139170814373,1.3803605220968471,124.60900849832639,76.77483078783308,130.51031804906117,112.80521706520335,-17.705100983857818,-13.566054583670658,-14.553202265151912,0.09999999999999999,0.2,0.10000000000000002,100.00000000000003,66.66666666666669,-6.552744945816644,-6.160347173375992,0.39239777244065266,-5.988296136738305,6.173128752025002,0.7749339465252001,0.8433586817641898,0.06842473523898973,8.829750657563254,8.45641066922709,60.00579132508503,23.5700888015357,-36.435702523549324,-60.72031002167222,-87.19190864241646,0.26280258452612487,0.6045578467898028,0.341755262263678,130.0425803954392,78.80351695204249
71551702-b027-418a-a051-cdb8569f6bab,frame_thinning_2x,2309419397,True,1.0005199089680339,14.891335111694486,13.890815202726452,1388.359699613959,174.81678740040954,0.7135101463512435,33.208313147363334,32.49480300101209,4554.217367080817,191.58641750859596,12.312593556862167,99.93635639661834,87.62376283975617,711.6596713364335,156.1239777763092,0.7209302325581394,1.222222222222222,0.5012919896640827,69.53405017921149,51.595744680851084,-3.9443456227056815,-4.54857444566424,-0.6042288229585586,15.318860991296168,-14.229000581528624,0.6413468138173684,0.7925860667147543,0.15123925289738593,23.581508419320414,21.09432804710665,4008.2669232127096,2018.901378727995,-1989.3655444847145,-49.63156353095858,-66.01327339222146,0.007078772476293988,0.0038818735688933505,-0.003196898907400638,-45.16176947495759,-58.33413275496383
71551702-b027-418a-a051-cdb8569f6bab,frame_thinning_3x,2309419397,True,1.0005199089680339,13.672354128333785,12.671834219365751,1266.5249442598158,172.72463713858696,0.7135101463512435,23.842860511541463,23.12935036519022,3241.6287958159196,188.3775960822303,12.312593556862167,70.05525179970464,57.74265824284247,468.9723410114581,140.20679548645958,0.7209302325581394,1.4545454545454546,0.7336152219873152,101.7595307917889,67.44412050534501,-3.9443456227056815,-4.252556079681559,-0.3082104569758779,7.8139819999966535,-7.520169648639697,0.6413468138173684,0.820393313617606,0.17904649980023768,27.917266593176443,24.497719730034927,4008.2669232127096,483.80898911775876,-3524.457934094951,-87.92972128887125,-156.91889464381194,0.007078772476293988,0.0040751037248150605,-0.003003668751478928,-42.43205670951957,-53.858742867887806
71551702-b027-418a-a051-cdb8569f6bab,landmark_dropout_5pct,2309419397,True,1.0005199089680339,0.9834682041895623,-0.01705170477847162,-1.7042844051008699,-1.7189321513961242,0.7135101463512435,0.6839749053464628,-0.029535241004780777,-4.1394283116811215,-4.226913335337718,12.312593556862167,11.756658879399582,-0.5559346774625844,-4.515171193584521,-4.619459444656752,0.7209302325581394,0.07246376811594202,-0.6484664644421974,-89.94857410004676,-163.4664401019541,-3.9443456227056815,-3.9360122565992253,0.008333366106456186,-0.21127372962665963,0.21149714858359295,0.6413468138173684,0.645181311486789,0.003834497669420678,0.5978820798371659,0.5961000920231163,4008.2669232127096,4667.482741467425,659.215818254715,16.44640516421346,15.196745958183882,0.007078772476293988,0.006514911270104232,-0.0005638612061897559,-7.965522385103683,-8.29592944354258
71551702-b027-418a-a051-cdb8569f6bab,landmark_dropout_10pct,2309419397,True,1.0005199089680339,0.9913645497740783,-0.009155359193955603,-0.9150601714061556,-0.9192660903371145,0.7135101463512435,0.5147534504063306,-0.19875669594491296,-27.856183540110436,-32.36385031187115,12.312593556862167,7.8102088922269255,-4.502384664635241,-36.56731332714163,-44.749081804349295,0.7209302325581394,0.07246376811594202,-0.6484664644421974,-89.94857410004676,-163.4664401019541,-3.9443456227056815,-3.8550071714945346,0.08933845121114681,-2.264975226736439,2.2909196075238705,0.6413468138173684,0.6457065177597028,0.004359703942334425,0.6797732285259168,0.6774705966523281,4008.2669232127096,4300.978700805999,292.71177759328975,7.302701721238544,7.045447705798392,0.007078772476293988,0.007565061247696677,0.00048628877140268877,6.869676529810996,6.641550028064206
71551702-b027-418a-a051-cdb8569f6bab,landmark_dropout_20pct,2309419397,True,1.0005199089680339,4.188664413364954,3.18814450439692,318.64878208023543,122.87651801752044,0.7135101463512435,0.2856984116495226,-0.42781173470172096,-59.95874577109653,-85.63011821229675,12.312593556862167,125.41653319119877,113.1039396343366,918.6036971983085,164.24113374541378,0.7209302325581394,0.07352941176470588,-0.6474008207934335,-89.80075901328274,-162.9789065863108,-3.9443456227056815,-6.716378068170985,-2.7720324454653036,70.27863961788896,-52.00458291283882,0.6413468138173684,0.2447801235474932,-0.3965666902698751,-61.83342330952976,-89.50561675715979,4008.2669232127096,2773.614739709012,-1234.6521835036974,-30.802643814801083,-36.410313387031096,0.007078772476293988,0.008538329223978488,0.0014595567476844993,20.618783165759183,18.69177489775883
71551702-b027-418a-a051-cdb8569f6bab,jitter_sigma_0p004,2309419397,True,1.0005199089680339,1.2638297282119777,0.2633098192439438,26.317299324461164,23.256993082734876,0.7135101463512435,0.7923671139090118,0.07885696755776828,11.051975639173172,10.473226422735104,12.312593556862167,9.850005897787208,-2.462587659074959,-20.00055997708531,-22.222913554107894,0.7209302325581394,1.1142857142857143,0.39335548172757495,54.562211981566854,42.867487328023195,-3.9443456227056815,-4.7423337782576835,-0.7979881555520021,20.23119249384161,-18.372685780564296,0.6413468138173684,0.3084932135414507,-0.33285360027591765,-51.89915863068464,-70.0862441439681,4008.2669232127096,240.7721423932504,-3767.4947808194593,-93.99311106256701,-177.33396764061865,0.007078772476293988,0.4043645901367323,0.3972858176604383,5612.3546701197665,193.11810750200212
71551702-b027-418a-a051-cdb8569f6bab,jitter_sigma_0p008,2309419397,True,1.0005199089680339,1.634374671519839,0.6338547625518052,63.35253870216155,48.112343260005616,0.7135101463512435,1.4826386551980184,0.7691285088467749,107.79503455976808,70.0433876160119,12.312593556862167,24.30104620918982,11.988452652327654,97.36740352032606,65.4862653859576,0.7209302325581394,1.4666666666666663,0.745736434108527,103.44086021505376,68.17859673990078,-3.9443456227056815,-5.3466809135137146,-1.402335290808033,35.55305302698299,-30.186875160484824,0.6413468138173684,0.26048916893624613,-0.3808576448811222,-59.38403944259342,-84.46272984545001,4008.2669232127096,173.75758021841582,-3834.5093429942935,-95.66501973179106,-183.3805296859588,0.007078772476293988,0.8613595165127149,0.854280744036421,12068.204577803723,196.73953920915454
71551702-b027-418a-a051-cdb8569f6bab,scale_minus_10pct,2309419397,True,1.0005199089680339,0.9004679180712306,-0.10005199089680328,-9.99999999999999,-10.526315789473673,0.7135101463512435,0.7135101463512435,0.0,0.0,0.0,12.312593556862167,11.081334201175954,-1.2312593556862126,-9.999999999999968,-10.526315789473648,0.7209302325581394,0.7209302325581394,0.0,0.0,0.0,-3.9443456227056815,-3.852830641584343,0.09151498112133849,-2.3201562407343617,2.34738777268546,0.6413468138173684,0.6413468138173709,2.55351295663786e-15,3.981485370511258e-13,3.9814853705112506e-13,4008.2669232127096,4453.629914665081,445.36299145237126,11.11111111071923,10.52631578912197,0.007078772476293988,0.0063708952286645896,-0.0007078772476293987,-10.0,-10.526315789473683
71551702-b027-418a-a051-cdb8569f6bab,scale_minus_5pct,2309419397,True,1.0005199089680339,0.9504939135196324,-0.05002599544840147,-4.999999999999978,-5.128205128205105,0.7135101463512435,0.7135101463512435,0.0,0.0,0.0,12.312593556862167,11.69696387901906,-0.6156296778431063,-4.999999999999984,-5.128205128205111,0.7209302325581394,0.7209302325581394,0.0,0.0,0.0,-3.9443456227056815,-3.8997928332833824,0.04455278942229901,-1.1295356361732158,1.1359511225425296,0.6413468138173684,0.6413468138173756,7.216449660063518e-15,1.1252023873183992e-12,1.125202387318393e-12,4008.2669232127096,4219.228340210538,210.9614169978281,5.263157894403353,5.128205127888522,0.007078772476293988,0.006724833852479291,-0.00035393862381469764,-4.999999999999974,-5.128205128205102
71551702-b027-418a-a051-cdb8569f6bab,scale_plus_5pct,2309419397,True,1.0005199089680339,1.0505459044164362,0.05002599544840236,5.000000000000067,4.878048780487868,0.7135101463512435,0.7135101463512435,0.0,0.0,0.0,12.312593556862167,12.928223234705287,0.6156296778431205,5.000000000000099,4.878048780487899,0.7209302325581394,0.7209302325581394,0.0,0.0,0.0,-3.9443456227056815,-3.9867242208455536,-0.0423785981398721,1.0744139128153247,-1.068672927507509,0.6413468138173684,0.6413468138173776,9.2148511043888e-15,1.436796894575802e-12,1.4367968945757915e-12,4008.2669232127096,3817.3970697234636,-190.869853489246,-4.761904761977774,-4.878048780564422,0.007078772476293988,0.00743271110010869,0.000353938623814702,5.000000000000036,4.87804878048784
71551702-b027-418a-a051-cdb8569f6bab,scale_plus_10pct,2309419397,True,1.0005199089680339,1.1005718998648377,0.10005199089680383,10.000000000000044,9.523809523809565,0.7135101463512435,0.7135101463512435,0.0,0.0,0.0,12.312593556862167,13.54385291254839,1.2312593556862232,10.000000000000053,9.523809523809572,0.7209302325581394,0.7209302325581394,0.0,0.0,0.0,-3.9443456227056815,-4.027130993022123,-0.0827853703164414,2.098836619181804,-2.0770397833973453,0.6413468138173684,0.6413468138173746,6.217248937900877e-15,9.694051336896977e-13,9.694051336896931e-13,4008.2669232127096,3643.8790210926077,-364.3879021201019,-9.090909091154971,-9.52380952407938,0.007078772476293988,0.007786649723923388,0.0007078772476293996,10.000000000000012,9.523809523809533
71551702-b027-418a-a051-cdb8569f6bab,combined_degradation,2309419397,True,1.0005199089680339,14.7620814734237,13.761561564455667,1375.44105230747,174.6102845667161,0.7135101463512435,33.149618915779655,32.43610876942841,4545.991242773569,191.5718344274432,12.312593556862167,97.58763161739166,85.2750380605295,692.5838789911427,155.1862845145594,0.7209302325581394,0.5384615384615385,-0.18246869409660083,-25.310173697270443,-28.97727272727269,-3.9443456227056815,-4.506312802153371,-0.5619671794476893,14.24741219969967,-13.299961995732003,0.6413468138173684,0.7349741731156287,0.09362735929826038,14.598553743641418,13.60545398743068,4008.2669232127096,217.57742565834295,-3790.6894975543664,-94.57178302177664,-179.40506959595237,0.007078772476293988,0.17779405048637922,0.17071527801008524,2411.650870003118,184.684017125171
7323bdcf-1706-4d92-b9df-fa360f7b19e4,frame_thinning_2x,3041392656,True,9.915890073243588,6.523298537088053,-3.3925915361555354,-34.21368642750377,-41.274440199845046,4.793076598749342,2.962686743805768,-1.830389854943574,-38.188203698250476,-47.2007660393763,126.51565579747307,90.25236184271976,-36.26329395475331,-28.663088157882832,-33.45815895677538,0.11764705882352941,0.1111111111111111,-0.006535947712418305,-5.55555555555556,-5.714285714285719,-6.080523644602076,-5.864760230661796,0.2157634139402802,-3.5484347492312116,3.6125288639992905,0.933634954831468,0.9231833001039632,-0.010451654727504756,-1.1194583786113066,-1.1257595836021335,38.53566227115071,9.767769282188032,-28.76789298896268,-74.65264976255368,-119.11324750166423,0.2577998584498547,0.2743176144929938,0.016517756043139098,6.407201362506569,6.208311842040628
7323bdcf-1706-4d92-b9df-fa360f7b19e4,frame_thinning_3x,3041392656,True,9.915890073243588,13.897655486570203,3.981765413326615,40.15540091626025,33.441180804642435,4.793076598749342,39.58585657646423,34.792779977714886,725.8965981639719,156.79863164059685,126.51565579747307,90.18660734864845,-36.32904844882462,-28.715061562800066,-33.52899773301221,0.11764705882352941,0.3333333333333333,0.2156862745098039,183.33333333333331,95.65217391304348,-6.080523644602076,-5.289576103986945,0.7909475406151314,-13.00788528825617,13.912763442788346,0.933634954831468,0.9664037346209423,0.032768779789474345,3.509806442003823,3.4492750038598725,38.53566227115071,8.813290040357748,-29.722372230792963,-77.12952231534446,-125.54606080932757,0.2577998584498547,0.33215875418229657,0.07435889573244187,28.843652661238988,25.208173638039877
7323bdcf-1706-4d92-b9df-fa360f7b19e4,landmark_dropout_5pct,3041392656,True,9.915890073243588,9.916812977342401,0.0009229040988127934,0.009307324829095269,0.009306891717773434,4.793076598749342,4.794445764154361,0.0013691654050189683,0.028565481414927207,0.028561402063928,126.51565579747307,126.52756274467751,0.011906947204437301,0.009411441713978865,0.009410998858642723,0.11764705882352941,0.5833333333333334,0.46568627450980393,395.83333333333337,132.86713286713285,-6.080523644602076,-6.279764856993455,-0.19924121239137893,3.2767114156073274,-3.2238925873883906,0.933634954831468,0.9178164677282508,-0.015818487103217205,-1.694290367060285,-1.7087660967466705,38.53566227115071,63.70196573455373,25.16630346340302,65.30652901804022,49.23100027711684,0.2577998584498547,0.4187594942207063,0.1609596357708516,62.43588989485821,47.58182268429245
7323bdcf-1706-4d92-b9df-fa360f7b19e4,landmark_dropout_10pct,3041392656,True,9.915890073243588,9.916812977342401,0.0009229040988127934,0.009307324829095269,0.009306891717773434,4.793076598749342,4.794445764154361,0.0013691654050189683,0.028565481414927207,0.028561402063928,126.51565579747307,126.52756274467751,0.011906947204437301,0.009411441713978865,0.009410998858642723,0.11764705882352941,0.5833333333333334,0.46568627450980393,395.83333333333337,132.86713286713285,-6.080523644602076,-6.279764856993455,-0.19924121239137893,3.2767114156073274,-3.2238925873883906,0.933634954831468,0.9178164677282508,-0.015818487103217205,-1.694290367060285,-1.7087660967466705,38.53566227115071,63.70196573455373,25.16630346340302,65.30652901804022,49.23100027711684,0.2577998584498547,0.4187594942207063,0.1609596357708516,62.43588989485821,47.58182268429245
7323bdcf-1706-4d92-b9df-fa360f7b19e4,landmark_dropout_20pct,3041392656,True,9.915890073243588,13.82744762465329,3.911557551409702,39.4473670292534,32.94867470765222,4.793076598749342,1.15084238357968,-3.642234215169662,-75.98948483569052,-122.55329273490587,126.51565579747307,389.3640373244149,262.8483815269418,207.75956925655973,101.90297661700674,0.11764705882352941,0.1111111111111111,-0.006535947712418305,-5.55555555555556,-5.714285714285719,-6.080523644602076,-8.113037275974024,-2.0325136313719483,33.42662162289743,-28.63993951546658,0.933634954831468,0.9002645041210164,-0.03337045071045153,-3.574250357461743,-3.639289007644136,38.53566227115071,69.3544049371174,30.81874266596668,79.97460235434642,57.129897984909036,0.2577998584498547,0.6658397428377525,0.4080398843878978,158.27777673790564,88.35478336335223
7323bdcf-1706-4d92-b9df-fa360f7b19e4,jitter_sigma_0p004,3041392656,True,9.915890073243588,7.929400095074868,-1.98648997816872,-20.03340056712548,-22.26346514326144,4.793076598749342,3.685815535983285,-1.1072610627660566,-23.101259492806236,-26.118059887336283,126.51565579747307,118.88307158614597,-7.632584211327099,-6.0329167668745916,-6.220557288706292,0.11764705882352941,2.6000000000000005,2.482352941176471,2110.0000000000005,182.6839826839827,-6.080523644602076,-6.742875250894319,-0.6623516062922432,10.893002724859711,-10.330359551161783,0.933634954831468,0.90447789217708,-0.029157062654388,-3.12296176396386,-3.172499740898923,38.53566227115071,54.12941760870593,15.593755337555216,40.46577746045201,33.65616337410605,0.2577998584498547,2.0933785541465864,1.8355786956967317,712.0169525049506,156.14116613716905
7323bdcf-1706-4d92-b9df-fa360f7b19e4,jitter_sigma_0p008,3041392656,True,9.915890073243588,1.2735871361246545,-8.642302937118934,-87.1560986788143,-154.47196996626937,4.793076598749342,2.393379068568513,-2.3996975301808288,-50.065912378846235,-66.78389574137454,126.51565579747307,63.679356806232725,-62.83629899124035,-49.66681680236399,-66.0756537524644,0.11764705882352941,0.0,-0.11764705882352941,-100.0,-200.0,-6.080523644602076,-7.005937344986959,-0.9254137003848832,15.219309297586731,-14.143070477512572,0.933634954831468,1.0,0.06636504516853203,7.108243411956624,6.864278596403041,38.53566227115071,0.0,-38.53566227115071,-100.0,-200.0,0.2577998584498547,0.0,-0.2577998584498547,-100.0,-200.0
7323bdcf-1706-4d92-b9df-fa360f7b19e4,scale_minus_10pct,3041392656,True,9.915890073243588,8.924301065919229,-0.9915890073243592,-10.000000000000004,-10.526315789473687,4.793076598749342,4.793076598749342,0.0,0.0,0.0,126.51565579747307,113.86409021772573,-12.651565579747341,-10.000000000000027,-10.526315789473713,0.11764705882352941,0.11764705882352941,0.0,0.0,0.0,-6.080523644602076,-5.9890086634807265,0.09151498112134959,-1.505050986893063,1.5164627557285422,0.933634954831468,0.9336349548314674,-5.551115123125783e-16,-5.945701898155499e-14,-5.9457018981555e-14,38.53566227115071,42.81740252349319,4.28174025234248,11.111111111091391,10.526315789455987,0.2577998584498547,0.23201987260486928,-0.02577998584498542,-9.99999999999998,-10.526315789473662
7323bdcf-1706-4d92-b9df-fa360f7b19e4,scale_minus_5pct,3041392656,True,9.915890073243588,9.42009556958141,-0.4957945036621787,-4.999999999999993,-5.128205128205121,4.793076598749342,4.793076598749342,0.0,0.0,0.0,126.51565579747307,120.18987300759939,-6.325782789873685,-5.000000000000025,-5.128205128205155,0.11764705882352941,0.11764705882352941,0.0,0.0,0.0,-6.080523644602076,-6.035970855179772,0.044552789422303896,-0.7327130363493478,0.7354072487402368,0.933634954831468,0.9336349548314683,3.3306690738754696e-16,3.5674211388932995e-14,3.567421138893299e-14,38.53566227115071,40.563855022261045,2.028192751110332,5.263157894729412,5.128205128198073,0.2577998584498547,0.24490986552736194,-0.012889992922492766,-5.000000000000012,-5.12820512820514
7323bdcf-1706-4d92-b9df-fa360f7b19e4,scale_plus_5pct,3041392656,True,9.915890073243588,10.411684576905767,0.4957945036621787,4.999999999999993,4.878048780487798,4.793076598749342,4.793076598749342,0.0,0.0,0.0,126.51565579747307,132.84143858734672,6.325782789873642,4.999999999999991,4.878048780487796,0.11764705882352941,0.11764705882352941,0.0,0.0,0.0,-6.080523644602076,-6.122902242741953,-0.042378598139876544,0.6969563908775804,-0.6945360840651589,0.933634954831468,0.9336349548314686,6.661338147750939e-16,7.134842277786599e-14,7.134842277786596e-14,38.53566227115071,36.70063073442943,-1.8350315367212815,-4.761904761904292,-4.878048780487313,0.2577998584498547,0.2706898513723474,0.01288999292249271,4.99999999999999,4.878048780487796
7323bdcf-1706-4d92-b9df-fa360f7b19e4,scale_plus_10pct,3041392656,True,9.915890073243588,10.907479080567946,0.9915890073243574,9.999999999999986,9.523809523809511,4.793076598749342,4.793076598749342,0.0,0.0,0.0,126.51565579747307,139.16722137722033,12.651565579747256,9.99999999999996,9.523809523809486,0.11764705882352941,0.11764705882352941,0.0,0.0,0.0,-6.080523644602076,-6.163309014918527,-0.08278537031645072,1.3614842266083877,-1.352278696035235,0.933634954831468,0.9336349548314683,3.3306690738754696e-16,3.5674211388932995e-14,3.567421138893299e-14,38.53566227115071,35.03242024650398,-3.503242024646731,-9.090909090900439,-9.52380952380003,0.2577998584498547,0.2835798442948402,0.025779985844985476,10.000000000000002,9.523809523809524
7323bdcf-1706-4d92-b9df-fa360f7b19e4,combined_degradation,3041392656,True,9.915890073243588,6.742799789158491,-3.173090284085097,-32.00005506966201,-38.095316141836825,4.793076598749342,3.2702871460714236,-1.5227894526779182,-31.770605399364154,-37.770575677080956,126.51565579747307,88.27185744256073,-38.24379835491234,-30.228510545867316,-35.61082092530522,0.11764705882352941,0.4285714285714285,0.31092436974789905,264.28571428571416,113.84615384615381,-6.080523644602076,-5.897605279436486,0.18291836516559012,-3.00826665361254,3.0542059836824187,0.933634954831468,0.9280338973473438,-0.0056010574841242056,-0.5999194283739369,-0.601724359041511,38.53566227115071,30.14011903982666,-8.395543231324051,-21.786425187790996,-24.44979313247967,0.2577998584498547,0.8348311423498668,0.577031283900012,223.82917018251652,105.62235255592596
7473617c-26a8-428f-9ba6-fc51dd7d2156,frame_thinning_2x,1067339653,True,4.098584184859861,2.8618272790426778,-1.2367569058171837,-30.175222711924626,-35.53689066317821,0.1352485235323664,0.023503112001752036,-0.11174541153061437,-82.62227831557253,-140.78017042740748,53.30869343845853,34.0761086103238,-19.232584828134733,-36.077764408796696,-44.0181458954343,0.08333333333333333,0.16666666666666666,0.08333333333333333,100.0,66.66666666666666,-6.223402496109133,-5.269251706502616,0.9541507896065173,-15.331658047234638,16.60453317023465,0.9988015644017224,0.9997068513876907,0.0009052869859682566,0.09063732158955111,0.0905962645757153,4.735838967892963,1.52382698936444,-3.2120119785285235,-67.82350498622611,-102.62566726278882,0.027438037062507636,0.1034438890903897,0.07600585202788207,277.00907267794065,116.14415261445863
7473617c-26a8-428f-9ba6-fc51dd7d2156,frame_thinning_3x,1067339653,True,4.098584184859861,6.409004188976762,2.3104200041169003,56.37117355431113,43.97621836557154,0.1352485235323664,0.006421118060242112,-0.1288274054721243,-95.25235626050626,-181.87016501754985,53.30869343845853,52.86623743176653,-0.44245600669200513,-0.8299884655826206,-0.8334472234934778,0.08333333333333333,0.16666666666666666,0.08333333333333333,100.0,66.66666666666666,-6.223402496109133,-5.396742997249611,0.8266594988595228,-13.28307946298427,14.228040420526286,0.9988015644017224,0.9999453902100643,0.0011438258083419361,0.1145198254697451,0.11445428904371735,4.735838967892963,0.19432499828591537,-4.541513969607048,-95.89671440259353,-184.23379022531563,0.027438037062507636,0.3030356524940323,0.27559761543152467,1004.4363407035105,166.78944444947913
7473617c-26a8-428f-9ba6-fc51dd7d2156,landmark_dropout_5pct,1067339653,True,4.098584184859861,4.098584184859861,0.0,0.0,0.0,0.1352485235323664,0.1352485235323664,0.0,0.0,0.0,53.30869343845853,53.30869343845853,0.0,0.0,0.0,0.08333333333333333,0.08333333333333333,0.0,0.0,0.0,-6.223402496109133,-6.223402496109133,0.0,-0.0,0.0,0.9988015644017224,0.9988015644017224,0.0,0.0,0.0,4.735838967892963,4.735838967892963,0.0,0.0,0.0,0.027438037062507636,0.027438037062507636,0.0,0.0,0.0
7473617c-26a8-428f-9ba6-fc51dd7d2156,landmark_dropout_10pct,1067339653,True,4.098584184859861,4.103066115825989,0.004481930966127479,0.10935315133171344,0.10929339344674777,0.1352485235323664,0.12941096867079563,-0.005837554861570782,-4.316169011762848,-4.411370106528933,53.30869343845853,101.19437529353914,47.885681855080605,89.82715344611016,61.98670647525262,0.08333333333333333,0.08333333333333333,0.0,0.0,0.0,-6.223402496109133,-6.625961141793671,-0.4025586456845378,6.4684655369183846,-6.2658145107992445,0.9988015644017224,0.9983361372552036,-0.0004654271465187598,-0.04659856002503846,-0.046609419684242905,4.735838967892963,10.97522806515724,6.239389097264276,131.7483372970399,79.42667527468296,0.027438037062507636,0.0,-0.027438037062507636,-100.0,-199.99999999999997
7473617c-26a8-428f-9ba6-fc51dd7d2156,landmark_dropout_20pct,1067339653,True,4.098584184859861,4.12750110904824,0.02891692418837888,0.7055344695662902,0.7030543242675481,0.1352485235323664,0.12053915799186689,-0.014709365540499522,-10.875804893337275,-11.501230593159708,53.30869343845853,101.15775571191661,47.849062273458074,89.75845999432859,61.95398746672345,0.08333333333333333,0.08333333333333333,0.0,0.0,0.0,-6.223402496109133,-6.696307427625691,-0.4729049315165579,7.598816432204372,-7.320674137548294,0.9988015644017224,0.9980317282734799,-0.0007698361282425514,-0.0770759834265658,-0.07710569841423114,4.735838967892963,26.410129288937757,21.674290321044793,457.66527257340357,139.17878643115444,0.027438037062507636,0.0,-0.027438037062507636,-100.0,-199.99999999999997
7473617c-26a8-428f-9ba6-fc51dd7d2156,jitter_sigma_0p004,1067339653,True,4.098584184859861,1.8295393351356044,-2.2690448497242572,-55.36167484630647,-76.5518748747662,0.1352485235323664,1.3760623280270112,1.2408138044946448,917.4324215064019,164.20365184493545,53.30869343845853,33.80842547343707,-19.500267965021465,-36.57990227716474,-44.76793587433194,0.08333333333333333,1.2500000000000002,1.166666666666667,1400.0000000000005,175.00000000000003,-6.223402496109133,-6.407602193119648,-0.18419969701051464,2.9597908399091355,-2.9166277986990665,0.9988015644017224,0.9399480708451962,-0.05885349355652625,-5.892411030791609,-6.071283520734815,4.735838967892963,244.68538358919548,239.94954462130252,5066.674484670225,192.40507456528243,0.027438037062507636,0.35692214075531825,0.3294841036928106,1200.8297202245203,171.44549446481696
7473617c-26a8-428f-9ba6-fc51dd7d2156,jitter_sigma_0p008,1067339653,True,4.098584184859861,2.191221574151785,-1.9073626107080766,-46.53710951586305,-60.649332707145206,0.1352485235323664,2.7582572679458903,2.6230087444135237,1939.3991711752842,181.3031618694954,53.30869343845853,61.26631227050472,7.957618832046187,14.927431754133586,13.890671499959888,0.08333333333333333,1.2500000000000002,1.166666666666667,1400.0000000000005,175.00000000000003,-6.223402496109133,-7.094695185994999,-0.8712926898858653,14.000262564258007,-13.084341483042936,0.9988015644017224,0.46768078879121217,-0.5311207756105103,-53.17580533913653,-72.43466304986414,4.735838967892963,110.46720791098754,105.73136894309458,2232.579478734596,183.55654960108126,0.027438037062507636,1.3881382571402814,1.3607002200777738,4959.1748016737165,192.24682211057797
7473617c-26a8-428f-9ba6-fc51dd7d2156,scale_minus_10pct,1067339653,True,4.098584184859861,3.6887257663738753,-0.40985841848598614,-10.0,-10.526315789473683,0.1352485235323664,0.1352485235323664,0.0,0.0,0.0,53.30869343845853,47.9778240946127,-5.330869343845833,-9.999999999999963,-10.526315789473644,0.08333333333333333,0.08333333333333333,0.0,0.0,0.0,-6.223402496109133,-6.131887514987784,0.09151498112134959,-1.4704975482232538,1.4813894459645272,0.9988015644017224,0.9988015644017226,2.220446049250313e-16,2.2231103037772576e-14,2.2231103037772573e-14,4.735838967892963,5.262043297657615,0.5262043297646519,11.111111111085078,10.526315789450319,0.027438037062507636,0.024694233356256874,-0.0027438037062507623,-9.999999999999995,-10.52631578947368
7473617c-26a8-428f-9ba6-fc51dd7d2156,scale_minus_5pct,1067339653,True,4.098584184859861,3.893654975616868,-0.20492920924299352,-5.000000000000011,-5.128205128205139,0.1352485235323664,0.1352485235323664,0.0,0.0,0.0,53.30869343845853,50.64325876653561,-2.665434671922924,-4.999999999999995,-5.128205128205122,0.08333333333333333,0.08333333333333333,0.0,0.0,0.0,-6.223402496109133,-6.178849706686829,0.044552789422304784,-0.7158911776983596,0.718462883898794,0.9988015644017224,0.9988015644017226,2.220446049250313e-16,2.2231103037772576e-14,2.2231103037772573e-14,4.735838967892963,4.985093650411433,0.24925468251846983,5.263157894690125,5.128205128160777,0.027438037062507636,0.026066135209382252,-0.0013719018531253846,-5.00000000000001,-5.128205128205138
7473617c-26a8-428f-9ba6-fc51dd7d2156,scale_plus_5pct,1067339653,True,4.098584184859861,4.303513394102855,0.20492920924299352,5.000000000000011,4.8780487804878145,0.1352485235323664,0.1352485235323664,0.0,0.0,0.0,53.30869343845853,55.9741281103815,2.6654346719229665,5.000000000000075,4.878048780487876,0.08333333333333333,0.08333333333333333,0.0,0.0,0.0,-6.223402496109133,-6.265781094249009,-0.042378598139875656,0.6809554446521935,-0.6786448102595376,0.9988015644017224,0.9988015644017226,2.220446049250313e-16,2.2231103037772576e-14,2.2231103037772573e-14,4.735838967892963,4.51032282656308,-0.22551614132988362,-4.761904761939545,-4.878048780524305,0.027438037062507636,0.02880993891563302,0.0013719018531253846,5.00000000000001,4.8780487804878145
7473617c-26a8-428f-9ba6-fc51dd7d2156,scale_plus_10pct,1067339653,True,4.098584184859861,4.5084426033458485,0.40985841848598703,10.000000000000021,9.523809523809543,0.1352485235323664,0.1352485235323664,0.0,0.0,0.0,53.30869343845853,58.63956278230442,5.330869343845883,10.000000000000057,9.523809523809575,0.08333333333333333,0.08333333333333333,0.0,0.0,0.0,-6.223402496109133,-6.306187866425584,-0.08278537031645072,1.3302268392283494,-1.32143777922686,0.9988015644017224,0.9988015644017227,3.3306690738754696e-16,3.334665455665886e-14,3.334665455665886e-14,4.735838967892963,4.305308152627666,-0.43053081526529713,-9.090909090957666,-9.523809523862834,0.027438037062507636,0.030181840768758406,0.002743803706250769,10.00000000000002,9.523809523809541
7473617c-26a8-428f-9ba6-fc51dd7d2156,combined_degradation,1067339653,True,4.098584184859861,6.271874948923517,2.1732907640636556,53.025402579060724,41.913105987445135,0.1352485235323664,0.20395249458803053,0.06870397105566411,50.79831502872009,40.50929530599353,53.30869343845853,114.52252372075772,61.213830282299185,114.82898254290667,72.94689428871571,0.08333333333333333,0.33333333333333337,0.25000000000000006,300.0000000000001,120.00000000000003,-6.223402496109133,-6.412872579901186,-0.18947008379205244,3.044477420679588,-2.998828098507559,0.9988015644017224,0.9729225174876329,-0.025879046914089487,-2.5910098498484953,-2.6250170753396223,4.735838967892963,20.25671150512251,15.520872537229547,327.73226966657154,124.20399073705964,0.027438037062507636,0.5088303745443903,0.48139233748188265,1754.47076037256,179.53410160386582
74790585-e2d8-469c-bb0a-b5ca9d31a966,frame_thinning_2x,3360943254,True,2.7033054981231954,12.755884448270987,10.05257895014779,371.86248306478575,130.0531138436853,1.6530350576005601,13.658131007676367,12.005095950075807,726.245695448325,156.81491401626536,55.61573589183954,169.48194191692548,113.86620602508594,204.7373898756475,101.17048486108561,0.33333333333333337,0.2,-0.13333333333333336,-40.0,-50.0,-6.706313179601845,-6.562116095184636,0.14419708441720935,-2.1501692592556547,2.173536617348097,0.8908906535904272,0.856085939316352,-0.034804714274075166,-3.906732451822991,-3.9845656107119214,11.737060965132732,5.707493025922117,-6.029567939210615,-51.37204243142847,-69.1283702902629,1.112314717836791,1.200607100579861,0.08829238274307016,7.9377159474055645,7.63470533591249
74790585-e2d8-469c-bb0a-b5ca9d31a966,frame_thinning_3x,3360943254,True,2.7033054981231954,13.069976226699941,10.366670728576747,383.4812874746839,131.44595917870714,1.6530350576005601,36.73746881977668,35.08443376217612,2122.425268651134,182.77662556469167,55.61573589183954,151.19472178599204,95.57898589415251,171.85601226248767,92.43148239925567,0.33333333333333337,0.25,-0.08333333333333337,-25.000000000000007,-28.571428571428584,-6.706313179601845,-6.325707402518154,0.3806057770836908,-5.6753355665129765,5.841086187446388,0.8908906535904272,0.9008546750616024,0.009964021471175255,1.118433719224543,1.1122140308490618,11.737060965132732,5.357767961668785,-6.379293003463947,-54.3517071472569,-74.6341835976188,1.112314717836791,1.4902308457896227,0.3779161279528318,33.97564752966643,29.042037398664373
74790585-e2d8-469c-bb0a-b5ca9d31a966,landmark_dropout_5pct,3360943254,True,2.7033054981231954,2.7033054981231954,0.0,0.0,0.0,1.6530350576005601,1.6530350576005601,0.0,0.0,0.0,55.61573589183954,55.61573589183954,0.0,0.0,0.0,0.33333333333333337,0.33333333333333337,0.0,0.0,0.0,-6.706313179601845,-6.706313179601845,0.0,-0.0,0.0,0.8908906535904272,0.8908906535904272,0.0,0.0,0.0,11.737060965132732,11.737060965132732,0.0,0.0,0.0,1.112314717836791,1.112314717836791,0.0,0.0,0.0
74790585-e2d8-469c-bb0a-b5ca9d31a966,landmark_dropout_10pct,3360943254,True,2.7033054981231954,2.7033054981231954,0.0,0.0,0.0,1.6530350576005601,1.6530350576005601,0.0,0.0,0.0,55.61573589183954,55.61573589183954,0.0,0.0,0.0,0.33333333333333337,0.33333333333333337,0.0,0.0,0.0,-6.706313179601845,-6.706313179601845,0.0,-0.0,0.0,0.8908906535904272,0.8908906535904272,0.0,0.0,0.0,11.737060965132732,11.737060965132732,0.0,0.0,0.0,1.112314717836791,1.112314717836791,0.0,0.0,0.0
74790585-e2d8-469c-bb0a-b5ca9d31a966,landmark_dropout_20pct,3360943254,True,2.7033054981231954,4.446406942586342,1.7431014444631465,64.48037211011915,48.7600433980576,1.6530350576005601,1.9376514830253657,0.2846164254248056,17.2178093934642,15.85303658253563,55.61573589183954,151.55269154357964,95.9369556517401,172.4996605966278,92.61735182273044,0.33333333333333337,0.14285714285714285,-0.19047619047619052,-57.14285714285715,-80.00000000000001,-6.706313179601845,-7.145632958403257,-0.43931977880141204,6.550838993586853,-6.343076625111408,0.8908906535904272,0.7699004960895776,-0.12099015750084963,-13.580808936903823,-14.570183315844568,11.737060965132732,28.541412027283688,16.804351062150957,143.1734154919329,83.4408546983142,1.112314717836791,0.6709001850181855,-0.44141453281860543,-39.684320070587596,-49.50772137580149
74790585-e2d8-469c-bb0a-b5ca9d31a966,jitter_sigma_0p004,3360943254,True,2.7033054981231954,1.1165875455313687,-1.5867179525918267,-58.69547314180458,-83.07656441991807,1.6530350576005601,1.146855264506924,-0.506179793093636,-30.621237629912955,-36.15711580535292,55.61573589183954,55.82937727656844,0.21364138472889493,0.3841383761322169,0.3834019790639993,0.33333333333333337,0.0,-0.33333333333333337,-100.0,-200.0,-6.706313179601845,-6.891665576145837,-0.18535239654399227,2.763849399514573,-2.7261757041008217,0.8908906535904272,1.0,0.10910934640957282,12.247220909754217,11.540524165413347,11.737060965132732,0.0,-11.737060965132732,-100.0,-200.0,1.112314717836791,0.0,-1.112314717836791,-100.0,-200.0
74790585-e2d8-469c-bb0a-b5ca9d31a966,jitter_sigma_0p008,3360943254,True,2.7033054981231954,1.3981349346159586,-1.3051705635072368,-48.280542632468595,-63.644496849882394,1.6530350576005601,1.528610255406193,-0.12442480219436702,-7.527051626780021,-7.82141250539217,55.61573589183954,69.90674673079793,14.291010838958393,25.695984436403553,22.77044006836918,0.33333333333333337,0.0,-0.33333333333333337,-100.0,-200.0,-6.706313179601845,-7.086978192110777,-0.38066501250893214,5.676218845054478,-5.519567480312967,0.8908906535904272,1.0,0.10910934640957282,12.247220909754217,11.540524165413347,11.737060965132732,0.0,-11.737060965132732,-100.0,-200.0,1.112314717836791,0.0,-1.112314717836791,-100.0,-200.0
74790585-e2d8-469c-bb0a-b5ca9d31a966,scale_minus_10pct,3360943254,True,2.7033054981231954,2.4329749483108767,-0.27033054981231874,-9.99999999999997,-10.526315789473651,1.6530350576005601,1.6530350576005601,0.0,0.0,0.0,55.61573589183954,50.05416230265559,-5.561573589183951,-9.999999999999993,-10.526315789473678,0.33333333333333337,0.33333333333333337,0.0,0.0,0.0,-6.706313179601845,-6.6147981984804956,0.09151498112134959,-1.3646094160902704,1.3739841748027448,0.8908906535904272,0.890890653590429,1.7763568394002505e-15,1.9939111856671269e-13,1.993911185667125e-13,11.737060965132732,13.041178850147352,1.3041178850146196,11.111111111110016,10.5263157894727,1.112314717836791,1.0010832460531118,-0.11123147178367909,-10.0,-10.526315789473681
74790585-e2d8-469c-bb0a-b5ca9d31a966,scale_minus_5pct,3360943254,True,2.7033054981231954,2.568140223217036,-0.13516527490615937,-4.999999999999985,-5.128205128205113,1.6530350576005601,1.6530350576005601,0.0,0.0,0.0,55.61573589183954,52.83494909724757,-2.780786794591968,-4.999999999999984,-5.128205128205111,0.33333333333333337,0.33333333333333337,0.0,0.0,0.0,-6.706313179601845,-6.661760390179541,0.044552789422303896,-0.6643410206045433,0.6665551201485868,0.8908906535904272,0.8908906535904274,2.220446049250313e-16,2.4923889820839086e-14,2.4923889820839086e-14,11.737060965132732,12.3548010159292,0.617740050796467,5.263157894736905,5.128205128205188,1.112314717836791,1.0566989819449515,-0.055615735891839435,-4.99999999999999,-5.128205128205118
74790585-e2d8-469c-bb0a-b5ca9d31a966,scale_plus_5pct,3360943254,True,2.7033054981231954,2.8384707730293557,0.13516527490616026,5.000000000000019,4.878048780487822,1.6530350576005601,1.6530350576005601,0.0,0.0,0.0,55.61573589183954,58.39652268643153,2.7807867945919895,5.000000000000022,4.878048780487826,0.33333333333333337,0.33333333333333337,0.0,0.0,0.0,-6.706313179601845,-6.748691777741722,-0.042378598139876544,0.6319209527639831,-0.6299306209730805,0.8908906535904272,0.890890653590427,-2.220446049250313e-16,-2.4923889820839086e-14,-2.4923889820839092e-14,11.737060965132732,11.178153300126484,-0.5589076650062488,-4.76190476190415,-4.878048780487163,1.112314717836791,1.1679304537286306,0.05561573589183966,5.00000000000001,4.8780487804878145
74790585-e2d8-469c-bb0a-b5ca9d31a966,scale_plus_10pct,3360943254,True,2.7033054981231954,2.973636047935516,0.2703305498123205,10.000000000000037,9.523809523809557,1.6530350576005601,1.6530350576005601,0.0,0.0,0.0,55.61573589183954,61.177309481023514,5.561573589183972,10.000000000000032,9.523809523809554,0.33333333333333337,0.33333333333333337,0.0,0.0,0.0,-6.706313179601845,-6.789098549918296,-0.08278537031645072,1.2344393722657268,-1.2268669081857548,0.8908906535904272,0.8908906535904279,6.661338147750939e-16,7.477166946251727e-14,7.477166946251724e-14,11.737060965132732,10.670055422847883,-1.06700554228485,-9.090909090909568,-9.523809523810048,1.112314717836791,1.2235461896204702,0.11123147178367931,10.00000000000002,9.523809523809541
74790585-e2d8-469c-bb0a-b5ca9d31a966,combined_degradation,3360943254,True,2.7033054981231954,12.70629388263523,10.002988384512033,370.02804127971245,129.82801353035185,1.6530350576005601,14.560254220678312,12.907219163077752,780.819445040267,159.21777427816207,55.61573589183954,203.0643706311577,147.44863473931815,265.1203519559168,114.00075307005461,0.33333333333333337,0.5000000000000001,0.16666666666666674,50.000000000000014,40.000000000000014,-6.706313179601845,-6.881293051153597,-0.1749798715517521,2.609181332061511,-2.575580548628006,0.8908906535904272,0.8241687240279078,-0.06672192956251943,-7.48935116712918,-7.780713651462575,11.737060965132732,11.685631801103812,-0.05142916402892084,-0.4381775316810688,-0.43913963729273003,1.112314717836791,1.379363542322101,0.26704882448531,24.00838721298785,21.435257413072307
757750a0-6a79-4d73-b82c-bd9d28f11ccc,frame_thinning_2x,4054188314,True,14.756567515231975,7.889237761463416,-6.8673297537685585,-46.5374467787308,-60.64990553315117,6.09667650773482,5.789166372813919,-0.30751013492090085,-5.04389784386238,-5.174393402493031,567.9099657671729,101.57420998213995,-466.335755785033,-82.1143814856416,-139.31195767639818,0.32692307692307687,0.358974358974359,0.032051282051282104,9.80392156862747,9.34579439252338,-7.610329421485209,-5.972730345883393,1.6375990756018153,-21.518110253921524,24.11237384872468,0.36357097962036355,0.7090994771770132,0.3455284975566496,95.0374251315235,64.42397949287766,2007.5480686890212,2169.1448203770096,161.59675168798844,8.049458650995845,7.738024124829719,0.050466168620256095,0.03598770377443695,-0.014478464845819147,-28.689447290452293,-33.49408058836219
757750a0-6a79-4d73-b82c-bd9d28f11ccc,frame_thinning_3x,4054188314,True,14.756567515231975,3.9212318664014814,-10.835335648830494,-73.42720885223531,-116.0236859539809,6.09667650773482,5.352431864394346,-0.7442446433404744,-12.207382865012688,-13.00091883403264,567.9099657671729,8.821473078686312,-559.0884926884867,-98.44667753509668,-193.8817463488104,0.32692307692307687,0.34615384615384615,0.019230769230769273,5.882352941176484,5.714285714285728,-7.610329421485209,-3.35598160450377,4.254347816981438,-55.902282034871135,77.58940644486721,0.36357097962036355,0.7995231210994618,0.4359521414790982,119.90839916164767,74.96420817701551,2007.5480686890212,1094.6373363224461,-912.9107323665751,-45.473916495694596,-58.8559749453918,0.050466168620256095,0.031028734536647833,-0.019437434083608263,-38.515771288027736,-47.70220794344634
757750a0-6a79-4d73-b82c-bd9d28f11ccc,landmark_dropout_5pct,4054188314,True,14.756567515231975,3.4659153223336063,-11.290652192898369,-76.51272683328267,-123.92002004932863,6.09667650773482,1.0890602555454414,-5.007616252189378,-82.1368207061051,-139.3765571201754,567.9099657671729,162.5040126979965,-405.40595306917646,-71.38560291357547,-111.00717265051868,0.32692307692307687,0.20754716981132076,-0.11937590711175611,-36.51498335183129,-44.670739986422255,-7.610329421485209,-6.803894927946492,0.8064344935387169,-10.596578004389928,11.18942613891689,0.36357097962036355,0.8174998857779258,0.4539289061575622,124.85289849909068,76.86734462025444,2007.5480686890212,2881.990867500191,874.44279881117,43.55775149046383,35.76790409987775,0.050466168620256095,0.016736143032327767,-0.03373002558792833,-66.8369058125601,-100.38352776405257
757750a0-6a79-4d73-b82c-bd9d28f11ccc,landmark_dropout_10pct,4054188314,True,14.756567515231975,40.21625069094856,25.459683175716588,172.5312011037572,92.62644341873738,6.09667650773482,3.8950025849244048,-2.201673922810415,-36.112690578500654,-44.07014881868975,567.9099657671729,2195.51465113219,1627.604685365017,286.5955492022989,117.79620659174944,0.32692307692307687,0.1358024691358025,-0.19112060778727438,-58.46042120551923,-82.60646485377114,-7.610329421485209,-8.926061990384936,-1.315732568899727,17.288772877363208,-15.913176413510246,0.36357097962036355,0.3436056824119604,-0.019965297208403177,-5.4914441271552255,-5.646480796191941,2007.5480686890212,1810.9361533731828,-196.61191531583836,-9.793634253760649,-10.297903769242573,0.050466168620256095,0.019610741017307712,-0.030855427602948383,-61.14081660354862,-88.06161048634125
757750a0-6a79-4d73-b82c-bd9d28f11ccc,landmark_dropout_20pct,4054188314,True,14.756567515231975,44.15075816469368,29.394190649461702,199.19395631213376,99.79808219159612,6.09667650773482,2.809396980665349,-3.287279527069471,-53.91920537195827,-73.82107348094603,567.9099657671729,2645.99867188039,2078.088706113217,365.91868982365685,129.31846797202581,0.32692307692307687,0.15714285714285717,-0.1697802197802197,-51.932773109243676,-70.14755959137342,-7.610329421485209,-9.65947403262319,-2.049144611137982,26.9258332675181,-23.730954629370736,0.36357097962036355,0.22739167694583873,-0.13617930267452483,-37.45604305842056,-46.08727849769621,2007.5480686890212,4536.724301266194,2529.1762325771724,125.98334615363842,77.29434502722204,0.050466168620256095,0.018189814355695114,-0.03227635426456098,-63.956419016929104,-94.02342772039758
757750a0-6a79-4d73-b82c-bd9d28f11ccc,jitter_sigma_0p004,4054188314,True,14.756567515231975,1.3691149594567633,-13.387452555775212,-90.72199576193081,-166.03889574023898,6.09667650773482,1.7608105748917624,-4.335865932843058,-71.1185172338104,-110.3626614272123,567.9099657671729,47.95461401085076,-519.9553517563222,-91.55594779076112,-168.85379313216225,0.32692307692307687,0.4047619047619047,0.07783882783882784,23.809523809523814,21.276595744680854,-7.610329421485209,-6.35457550067511,1.2557539208100987,-16.50065130249026,17.984424925334018,0.36357097962036355,0.3545809918375744,-0.008989987782789144,-2.47269124509783,-2.503644949839335,2007.5480686890212,255.03389688741302,-1752.5141718016082,-87.29624954614629,-154.9127676667504,0.050466168620256095,0.9627421591710886,0.9122759905508325,1807.698138163521,180.07668621111102
757750a0-6a79-4d73-b82c-bd9d28f11ccc,jitter_sigma_0p008,4054188314,True,14.756567515231975,2.996802184594252,-11.759765330637723,-79.69173941364818,-132.47924793401708,6.09667650773482,3.9486836245828694,-2.1479928831519506,-35.23219380964044,-42.76587110583482,567.9099657671729,124.73850991566421,-443.1714558515087,-78.03551312096477,-127.96431997186302,0.32692307692307687,0.22448979591836735,-0.10243328100470953,-31.33253301320527,-37.15302491103201,-7.610329421485209,-7.27835116797449,0.3319782535107185,-4.362206090231646,4.459471764687321,0.36357097962036355,0.3295433630890815,-0.03402761653128206,-9.359277400746695,-9.818759888380063,2007.5480686890212,104.91182992525884,-1902.6362387637623,-94.77413111239878,-180.13466101882864,0.050466168620256095,1.1181906320965356,1.0677244634762795,2115.723251175673,182.72677878080106
757750a0-6a79-4d73-b82c-bd9d28f11ccc,scale_minus_10pct,4054188314,True,14.756567515231975,13.280910763708775,-1.4756567515232,-10.000000000000018,-10.526315789473704,6.09667650773482,6.09667650773482,0.0,0.0,0.0,567.9099657671729,511.1189691904556,-56.79099657671736,-10.000000000000012,-10.526315789473697,0.32692307692307687,0.32692307692307687,0.0,0.0,0.0,-7.610329421485209,-7.518814440363858,0.09151498112135048,-1.2025101155672535,1.2097840030739933,0.36357097962036355,0.36357097962036394,3.885780586188048e-16,1.0687818346352982e-13,1.0687818346352976e-13,2007.5480686890212,2230.608965213049,223.06089652402784,11.111111111261817,10.526315789608944,0.050466168620256095,0.04541955175823049,-0.0050466168620256074,-9.999999999999996,-10.526315789473681
757750a0-6a79-4d73-b82c-bd9d28f11ccc,scale_minus_5pct,4054188314,True,14.756567515231975,14.018739139470375,-0.7378283757616,-5.000000000000009,-5.1282051282051375,6.09667650773482,6.09667650773482,0.0,0.0,0.0,567.9099657671729,539.5144674788141,-28.395498288358795,-5.000000000000026,-5.128205128205155,0.32692307692307687,0.32692307692307687,0.0,0.0,0.0,-7.610329421485209,-7.565776632062904,0.044552789422304784,-0.5854252418630519,0.5871438861207552,0.36357097962036355,0.3635709796203638,2.220446049250313e-16,6.107324769344562e-14,6.107324769344559e-14,2007.5480686890212,2113.2084933538185,105.66042466479735,5.263157894585121,5.128205128061088,0.050466168620256095,0.04794286018924329,-0.0025233084310128037,-4.999999999999998,-5.128205128205126
757750a0-6a79-4d73-b82c-bd9d28f11ccc,scale_plus_5pct,4054188314,True,14.756567515231975,15.494395890993571,0.7378283757615964,4.999999999999984,4.87804878048779,6.09667650773482,6.09667650773482,0.0,0.0,0.0,567.9099657671729,596.3054640555315,28.395498288358567,4.999999999999986,4.8780487804877914,0.32692307692307687,0.32692307692307687,0.0,0.0,0.0,-7.610329421485209,-7.652708019625084,-0.042378598139875656,0.556856290875319,-0.5553101511201282,0.36357097962036355,0.3635709796203637,1.6653345369377348e-16,4.5804935770084216e-14,4.58049357700842e-14,2007.5480686890212,1911.9505416058414,-95.59752708317978,-4.7619047620417545,-4.878048780631562,0.050466168620256095,0.052989477051268906,0.0025233084310128107,5.0000000000000115,4.878048780487816
757750a0-6a79-4d73-b82c-bd9d28f11ccc,scale_plus_10pct,4054188314,True,14.756567515231975,16.23222426675517,1.4756567515231964,9.999999999999993,9.523809523809517,6.09667650773482,6.09667650773482,0.0,0.0,0.0,567.9099657671729,624.7009623438902,56.79099657671725,9.999999999999993,9.523809523809517,0.32692307692307687,0.32692307692307687,0.0,0.0,0.0,-7.610329421485209,-7.6931147918016585,-0.08278537031644984,1.0878027182730508,-1.0819181507463964,0.36357097962036355,0.36357097962036383,2.7755575615628914e-16,7.634155961680702e-14,7.634155961680699e-14,2007.5480686890212,1825.0436988056663,-182.5043698833549,-9.090909091035353,-9.523809523948099,0.050466168620256095,0.05551278548228172,0.005046616862025621,10.000000000000023,9.523809523809545
757750a0-6a79-4d73-b82c-bd9d28f11ccc,combined_degradation,4054188314,True,14.756567515231975,27.607460657691643,12.850893142459668,87.08592380439939,60.66889149447378,6.09667650773482,2.781333441385868,-3.315343066348952,-54.37951418519245,-74.68662651537839,567.9099657671729,822.6381150382966,254.7281492711237,44.85361494352699,36.63708616584813,0.32692307692307687,0.07894736842105264,-0.24797570850202422,-75.85139318885447,-122.1945137157107,-7.610329421485209,-8.327157500417057,-0.7168280789318482,9.419146520886795,-8.995496999551909,0.36357097962036355,0.281545692877293,-0.08202528674307058,-22.56101046038394,-25.429597541014893,2007.5480686890212,93.11225564864324,-1914.435813040378,-95.36189159797065,-182.2699073105974,0.050466168620256095,27.607460657691643,27.556994489071386,54604.887278901864,199.27013808464852
76a8936a-1587-42ba-9e7f-854d230d8e7b,frame_thinning_2x,2743457384,True,2.835610431986055,2.342320884931559,-0.4932895470544958,-17.396238266375576,-19.053537672189425,19.72223596697984,14.985932959202621,-4.73630300777722,-24.01504076772545,-27.292151411677274,39.73688205638637,19.296823457253602,-20.44005859913277,-51.43850634815399,-69.2487738023154,0.1,0.20833333333333331,0.10833333333333331,108.3333333333333,70.27027027027025,-5.193911188676979,-4.042670322843948,1.1512408658330306,-22.165201213736594,24.927855925854615,0.9122508829917344,0.9841258548824237,0.07187497189068925,7.878860216059719,7.580241884981276,113.66184890220845,33.308757046760405,-80.35309185544804,-70.69486607118422,-109.34579923192022,0.04490942851187641,0.09573990313686558,0.050830474624989165,113.18441652301792,72.27972437428046
76a8936a-1587-42ba-9e7f-854d230d8e7b,frame_thinning_3x,2743457384,True,2.835610431986055,6.891133314466282,4.055522882480227,143.02115822164433,83.38911743119397,19.72223596697984,22.177305883630755,2.4550699166509133,12.448233155517151,11.718838957257647,39.73688205638637,26.178195688423003,-13.558686367963368,-34.12116317713021,-41.13986308400001,0.1,0.6458333333333333,0.5458333333333333,545.8333333333333,146.3687150837989,-5.193911188676979,-3.4110674456400507,1.7828437430369282,-34.32564936658194,41.43749377661136,0.9122508829917344,0.17204680645525403,-0.7402040765364803,-81.1404066948091,-136.53152335204143,113.66184890220845,28.977276249703063,-84.68457265250538,-74.50571451232126,-118.7396130792527,0.04490942851187641,2.1620048445470945,2.1170954160352182,4714.144637746496,191.86023144439986
76a8936a-1587-42ba-9e7f-854d230d8e7b,landmark_dropout_5pct,2743457384,True,2.835610431986055,29.186926449613924,26.35131601762787,929.2995864446539,164.57981524111685,19.72223596697984,25.78589883749805,6.063662870518208,30.745311437660305,26.64869872856911,39.73688205638637,765.6577201777052,725.9208381213189,1826.818815555891,180.2646394966344,0.1,0.16417910447761197,0.06417910447761196,64.17910447761196,48.58757062146894,-5.193911188676979,-7.015147881120399,-1.8212366924434198,35.064840854688065,-29.834185943923774,0.9122508829917344,0.18600135943161322,-0.7262495235601212,-79.610723004003,-132.2555047932551,113.66184890220845,74.0716482107038,-39.59020069150465,-34.83156492163609,-42.1770236003148,0.04490942851187641,1.024043287764689,0.9791338592528126,2180.241191432392,183.19498034737873
76a8936a-1587-42ba-9e7f-854d230d8e7b,landmark_dropout_10pct,2743457384,True,2.835610431986055,54.06635542340786,51.23074499142181,1806.6919353072035,180.0666961897784,19.72223596697984,16.956234496742947,-2.766001470236894,-14.024786413000538,-15.082425386154721,39.73688205638637,1500.1079789685652,1460.371096912179,3675.1023767791394,189.67769206829402,0.1,1.5000000000000004,1.4000000000000004,1400.0000000000005,174.99999999999997,-5.193911188676979,-8.589567436964376,-3.3956562482873975,65.37763402058397,-49.27139716341956,0.9122508829917344,0.1250859785699609,-0.7871649044217734,-86.28820416597017,-151.76649622509476,113.66184890220845,105.35756331381268,-8.304285588395771,-7.306132768912242,-7.5831502827750885,0.04490942851187641,1.025736589971606,0.9808271614597296,2184.0116740749604,183.22155867146884
76a8936a-1587-42ba-9e7f-854d230d8e7b,landmark_dropout_20pct,2743457384,True,2.835610431986055,29.683590496879503,26.84798006489345,946.8148290768273,165.12078586200394,19.72223596697984,22.655232536089287,2.932996569109445,14.87152153548941,13.842245290782422,39.73688205638637,868.61804607991,828.8811640235236,2085.924010966303,182.50160556164278,0.1,0.054054054054054064,-0.04594594594594594,-45.94594594594594,-59.649122807017534,-5.193911188676979,-8.378192139102508,-3.1842809504255287,61.30795916124715,-46.923912580416584,0.9122508829917344,0.062149403778787665,-0.8501014792129468,-93.18724651984242,-174.48711597375618,113.66184890220845,85.40338023815339,-28.25846866405506,-24.86187664285478,-28.39116483183497,0.04490942851187641,19.961816151183402,19.916906722671527,44349.05404642246,199.1021133701668
76a8936a-1587-42ba-9e7f-854d230d8e7b,jitter_sigma_0p004,2743457384,True,2.835610431986055,2.79370741385101,-0.041903018135045045,-1.477742417025045,-1.4887423052877617,19.72223596697984,19.63101759796821,-0.0912183690116315,-0.4625153515268492,-0.46358743304965117,39.73688205638637,47.79437311951282,8.057491063126449,20.277109441281585,18.410546145909706,0.1,2.0555555555555562,1.9555555555555562,1955.555555555556,181.44329896907217,-5.193911188676979,-5.466436485391491,-0.2725252967145124,5.2470149529825045,-5.112878210856785,0.9122508829917344,0.8257775121535067,-0.0864733708382277,-9.47912163752997,-9.950743161592754,113.66184890220845,91.17649316780144,-22.48535573440701,-19.78267637873179,-21.95424499845047,0.04490942851187641,1.3516984956734488,1.3067890671615723,2909.8323235531457,187.13757018439566
76a8936a-1587-42ba-9e7f-854d230d8e7b,jitter_sigma_0p008,2743457384,True,2.835610431986055,2.7082655243635743,-0.12734490762248063,-4.490916882869858,-4.594074926103903,19.72223596697984,17.934038799516614,-1.7881971674632275,-9.06690889642095,-9.497472485272082,39.73688205638637,53.929360447339256,14.192478390952886,35.716134876445146,30.304361553498577,0.1,3.5833333333333344,3.4833333333333343,3483.3333333333344,189.14027149321265,-5.193911188676979,-5.694591438943374,-0.5006802502663952,9.639753782427134,-9.19649408902824,0.9122508829917344,0.7412343458035581,-0.17101653718817633,-18.746656251767735,-20.685583906035465,113.66184890220845,94.5929300835976,-19.068918818610854,-16.77688600245913,-18.31306720688559,0.04490942851187641,2.3269690223196084,2.282059593807732,5081.471017170115,192.42635245560194
76a8936a-1587-42ba-9e7f-854d230d8e7b,scale_minus_10pct,2743457384,True,2.835610431986055,2.55204938878745,-0.28356104319860487,-9.999999999999979,-10.526315789473658,19.72223596697984,19.72223596697984,0.0,0.0,0.0,39.73688205638637,35.763193850747754,-3.9736882056386165,-9.999999999999948,-10.526315789473626,0.1,0.1,0.0,0.0,0.0,-5.193911188676979,-5.102396207555629,0.09151498112134959,-1.761966614309029,1.77762721332183,0.9122508829917344,0.9122508829917365,2.1094237467877974e-15,2.312328533867706e-13,2.312328533867703e-13,113.66184890220845,126.2909432246588,12.629094322450356,11.111111111095935,10.526315789460064,0.04490942851187641,0.04041848566068878,-0.004490942851187632,-9.99999999999998,-10.526315789473662
76a8936a-1587-42ba-9e7f-854d230d8e7b,scale_minus_5pct,2743457384,True,2.835610431986055,2.6938299103867496,-0.14178052159930532,-5.0000000000000915,-5.128205128205224,19.72223596697984,19.72223596697984,0.0,0.0,0.0,39.73688205638637,37.750037953567016,-1.9868441028193544,-5.000000000000091,-5.128205128205223,0.1,0.1,0.0,0.0,0.0,-5.193911188676979,-5.149358399254674,0.044552789422304784,-0.8577888185580146,0.8614836738721033,0.9122508829917344,0.9122508829917361,1.6653345369377348e-15,1.8255225267376626e-13,1.8255225267376609e-13,113.66184890220845,119.64405147599683,5.982202573788385,5.263157894726231,5.128205128195055,0.04490942851187641,0.042663957086282595,-0.002245471425593816,-4.99999999999999,-5.128205128205118
76a8936a-1587-42ba-9e7f-854d230d8e7b,scale_plus_5pct,2743457384,True,2.835610431986055,2.977390953585355,0.1417805215993,4.999999999999903,4.878048780487712,19.72223596697984,19.72223596697984,0.0,0.0,0.0,39.73688205638637,41.723726159205654,1.9868441028192834,4.999999999999911,4.87804878048772,0.1,0.1,0.0,0.0,0.0,-5.193911188676979,-5.2362897868168545,-0.042378598139875656,0.8159284323587088,-0.8126132610377468,0.9122508829917344,0.9122508829917363,1.887379141862766e-15,2.0689255303026843e-13,2.0689255303026823e-13,113.66184890220845,108.24937990684911,-5.412468995359333,-4.761904761918903,-4.878048780502645,0.04490942851187641,0.04715489993747024,0.00224547142559383,5.000000000000021,4.878048780487825
76a8936a-1587-42ba-9e7f-854d230d8e7b,scale_plus_10pct,2743457384,True,2.835610431986055,3.119171475184659,0.283561043198604,9.999999999999947,9.523809523809476,19.72223596697984,19.72223596697984,0.0,0.0,0.0,39.73688205638637,43.71057026202499,3.9736882056386165,9.999999999999948,9.523809523809476,0.1,0.1,0.0,0.0,0.0,-5.193911188676979,-5.276696558993428,-0.08278537031644895,1.593892681432939,-1.5812906435133676,0.9122508829917344,0.9122508829917345,1.1102230246251565e-16,1.2170150178251086e-14,1.2170150178251084e-14,113.66184890220845,103.3289535474393,-10.33289535476915,-9.090909090929262,-9.523809523831662,0.04490942851187641,0.04940037136306406,0.004490942851187653,10.000000000000027,9.523809523809547
76a8936a-1587-42ba-9e7f-854d230d8e7b,combined_degradation,2743457384,True,2.835610431986055,2.3860481059753114,-0.44956232601074353,-15.854163919684522,-17.219139196576464,19.72223596697984,18.008482450416484,-1.713753516563358,-8.6894483943536,-9.084128733542512,39.73688205638637,19.889487330585112,-19.84739472580126,-49.94703584855485,-66.57254141030417,0.1,0.16,0.06,60.0,46.15384615384615,-5.193911188676979,-4.150925627397637,1.042985561279342,-20.080927905604348,22.32217815693132,0.9122508829917344,0.9579054414241333,0.04565455843239885,5.004605562306977,4.882432322512802,113.66184890220845,54.298443685756865,-59.36340521645158,-52.22808338048964,-70.68742772683773,0.04490942851187641,0.2531138281200306,0.20820439960815418,463.60955039339683,139.7235920183978
773e4afa-dd28-40a5-95b6-f411898f3712,frame_thinning_2x,571695481,True,6.877633186862019,2.289136697156507,-4.588496489705512,-66.71621421262587,-100.11152342124703,0.5128255297334179,0.09655460347170745,-0.4162709262617104,-81.17203651661035,-136.62110186371572,196.36251942719247,48.475359659638656,-147.8871597675538,-75.31333382712458,-120.80415033746146,0.04347826086956522,0.09999999999999999,0.05652173913043477,129.99999999999997,78.78787878787877,-6.887626432989214,-5.181463081981358,1.7061633510078567,-24.77142695829085,28.273273620044353,0.7042114327557579,0.16310792287529716,-0.5411035098804607,-76.83821714779401,-124.77607155135097,437.8906235499195,27.65194550682957,-410.2386780430899,-93.68519351187312,-176.24110245139894,0.08961569387269204,0.08624486427781723,-0.003370829594874808,-3.7614277691844964,-3.8335254139133372
773e4afa-dd28-40a5-95b6-f411898f3712,frame_thinning_3x,571695481,True,6.877633186862019,0.6455523197715188,-6.2320808670905,-90.61374309690311,-165.67665017951208,0.5128255297334179,0.03506292422656987,-0.477762605506848,-93.16279666404348,-174.40141403006788,196.36251942719247,3.380469902413441,-192.98204952477903,-98.27845460922249,-193.23036084768881,0.04347826086956522,1.3333333333333333,1.289855072463768,2966.666666666666,187.3684210526316,-6.887626432989214,-3.450364340939338,3.437262092049876,-49.90488560161519,66.49768155565258,0.7042114327557579,0.22802790958958719,-0.47618352316617074,-67.61939681989311,-102.15907043102888,437.8906235499195,15.050986289246454,-422.83963726067304,-96.56284344085056,-186.7082326178062,0.08961569387269204,0.6455523197715188,0.5559366258988268,620.3563258558146,151.24070024294494
773e4afa-dd28-40a5-95b6-f411898f3712,landmark_dropout_5pct,571695481,True,6.877633186862019,6.906784613092775,0.029151426230756172,0.42385840359213417,0.42296202355172047,0.5128255297334179,0.5132843271558436,0.0004587974224257163,0.0894646221423908,0.08942462044300001,196.36251942719247,197.387213594543,1.0246941673505319,0.5218379608999003,0.5204799299731678,0.04347826086956522,0.8461538461538461,0.802675585284281,1846.153846153846,180.4511278195489,-6.887626432989214,-6.972501408092723,-0.08487497510350828,1.2322819178605295,-1.2247358188419544,0.7042114327557579,0.661655449709133,-0.04255598304662489,-6.043069036822157,-6.231351472528111,437.8906235499195,422.9659675312845,-14.924656018635005,-3.408306827317483,-3.467396584578667,0.08961569387269204,0.6715518316067772,0.5819361377340851,649.3685565396424,152.90619167377537
773e4afa-dd28-40a5-95b6-f411898f3712,landmark_dropout_10pct,571695481,True,6.877633186862019,6.9025296023429155,0.024896415480896827,0.36199103389891657,0.36133703007340545,0.5128255297334179,0.5133755457446538,0.0005500160112359431,0.10725207294610664,0.10719458873685347,196.36251942719247,197.23540887370189,0.8728894465094186,0.4445295614742148,0.4435437199974892,0.04347826086956522,0.2,0.1565217391304348,359.99999999999994,128.57142857142858,-6.887626432989214,-6.9745454199926336,-0.08691898700341927,1.2619584968648863,-1.2540457285518705,0.7042114327557579,0.6730997359145384,-0.031111696841219505,-4.417948274351574,-4.517744072496821,437.8906235499195,693.2304600422619,255.33983649234244,58.31132770606898,45.148099561797856,0.08961569387269204,0.08962791392480633,1.2220052114292335e-05,0.013636062598200856,0.013635132950568611
773e4afa-dd28-40a5-95b6-f411898f3712,landmark_dropout_20pct,571695481,True,6.877633186862019,6.8913118411864485,0.013678654324429829,0.19888606956473695,0.1986884877028021,0.5128255297334179,0.5563257276989138,0.04350019796549587,8.48245561957662,8.137332797973924,196.36251942719247,189.47382284700424,-6.888696580188224,-3.5081524724184563,-3.570786795035878,0.04347826086956522,0.04166666666666667,-0.0018115942028985518,-4.166666666666669,-4.255319148936172,-6.887626432989214,-7.193356279554394,-0.3057298465651801,4.438827360044468,-4.342450421344955,0.7042114327557579,0.6521228176201941,-0.05208861513556384,-7.39672954921051,-7.6807933031442355,437.8906235499195,34.58894031217607,-403.3016832377434,-92.10100914429995,-170.71709089007567,0.08961569387269204,0.0,-0.08961569387269204,-100.0,-200.0
773e4afa-dd28-40a5-95b6-f411898f3712,jitter_sigma_0p004,571695481,True,6.877633186862019,1.3507186943934923,-5.526914492468526,-80.3607046538379,-134.33831154107642,0.5128255297334179,1.4669016075750885,0.9540760778416706,186.043015123999,96.38460370238327,196.36251942719247,41.336086118196526,-155.02643330899593,-78.94909566307375,-130.43949749161936,0.04347826086956522,2.0000000000000004,1.9565217391304353,4500.000000000001,191.48936170212764,-6.887626432989214,-6.765468945084067,0.12215748790514702,-1.773578882270056,1.7894475138777772,0.7042114327557579,0.5579367591544045,-0.14627467360135338,-20.771414208506027,-23.17868449028606,437.8906235499195,101.97489283481292,-335.9157307151066,-76.71224562697498,-124.4442256525671,0.08961569387269204,1.3507186943934923,1.2611030005208004,1407.2345434409312,175.11253092260952
773e4afa-dd28-40a5-95b6-f411898f3712,jitter_sigma_0p008,571695481,True,6.877633186862019,3.0074463934739715,-3.870186793388047,-56.27207337519921,-78.30360417303794,0.5128255297334179,2.975810536645734,2.4629850069123163,480.277377803841,141.20045542432536,196.36251942719247,106.93467060812162,-89.42784881907085,-45.54221909554843,-58.97044335205242,0.04347826086956522,1.333333333333333,1.2898550724637678,2966.6666666666656,187.3684210526316,-6.887626432989214,-7.392010241495583,-0.5043838085063683,7.323042464825824,-7.064378737417229,0.7042114327557579,0.5673826457796382,-0.13682878697611978,-19.430071795437065,-21.520827956940035,437.8906235499195,73.89223796185773,-363.99838558806175,-83.12541214908337,-142.24719620849802,0.08961569387269204,1.7267154776055031,1.6370997837328112,1826.800321446457,180.26445941578822
773e4afa-dd28-40a5-95b6-f411898f3712,scale_minus_10pct,571695481,True,6.877633186862019,6.189869868175816,-0.6877633186862022,-10.000000000000005,-10.526315789473689,0.5128255297334179,0.5128255297334179,0.0,0.0,0.0,196.36251942719247,176.72626748447317,-19.636251942719298,-10.000000000000025,-10.526315789473713,0.04347826086956522,0.04347826086956522,0.0,0.0,0.0,-6.887626432989214,-6.796111451867863,0.09151498112135137,-1.3286867691172686,1.3375728458322076,0.7042114327557579,0.7042114327557605,2.55351295663786e-15,3.6260600692682824e-13,3.6260600692682764e-13,437.8906235499195,486.54513727748156,48.65451372756206,11.111111111063892,10.526315789431305,0.08961569387269204,0.08065412448542283,-0.008961569387269205,-10.000000000000002,-10.526315789473685
773e4afa-dd28-40a5-95b6-f411898f3712,scale_minus_5pct,571695481,True,6.877633186862019,6.533751527518915,-0.34388165934310333,-5.000000000000035,-5.128205128205166,0.5128255297334179,0.5128255297334179,0.0,0.0,0.0,196.36251942719247,186.54439345583276,-9.818125971359706,-5.000000000000042,-5.128205128205172,0.04347826086956522,0.04347826086956522,0.0,0.0,0.0,-6.887626432989214,-6.8430736435669095,0.044552789422304784,-0.6468525820290311,0.6489514616720014,0.7042114327557579,0.704211432755759,1.1102230246251565e-15,1.5765478562036012e-13,1.5765478562036e-13,437.8906235499195,460.93749847368935,23.04687492376985,5.263157894757367,5.1282051282246135,0.08961569387269204,0.08513490917905744,-0.004480784693634596,-4.999999999999993,-5.128205128205121
773e4afa-dd28-40a5-95b6-f411898f3712,scale_plus_5pct,571695481,True,6.877633186862019,7.221514846205118,0.3438816593430998,4.999999999999983,4.878048780487789,0.5128255297334179,0.5128255297334179,0.0,0.0,0.0,196.36251942719247,206.180645398552,9.818125971359535,4.999999999999956,4.878048780487762,0.04347826086956522,0.04347826086956522,0.0,0.0,0.0,-6.887626432989214,-6.93000503112909,-0.042378598139875656,0.6152859559411883,-0.6133988773680151,0.7042114327557579,0.704211432755761,3.1086244689504383e-15,4.4143339973700833e-13,4.414333997370073e-13,437.8906235499195,417.0386890949109,-20.851934455008575,-4.7619047619619685,-4.878048780547838,0.08961569387269204,0.09409647856632666,0.0044807846936346235,5.000000000000024,4.878048780487827
773e4afa-dd28-40a5-95b6-f411898f3712,scale_plus_10pct,571695481,True,6.877633186862019,7.565396505548217,0.6877633186861987,9.999999999999954,9.523809523809481,0.5128255297334179,0.5128255297334179,0.0,0.0,0.0,196.36251942719247,215.99877136991157,19.6362519427191,9.999999999999924,9.523809523809456,0.04347826086956522,0.04347826086956522,0.0,0.0,0.0,-6.887626432989214,-6.970411803305663,-0.08278537031644895,1.201943385313949,-1.1947631967074535,0.7042114327557579,0.7042114327557617,3.774758283725532e-15,5.360262711092244e-13,5.36026271109223e-13,437.8906235499195,398.08238504529305,-39.808238504626445,-9.090909090929259,-9.523809523831655,0.08961569387269204,0.09857726325996127,0.008961569387269233,10.000000000000032,9.523809523809552
773e4afa-dd28-40a5-95b6-f411898f3712,combined_degradation,571695481,True,6.877633186862019,1.6905046040452594,-5.18712858281676,-75.42025638595351,-121.07948563389049,0.5128255297334179,1.1747364833135394,0.6619109535801215,129.0713732454394,78.44582284535028,196.36251942719247,20.79495808267981,-175.56756134451265,-89.40991481299963,-161.69607729628478,0.04347826086956522,0.1111111111111111,0.06763285024154589,155.55555555555551,87.5,-6.887626432989214,-5.479896146509123,1.4077302864800911,-20.438540042438675,22.764951952684328,0.7042114327557579,0.3918422164891972,-0.3123692162665607,-44.357305453588104,-56.99889170238051,437.8906235499195,79.59393328148884,-358.29669026843067,-81.82333007356229,-138.47628321985286,0.08961569387269204,0.0,-0.08961569387269204,-100.0,-200.0
7a0c087a-b6c7-42ea-bc67-63453d4cac7f,frame_thinning_2x,421028328,True,5.116773352046713,5.177842862065971,0.061069510019257756,1.1935160269475276,1.1864358757840587,4.9533053997056715,6.460788978355241,1.5074835786495697,30.43389125045965,26.41442288311741,24.658143452467673,15.592776608196857,-9.065366844270816,-36.76419054721492,-45.04427143830684,0.6363636363636365,0.0851063829787234,-0.551257253384913,-86.62613981762918,-152.81501340482575,-5.239138252201684,-4.555275859528334,0.6838623926733503,-13.052955653269226,13.964334872350166,0.9187040909662586,0.8219101202972705,-0.0967939706689881,-10.535924637843271,-11.121817809211656,1466.804242298206,1967.160199990859,500.35595769265296,34.11197917649116,29.14159223845183,0.03370939543746353,0.019140547673218957,-0.01456884776424457,-43.218952980845295,-55.13287964656215
7a0c087a-b6c7-42ea-bc67-63453d4cac7f,frame_thinning_3x,421028328,True,5.116773352046713,4.824067272912855,-0.2927060791338576,-5.720520706995454,-5.888960303798213,4.9533053997056715,9.22493550551425,4.271630105808578,86.23797163935018,60.25613663026302,24.658143452467673,17.10007011228484,-7.558073340182833,-30.651429028921704,-36.19921780639817,0.6363636363636365,1.1176470588235294,0.481283422459893,75.63025210084031,54.87804878048779,-5.239138252201684,-3.6740439217897984,1.5650943304118856,-29.873125217762176,35.11864337248272,0.9187040909662586,0.7407834985863483,-0.17792059237991031,-19.366474377269842,-21.442834944957582,1466.804242298206,2958.9005996003652,1492.0963573021593,101.72430064453081,67.42864292152248,0.03370939543746353,0.01854161807843486,-0.015167777359028668,-44.99569678479517,-58.05735176567849
7a0c087a-b6c7-42ea-bc67-63453d4cac7f,landmark_dropout_5pct,421028328,True,5.116773352046713,25.005514704804025,19.88874135275731,388.69693817494965,132.0533242044606,4.9533053997056715,3.7636596868533374,-1.1896457128523341,-24.017209052424338,-27.294951879219756,24.658143452467673,707.2109098424833,682.5527663900156,2768.062274054573,186.52319381919258,0.6363636363636365,1.2564102564102564,0.6200466200466199,97.4358974358974,65.51724137931033,-5.239138252201684,-7.919497071242457,-2.680358819040773,51.16029946173657,-40.739161062778294,0.9187040909662586,0.4558572552416282,-0.4628468357246304,-50.380404340839,-67.3446604622665,1466.804242298206,1180.6327558134494,-286.17148648475654,-19.509862204678363,-21.618757061178407,0.03370939543746353,0.033883845443619554,0.00017445000615602668,0.5175115242860411,0.5161758894293497
7a0c087a-b6c7-42ea-bc67-63453d4cac7f,landmark_dropout_10pct,421028328,True,5.116773352046713,8.897851765487014,3.7810784134403006,73.89575721441456,53.95903753015535,4.9533053997056715,2.0180157426120577,-2.935289657093614,-59.25921016838635,-84.21042718217767,24.658143452467673,490.8250623223141,466.1669188698464,1890.519129181214,180.8659966600417,0.6363636363636365,1.7500000000000004,1.113636363636364,175.00000000000003,93.33333333333336,-5.239138252201684,-7.0850319167184495,-1.8458936645167654,35.23277256027842,-29.955666616351273,0.9187040909662586,0.7649287214187552,-0.15377536954750337,-16.73829158480923,-18.26709106835083,1466.804242298206,1356.6872368567222,-110.1170054414838,-7.5072734497243605,-7.800059341736838,0.03370939543746353,0.03415274922168229,0.00044335378421875987,1.315223184709005,1.3066306302154538
7a0c087a-b6c7-42ea-bc67-63453d4cac7f,landmark_dropout_20pct,421028328,True,5.116773352046713,2.1953272824878334,-2.9214460695588795,-57.09547538177158,-79.90716253988879,4.9533053997056715,1.4298574731727138,-3.523447926532958,-71.13326641927476,-110.39818336780479,24.658143452467673,77.70560488055575,53.047461428088084,215.13161171417931,103.64501552933953,0.6363636363636365,0.20338983050847462,-0.4329738058551619,-68.03874092009686,-103.11926605504588,-5.239138252201684,-6.204265641146475,-0.9651273889447909,18.421491140059302,-16.867837540992532,0.9187040909662586,0.4812507562665075,-0.4374533346997511,-47.61634774475142,-62.495349127073254,1466.804242298206,1372.83561086329,-93.968631434916,-6.406351217507038,-6.618348543763154,0.03370939543746353,0.552638955249163,0.5189295598116994,1539.4211408341603,177.00384394499338
7a0c087a-b6c7-42ea-bc67-63453d4cac7f,jitter_sigma_0p004,421028328,True,5.116773352046713,3.457184534399236,-1.6595888176474771,-32.43428433240336,-38.71231558697111,4.9533053997056715,4.709089738441436,-0.24421566126423588,-4.9303574392717096,-5.054971521503465,24.658143452467673,72.97068965985133,48.31254620738366,195.9293744093648,98.97188088236504,0.6363636363636365,0.05405405405405405,-0.5823095823095824,-91.5057915057915,-168.68327402135233,-5.239138252201684,-6.762074566095075,-1.522936313893391,29.06845058447151,-25.379706817156993,0.9187040909662586,0.35048133582687746,-0.5682227551393811,-61.85046531595888,-89.54132991821619,1466.804242298206,139.49593877944335,-1327.3083035187626,-90.48980533619951,-165.26279697338836,0.03370939543746353,0.6352745884526058,0.6015651930151422,1784.562390420631,179.84442303599135
7a0c087a-b6c7-42ea-bc67-63453d4cac7f,jitter_sigma_0p008,421028328,True,5.116773352046713,4.527753663458453,-0.5890196885882597,-11.511545422520062,-12.21458942758548,4.9533053997056715,6.801314711255914,1.8480093115502427,37.30860834181661,31.44311418157888,24.658143452467673,236.39988360662775,211.74174015416008,858.7091747694816,162.2181417208277,0.6363636363636365,0.09859154929577467,-0.5377720870678618,-84.50704225352113,-146.34146341463415,-5.239138252201684,-7.5935630502532,-2.3544247980515163,44.939161455838615,-36.694141670719276,0.9187040909662586,0.19250050282784215,-0.7262035881384165,-79.04651729313872,-130.70564902163775,1466.804242298206,72.26993626211072,-1394.5343060360951,-95.07296650922706,-181.21729614625497,0.03370939543746353,2.10353421731626,2.0698248218787962,6140.201552171595,193.69105230001722
7a0c087a-b6c7-42ea-bc67-63453d4cac7f,scale_minus_10pct,421028328,True,5.116773352046713,4.605096016842043,-0.51167733520467,-9.999999999999973,-10.526315789473655,4.9533053997056715,4.9533053997056715,0.0,0.0,0.0,24.658143452467673,22.192329107220953,-2.46581434524672,-9.999999999999808,-10.526315789473472,0.6363636363636365,0.6363636363636365,0.0,0.0,0.0,-5.239138252201684,-5.147623271080335,0.0915149811213487,-1.746756369387478,1.7621465731396078,0.9187040909662586,0.9187040909662584,-2.220446049250313e-16,-2.4169327981493267e-14,-2.416932798149327e-14,1466.804242298206,1629.7824914460007,162.9782491477947,11.111111111353107,10.526315789690877,0.03370939543746353,0.030338455893717177,-0.00337093954374635,-9.999999999999993,-10.526315789473673
7a0c087a-b6c7-42ea-bc67-63453d4cac7f,scale_minus_5pct,421028328,True,5.116773352046713,4.860934684444377,-0.25583866760233587,-5.000000000000004,-5.128205128205132,4.9533053997056715,4.9533053997056715,0.0,0.0,0.0,24.658143452467673,23.425236279844285,-1.2329071726233884,-5.0000000000000195,-5.128205128205149,0.6363636363636365,0.6363636363636365,0.0,0.0,0.0,-5.239138252201684,-5.194585462779379,0.044552789422304784,-0.8503839234168331,0.8540151270889895,0.9187040909662586,0.9187040909662599,1.3322676295501878e-15,1.4501596788895963e-13,1.450159678889595e-13,1466.804242298206,1544.0044655862,77.20022328799405,5.263157895360041,5.128205128796778,0.03370939543746353,0.03202392566559035,-0.0016854697718731784,-5.000000000000006,-5.128205128205134
7a0c087a-b6c7-42ea-bc67-63453d4cac7f,scale_plus_5pct,421028328,True,5.116773352046713,5.372612019649048,0.255838667602335,4.999999999999987,4.878048780487792,4.9533053997056715,4.9533053997056715,0.0,0.0,0.0,24.658143452467673,25.891050625091005,1.2329071726233316,4.999999999999789,4.878048780487604,0.6363636363636365,0.6363636363636365,0.0,0.0,0.0,-5.239138252201684,-5.28151685034156,-0.042378598139875656,0.8088848986198555,-0.8056266026557819,0.9187040909662586,0.9187040909662594,7.771561172376096e-16,8.459264793522644e-14,8.45926479352264e-14,1466.804242298206,1396.9564212369778,-69.84782106122816,-4.761904761864458,-4.8780487804455115,0.03370939543746353,0.035394865209336705,0.0016854697718731784,5.000000000000006,4.878048780487811
7a0c087a-b6c7-42ea-bc67-63453d4cac7f,scale_plus_10pct,421028328,True,5.116773352046713,5.6284506872513855,0.5116773352046726,10.000000000000025,9.523809523809549,4.9533053997056715,4.9533053997056715,0.0,0.0,0.0,24.658143452467673,27.1239577977145,2.4658143452468266,10.00000000000024,9.523809523809742,0.6363636363636365,0.6363636363636365,0.0,0.0,0.0,-5.239138252201684,-5.321923622518135,-0.08278537031645072,1.5801333412352916,-1.5677470939662872,0.9187040909662586,0.9187040909662574,-1.2212453270876722e-15,-1.3293130389821297e-13,-1.3293130389821305e-13,1466.804242298206,1333.4584020918023,-133.34584020640364,-9.090909090737004,-9.523809523620658,0.03370939543746353,0.037080334981209884,0.003370939543746357,10.000000000000012,9.523809523809534
7a0c087a-b6c7-42ea-bc67-63453d4cac7f,combined_degradation,421028328,True,5.116773352046713,0.6428046940874812,-4.473968657959231,-87.43730374865325,-155.35751480829887,4.9533053997056715,0.5063960226660733,-4.446909377039598,-89.77660406935209,-162.89936144925008,24.658143452467673,19.264875946677755,-5.393267505789918,-21.87215560727945,-24.557817652649124,0.6363636363636365,1.0,0.36363636363636354,57.14285714285712,44.44444444444443,-5.239138252201684,-5.5229067880464395,-0.2837685358447555,5.416320818132738,-5.273505821310205,0.9187040909662586,1.0,0.0812959090337414,8.848976491248385,8.474043435514938,1466.804242298206,0.0,-1466.804242298206,-100.0,-200.00000000000003,0.03370939543746353,0.0,-0.03370939543746353,-100.0,-200.0
7f7bf52f-1a8f-4c38-8d68-41b634af50ab,frame_thinning_2x,3352070036,True,3.0953057840230116,8.291183563359544,5.1958777793365325,167.86314961694603,91.26391147998436,1.9735955979429325,3.7001301828217694,1.726534584878837,87.4816799692092,60.86069900424886,58.688069037030154,109.25664565747533,50.56857662044518,86.16500329656127,60.22050376807671,1.0,0.14285714285714285,-0.8571428571428572,-85.71428571428572,-150.00000000000003,-6.519173233426184,-6.2030824241246565,0.3160908093015271,-4.848633377018024,4.9691001000113175,0.8355202933475802,0.7719607014031457,-0.0635595919444345,-7.6071870965309305,-7.907974296677861,171.89038021246296,30.784119852200202,-141.10626036026275,-82.09084195744411,-139.24421702310147,0.28143380650042665,0.20460934795515068,-0.07682445854527598,-27.29752317270367,-31.612196506019288
7f7bf52f-1a8f-4c38-8d68-41b634af50ab,frame_thinning_3x,3352070036,True,3.0953057840230116,38.67994554361812,35.584639759595106,1149.6324512838682,170.3623012606513,1.9735955979429325,46.764523962787756,44.790928364844824,2269.5089313905114,183.80244772895915,58.688069037030154,540.5631345462143,481.87506550918414,821.0784123858932,160.82573138870464,1.0,0.16666666666666666,-0.8333333333333334,-83.33333333333334,-142.85714285714286,-6.519173233426184,-6.966841181082107,-0.44766794765592355,6.866943577454982,-6.638995538582862,0.8355202933475802,0.9105930458224886,0.07507275247490841,8.98515010019964,8.598840727096288,171.89038021246296,6.786620537292784,-165.10375967517018,-96.05177408479506,-184.8069521901194,0.28143380650042665,0.3097290450603031,0.028295238559876423,10.053958659665689,9.572739046499331
7f7bf52f-1a8f-4c38-8d68-41b634af50ab,landmark_dropout_5pct,3352070036,True,3.0953057840230116,3.0953057840230116,0.0,0.0,0.0,1.9735955979429325,1.9735955979429325,0.0,0.0,0.0,58.688069037030154,58.688069037030154,0.0,0.0,0.0,1.0,1.0,0.0,0.0,0.0,-6.519173233426184,-6.519173233426184,0.0,-0.0,0.0,0.8355202933475802,0.8355202933475802,0.0,0.0,0.0,171.89038021246296,171.89038021246296,0.0,0.0,0.0,0.28143380650042665,0.28143380650042665,0.0,0.0,0.0
7f7bf52f-1a8f-4c38-8d68-41b634af50ab,landmark_dropout_10pct,3352070036,True,3.0953057840230116,3.0953057840230116,0.0,0.0,0.0,1.9735955979429325,1.9735955979429325,0.0,0.0,0.0,58.688069037030154,58.688069037030154,0.0,0.0,0.0,1.0,1.0,0.0,0.0,0.0,-6.519173233426184,-6.519173233426184,0.0,-0.0,0.0,0.8355202933475802,0.8355202933475802,0.0,0.0,0.0,171.89038021246296,171.89038021246296,0.0,0.0,0.0,0.28143380650042665,0.28143380650042665,0.0,0.0,0.0
7f7bf52f-1a8f-4c38-8d68-41b634af50ab,landmark_dropout_20pct,3352070036,True,3.0953057840230116,3.0953017492728683,-4.034750143322441e-06,-0.0001303506155724111,-0.00013035070052888135,1.9735955979429325,1.9746702536427,0.0010746556997676127,0.054451666840345615,0.054436845955346626,58.688069037030154,58.688069037030154,0.0,0.0,0.0,1.0,1.0,0.0,0.0,0.0,-6.519173233426184,-6.518623396570342,0.0005498368558418676,-0.008434150100854094,0.008434505790293404,0.8355202933475802,0.8350725574754835,-0.0004477358720966773,-0.0535876717371863,-0.05360203377813905,171.89038021246296,171.89078684112405,0.0004066286610964198,0.00023656277948411745,0.00023656249967470523,0.28143380650042665,0.28143380650042665,0.0,0.0,0.0
7f7bf52f-1a8f-4c38-8d68-41b634af50ab,jitter_sigma_0p004,3352070036,True,3.0953057840230116,3.2100470633202587,0.11474127929724709,3.7069448805189213,3.6394879739551063,1.9735955979429325,2.420643314572314,0.4470477166293816,22.65143462497266,20.346991846808486,58.688069037030154,71.90702195640539,13.218952919375234,22.52408902912537,20.244180418756617,1.0,1.0,0.0,0.0,0.0,-6.519173233426184,-6.666443662688107,-0.14727042926192357,2.2590353713384124,-2.2338041583071195,0.8355202933475802,0.7713250453758926,-0.06419524797168752,-7.683266161553543,-7.990221140098797,171.89038021246296,53.65308033268162,-118.23729987978135,-68.78645549194528,-104.8465777673169,0.28143380650042665,0.728529492013715,0.4470956855132883,158.86353209404163,88.537016378923
7f7bf52f-1a8f-4c38-8d68-41b634af50ab,jitter_sigma_0p008,3352070036,True,3.0953057840230116,7.051275928342263,3.9559701443192514,127.80547126357327,77.97641129718104,1.9735955979429325,4.280798780472607,2.307203182529675,116.90354320482169,73.77862804725055,58.688069037030154,284.43681424566586,225.7487452086357,384.65866898124733,131.58401282290234,1.0,12.99999999999999,11.99999999999999,1199.9999999999989,171.4285714285714,-6.519173233426184,-7.2770414591845345,-0.7578682257583509,11.62521992623978,-10.986611076214503,0.8355202933475802,0.4485951311172602,-0.38692516223032,-46.309487071830745,-60.26329952256004,171.89038021246296,51.5383779550311,-120.35200225743185,-70.01671769454012,-107.73188128916654,0.28143380650042665,3.2551414587945446,2.973707652294118,1056.6277339853307,168.16877511278375
7f7bf52f-1a8f-4c38-8d68-41b634af50ab,scale_minus_10pct,3352070036,True,3.0953057840230116,2.78577520562071,-0.3095305784023017,-10.000000000000018,-10.526315789473703,1.9735955979429325,1.9735955979429325,0.0,0.0,0.0,58.688069037030154,52.81926213332712,-5.868806903703032,-10.000000000000028,-10.526315789473717,1.0,1.0,0.0,0.0,0.0,-6.519173233426184,-6.427658252304833,0.09151498112135048,-1.4037820110703567,1.4137046770433541,0.8355202933475802,0.8355202933475862,5.995204332975845e-15,7.175414386352689e-13,7.175414386352663e-13,171.89038021246296,190.98931134718535,19.098931134722392,11.111111111113605,10.526315789475921,0.28143380650042665,0.25329042585038397,-0.028143380650042682,-10.000000000000005,-10.52631578947369
7f7bf52f-1a8f-4c38-8d68-41b634af50ab,scale_minus_5pct,3352070036,True,3.0953057840230116,2.94054049482186,-0.15476528920115173,-5.000000000000037,-5.128205128205167,1.9735955979429325,1.9735955979429325,0.0,0.0,0.0,58.688069037030154,55.75366558517862,-2.934403451851537,-5.000000000000051,-5.128205128205181,1.0,1.0,0.0,0.0,0.0,-6.519173233426184,-6.474620444003879,0.044552789422304784,-0.6834116509416616,0.6857549154361595,0.8355202933475802,0.8355202933475846,4.440892098500626e-15,5.315121767668658e-13,5.315121767668644e-13,171.89038021246296,180.93724232891347,9.046862116450512,5.263157894739805,5.1282051282079415,0.28143380650042665,0.2673621161754053,-0.014071690325021369,-5.000000000000012,-5.128205128205142
7f7bf52f-1a8f-4c38-8d68-41b634af50ab,scale_plus_5pct,3352070036,True,3.0953057840230116,3.250071073224162,0.1547652892011504,4.999999999999994,4.878048780487799,1.9735955979429325,1.9735955979429325,0.0,0.0,0.0,58.688069037030154,61.62247248888165,2.9344034518514945,4.999999999999978,4.8780487804877835,1.0,1.0,0.0,0.0,0.0,-6.519173233426184,-6.56155183156606,-0.042378598139876544,0.6500609298520552,-0.6479548790960186,0.8355202933475802,0.8355202933475855,5.329070518200751e-15,6.37814612120239e-13,6.37814612120237e-13,171.89038021246296,163.70512401188853,-8.185256200574429,-4.761904761893683,-4.878048780476178,0.28143380650042665,0.29550549682544797,0.014071690325021313,4.999999999999993,4.8780487804877986
7f7bf52f-1a8f-4c38-8d68-41b634af50ab,scale_plus_10pct,3352070036,True,3.0953057840230116,3.404836362425313,0.30953057840230125,10.000000000000004,9.523809523809527,1.9735955979429325,1.9735955979429325,0.0,0.0,0.0,58.688069037030154,64.55687594073316,5.86880690370301,9.999999999999991,9.523809523809517,1.0,1.0,0.0,0.0,0.0,-6.519173233426184,-6.601958603742634,-0.08278537031645072,1.2698752947993448,-1.2618632499666058,0.8355202933475802,0.8355202933475836,3.4416913763379853e-15,4.11921936994321e-13,4.119219369943202e-13,171.89038021246296,156.2639820113285,-15.626398201134464,-9.090909090909944,-9.523809523810462,0.28143380650042665,0.30957718715046934,0.028143380650042682,10.000000000000005,9.523809523809527
7f7bf52f-1a8f-4c38-8d68-41b634af50ab,combined_degradation,3352070036,True,3.0953057840230116,35.39181780702229,32.29651202299928,1043.4029552008608,167.83021961409256,1.9735955979429325,2.564601138931758,0.5910055409888253,29.945625213434152,26.045831648798536,58.688069037030154,392.09135286676633,333.40328382973615,568.09380390309,147.92302737407996,1.0,3.999999999999999,2.999999999999999,299.9999999999999,119.99999999999997,-6.519173233426184,-6.823595372617063,-0.304422139190879,4.669643347257525,-4.563103028752207,0.8355202933475802,0.9136876905493393,0.07816739720175914,9.355535445892652,8.937461745128363,171.89038021246296,38.85806511707256,-133.0323150953904,-77.39369412701134,-126.24749367652534,0.28143380650042665,6.495147603045812,6.2137137965453855,2207.8775374613588,183.387859483015
81085f86-e4f0-4e28-98d2-e8063faed5b4,frame_thinning_2x,1941918436,True,9.93807768580696,14.554734357993345,4.6166566721863855,46.45422201498437,37.69805332217839,10.065863735608483,14.89005488169488,4.824191146086397,47.92625126665073,38.66169961574975,78.78533909900568,81.21851320493703,2.433174105931343,3.088358993890592,3.041394405066316,0.5625,1.0526315789473681,0.49013157894736814,87.13450292397656,60.69246435845211,-4.150290593355286,-4.311651629778835,-0.16136103642354893,3.8879455015003477,-3.8138061491935904,0.8509213468773578,0.9245827880308402,0.07366144115348239,8.656668612651355,8.297524033340654,180.7378048694988,98.32988509873955,-82.40791977075925,-45.59528640411542,-59.05944882414612,0.118826802200331,0.10697590784221002,-0.011850894358120978,-9.973250258928509,-10.496680359494606
81085f86-e4f0-4e28-98d2-e8063faed5b4,frame_thinning_3x,1941918436,True,9.93807768580696,14.134960419665521,4.196882733858562,42.230327298128586,34.86791085919888,10.065863735608483,16.106905470024614,6.041041734416131,60.015135244138584,46.16280139830167,78.78533909900568,65.74872000948704,-13.036619089518638,-16.547011460008004,-18.039511475607085,0.5625,0.30000000000000004,-0.26249999999999996,-46.66666666666666,-60.86956521739129,-4.150290593355286,-3.9019018247255155,0.24838876862977033,-5.984852458944602,6.169469275772038,0.8509213468773578,0.9300838438874857,0.0791624970101279,9.30315090820462,8.88964248061871,180.7378048694988,43.891318472878616,-136.84648639662018,-75.71547441080729,-121.84215863055314,0.118826802200331,0.07617211374656305,-0.04265468845376795,-35.89652137726983,-43.74864162361242
81085f86-e4f0-4e28-98d2-e8063faed5b4,landmark_dropout_5pct,1941918436,True,9.93807768580696,7.883383207500545,-2.0546944783064145,-20.674968975547667,-23.058653727742538,10.065863735608483,5.9999573390963175,-4.065906396512165,-40.39302044323155,-50.61560660492883,78.78533909900568,171.96656970483127,93.18123060582559,118.27229744956647,74.3214526663653,0.5625,0.1044776119402985,-0.4580223880597015,-81.42620232172472,-137.34265734265736,-4.150290593355286,-6.706677914865661,-2.5563873215103747,61.59538143192218,-47.092101622560044,0.8509213468773578,0.5686808534787545,-0.28224049339860324,-33.168811011070126,-39.76332148933021,180.7378048694988,331.2024977603713,150.46469289087247,83.25026023167375,58.78212444612222,0.118826802200331,0.07028998083449169,-0.04853682136583931,-40.84669490979882,-51.32999894240171
81085f86-e4f0-4e28-98d2-e8063faed5b4,landmark_dropout_10pct,1941918436,True,9.93807768580696,7.88499213827832,-2.0530855475286396,-20.65877941828477,-23.038517694120166,10.065863735608483,5.999978009826931,-4.065885725781552,-40.392815088468595,-50.615284156359145,78.78533909900568,172.14940491030896,93.36406581130328,118.50436499864172,74.41302413494213,0.5625,0.1044776119402985,-0.4580223880597015,-81.42620232172472,-137.34265734265736,-4.150290593355286,-6.655352206800725,-2.505061613445439,60.35870397740588,-46.36580460367006,0.8509213468773578,0.5651890098580182,-0.28573233701933953,-33.57917133797347,-40.354529667878616,180.7378048694988,462.37922006081686,281.64141519131806,155.82872404291754,87.58636586298894,0.118826802200331,0.07028985266513102,-0.04853694953519998,-40.84680277213147,-51.330169275391704
81085f86-e4f0-4e28-98d2-e8063faed5b4,landmark_dropout_20pct,1941918436,True,9.93807768580696,7.9603796826724285,-1.977698003134531,-19.900206716626652,-22.09908890380034,10.065863735608483,6.000741519298783,-4.0651222163097,-40.38522995229045,-50.60337453760593,78.78533909900568,193.5430863736814,114.75774727467572,145.65875908773492,84.27893421370753,0.5625,0.1044776119402985,-0.4580223880597015,-81.42620232172472,-137.34265734265736,-4.150290593355286,-7.0393238017638025,-2.8890332084085166,69.61038374117533,-51.6377617028289,0.8509213468773578,0.39397230673491995,-0.4569490401424378,-53.70050261628908,-73.4117390375507,180.7378048694988,456.5840882318438,275.846283362345,152.62234902184355,86.56419506319448,0.118826802200331,0.07032146824757887,-0.048505333952752125,-40.82019633161264,-51.28816016968038
81085f86-e4f0-4e28-98d2-e8063faed5b4,jitter_sigma_0p004,1941918436,True,9.93807768580696,9.628808556577445,-0.30926912922951466,-3.1119612766883136,-3.161148129533229,10.065863735608483,10.507916787476235,0.44205305186775234,4.3916057625931115,4.297246695829663,78.78533909900568,116.27123790514341,37.485898806137726,47.57978988835858,38.43592395794001,0.5625,1.6785714285714286,1.1160714285714286,198.41269841269843,99.601593625498,-4.150290593355286,-5.418211701697959,-1.267921108342673,30.55017666407853,-26.501976364643124,0.8509213468773578,0.6371252835056784,-0.21379606337167933,-25.12524384965201,-28.735129532418803,180.7378048694988,107.6445837472753,-73.0932211222235,-40.44157843733924,-50.691875792287505,0.118826802200331,0.7067520386537979,0.5879252364534668,494.7749376123741,142.42739938567468
81085f86-e4f0-4e28-98d2-e8063faed5b4,jitter_sigma_0p008,1941918436,True,9.93807768580696,9.974504041516091,0.036426355709132,0.36653321558508445,0.3658627114047152,10.065863735608483,11.268484740790726,1.2026210051822428,11.947519227067543,11.274035450509528,78.78533909900568,148.60572854393985,69.82038944493416,88.62104325932303,61.40996668749335,0.5625,3.687499999999999,3.124999999999999,555.5555555555553,147.05882352941174,-4.150290593355286,-5.993250318504647,-1.8429597251493615,44.405558687865955,-36.337601261006476,0.8509213468773578,0.5075177519391164,-0.34340359493824135,-40.35667881625441,-50.55855580679739,180.7378048694988,79.18329777309216,-101.55450709640664,-56.18885720656714,-78.14256408110958,0.118826802200331,1.649410958668741,1.5305841564684102,1288.0799012734408,173.11972296261138
81085f86-e4f0-4e28-98d2-e8063faed5b4,scale_minus_10pct,1941918436,True,9.93807768580696,8.944269917226263,-0.9938077685806963,-10.000000000000004,-10.526315789473687,10.065863735608483,10.065863735608483,0.0,0.0,0.0,78.78533909900568,70.9068051891051,-7.878533909900582,-10.000000000000018,-10.526315789473703,0.5625,0.5625,0.0,0.0,0.0,-4.150290593355286,-4.058775612233942,0.09151498112134426,-2.205025866570932,2.2296075784852447,0.8509213468773578,0.8509213468773582,4.440892098500626e-16,5.2189219541823135e-14,5.218921954182312e-14,180.7378048694988,200.81978318833742,20.081978318838622,11.111111111114111,10.526315789476376,0.118826802200331,0.10694412198029792,-0.011882680220033082,-9.999999999999986,-10.526315789473667
81085f86-e4f0-4e28-98d2-e8063faed5b4,scale_minus_5pct,1941918436,True,9.93807768580696,9.441173801516612,-0.49690388429034726,-4.999999999999993,-5.128205128205121,10.065863735608483,10.065863735608483,0.0,0.0,0.0,78.78533909900568,74.84607214405543,-3.9392669549502557,-4.9999999999999645,-5.1282051282050904,0.5625,0.5625,0.0,0.0,0.0,-4.150290593355286,-4.105737803932985,0.04455278942230123,-1.0734860227288978,1.07927897721221,0.8509213468773578,0.8509213468773589,1.1102230246251565e-15,1.3047304885455785e-13,1.3047304885455775e-13,180.7378048694988,190.2503209152644,9.512516045765608,5.2631578947382325,5.1282051282064485,0.118826802200331,0.11288546209031443,-0.005941340110016569,-5.000000000000016,-5.128205128205145
81085f86-e4f0-4e28-98d2-e8063faed5b4,scale_plus_5pct,1941918436,True,9.93807768580696,10.43498157009731,0.4969038842903508,5.000000000000028,4.878048780487832,10.065863735608483,10.065863735608483,0.0,0.0,0.0,78.78533909900568,82.72460605395601,3.9392669549503267,5.000000000000054,4.878048780487857,0.5625,0.5625,0.0,0.0,0.0,-4.150290593355286,-4.19266919149516,-0.04237859813987388,1.0210995395773739,-1.0159127991202117,0.8509213468773578,0.8509213468773601,2.3314683517128287e-15,2.7399340259457146e-13,2.739934025945711e-13,180.7378048694988,172.13124273284916,-8.606562136649643,-4.761904761908548,-4.878048780491778,0.118826802200331,0.12476814231034754,0.005941340110016541,4.999999999999993,4.878048780487798
81085f86-e4f0-4e28-98d2-e8063faed5b4,scale_plus_10pct,1941918436,True,9.93807768580696,10.931885454387654,0.9938077685806945,9.999999999999986,9.523809523809511,10.065863735608483,10.065863735608483,0.0,0.0,0.0,78.78533909900568,86.6638730089063,7.878533909900611,10.000000000000055,9.523809523809573,0.5625,0.5625,0.0,0.0,0.0,-4.150290593355286,-4.23307596367173,-0.0827853703164445,1.9946885273283237,-1.974991067211609,0.8509213468773578,0.850921346877358,2.220446049250313e-16,2.6094609770911567e-14,2.6094609770911564e-14,180.7378048694988,164.30709533593443,-16.430709533564368,-9.090909090894467,-9.523809523793473,0.118826802200331,0.1307094824203641,0.011882680220033096,9.999999999999996,9.52380952380952
81085f86-e4f0-4e28-98d2-e8063faed5b4,combined_degradation,1941918436,True,9.93807768580696,13.980644600055067,4.042566914248107,40.677553970236005,33.802532308656005,10.065863735608483,15.393263456641916,5.327399721033434,52.925410684703564,41.85060768819334,78.78533909900568,97.94236181814709,19.15702271914141,24.315466479198264,21.679705693814153,0.5625,3.333333333333333,2.770833333333333,492.59259259259255,142.24598930481284,-4.150290593355286,-4.729166629282636,-0.5788760359273502,13.947843480023892,-13.038545519460861,0.8509213468773578,0.8136719716925414,-0.03724937518481641,-4.37753445973722,-4.475492574584937,180.7378048694988,274.9464081092458,94.20860323974699,52.12445913447385,41.34819708759204,0.118826802200331,0.3239046639549083,0.20507786175457732,172.58552612468273,92.64209907441675
81681211-21c8-4d55-9d89-095b3a80d022,frame_thinning_2x,3183855267,True,11.386521380734676,9.842500694461206,-1.5440206862734698,-13.56007365766565,-14.546319475332902,11.602509135611838,7.924298269457465,-3.678210866154373,-31.701857099726467,-37.673448504433786,569.3260690367338,198.84325207782862,-370.4828169589051,-65.073924611557,-96.45863399526533,0.0,0.16666666666666666,0.16666666666666666,,199.99999999999997,-8.90866214927807,-7.180065444628013,1.728596704650057,-19.403549889812993,21.488296008004962,1.0,0.9926814067835451,-0.007318593216454894,-0.7318593216454894,-0.7345472478983064,0.0,0.7590258446010711,0.7590258446010711,,199.99999999999997,0.0,7.465815982670959,7.465815982670959,,200.0
81681211-21c8-4d55-9d89-095b3a80d022,frame_thinning_3x,3183855267,True,11.386521380734676,7.714344316129881,-3.672177064604795,-32.25021006694725,-38.4503731179848,11.602509135611838,7.296999800614602,-4.305509334997236,-37.10843305248725,-45.56212914870468,569.3260690367338,128.57240526883135,-440.7536637679024,-77.41673668898241,-126.308819977424,0.0,0.4,0.4,,200.0,-8.90866214927807,-6.588055439032271,2.3206067102457997,-26.048879970533555,29.949654783620833,1.0,0.9723735227039918,-0.0276264772960082,-2.76264772960082,-2.801343353883006,0.0,0.7701262496897318,0.7701262496897318,,200.0,0.0,7.714344316129881,7.714344316129881,,200.0
81681211-21c8-4d55-9d89-095b3a80d022,landmark_dropout_5pct,3183855267,True,11.386521380734676,11.386521380734676,0.0,0.0,0.0,11.602509135611838,11.602509135611838,0.0,0.0,0.0,569.3260690367338,569.3260690367338,0.0,0.0,0.0,0.0,0.0,0.0,,,-8.90866214927807,-8.90866214927807,0.0,-0.0,0.0,1.0,1.0,0.0,0.0,0.0,0.0,0.0,0.0,,,0.0,0.0,0.0,,
81681211-21c8-4d55-9d89-095b3a80d022,landmark_dropout_10pct,3183855267,True,11.386521380734676,11.386521380734676,0.0,0.0,0.0,11.602509135611838,11.602509135611838,0.0,0.0,0.0,569.3260690367338,569.3260690367338,0.0,0.0,0.0,0.0,0.0,0.0,,,-8.90866214927807,-8.90866214927807,0.0,-0.0,0.0,1.0,1.0,0.0,0.0,0.0,0.0,0.0,0.0,,,0.0,0.0,0.0,,
81681211-21c8-4d55-9d89-095b3a80d022,landmark_dropout_20pct,3183855267,True,11.386521380734676,11.386521380734676,0.0,0.0,0.0,11.602509135611838,11.602509135611838,0.0,0.0,0.0,569.3260690367338,569.3260690367338,0.0,0.0,0.0,0.0,0.0,0.0,,,-8.90866214927807,-8.90866214927807,0.0,-0.0,0.0,1.0,1.0,0.0,0.0,0.0,0.0,0.0,0.0,,,0.0,0.0,0.0,,
81681211-21c8-4d55-9d89-095b3a80d022,jitter_sigma_0p004,3183855267,True,11.386521380734676,12.84943903845427,1.4629176577195935,12.847801438240516,12.07228954344488,11.602509135611838,13.080202706518618,1.47769357090678,12.7359828260877,11.973510693298559,569.3260690367338,642.4719519227134,73.14588288597963,12.847801438240507,12.072289543444874,0.0,0.0,0.0,,,-8.90866214927807,-9.013648353951597,-0.10498620467352637,1.178473298395698,-1.1715699787101386,1.0,1.0,0.0,0.0,0.0,0.0,0.0,0.0,,,0.0,0.0,0.0,,
81681211-21c8-4d55-9d89-095b3a80d022,jitter_sigma_0p008,3183855267,True,11.386521380734676,12.790363255146275,1.403841874411599,12.328979391254794,11.613091558770604,11.602509135611838,13.254391838445034,1.6518827028331966,14.237288534107131,13.291139587813182,569.3260690367338,639.5181627573137,70.19209372057992,12.328979391254789,11.6130915587706,0.0,0.0,0.0,,,-8.90866214927807,-9.009645775177894,-0.10098362589982379,1.1335442315320845,-1.1271558266056514,1.0,1.0,0.0,0.0,0.0,0.0,0.0,0.0,,,0.0,0.0,0.0,,
81681211-21c8-4d55-9d89-095b3a80d022,scale_minus_10pct,3183855267,True,11.386521380734676,10.247869242661206,-1.1386521380734695,-10.000000000000018,-10.526315789473703,11.602509135611838,11.602509135611838,0.0,0.0,0.0,569.3260690367338,512.3934621330603,-56.932606903673445,-10.000000000000012,-10.526315789473696,0.0,0.0,0.0,,,-8.90866214927807,-8.817147168156719,0.09151498112135137,-1.0272584097127024,1.0325619494432774,1.0,1.0,0.0,0.0,0.0,0.0,0.0,0.0,,,0.0,0.0,0.0,,
81681211-21c8-4d55-9d89-095b3a80d022,scale_minus_5pct,3183855267,True,11.386521380734676,10.81719531169794,-0.5693260690367357,-5.000000000000016,-5.1282051282051455,11.602509135611838,11.602509135611838,0.0,0.0,0.0,569.3260690367338,540.859765584897,-28.46630345183678,-5.000000000000016,-5.128205128205145,0.0,0.0,0.0,,,-8.90866214927807,-8.864109359855766,0.044552789422304784,-0.5001063984216215,0.5013600653044809,1.0,1.0,0.0,0.0,0.0,0.0,0.0,0.0,,,0.0,0.0,0.0,,
81681211-21c8-4d55-9d89-095b3a80d022,scale_plus_5pct,3183855267,True,11.386521380734676,11.95584744977141,0.5693260690367339,5.000000000000001,4.878048780487806,11.602509135611838,11.602509135611838,0.0,0.0,0.0,569.3260690367338,597.7923724885704,28.466303451836666,4.9999999999999964,4.878048780487801,0.0,0.0,0.0,,,-8.90866214927807,-8.951040747417947,-0.042378598139876544,0.47570103602268465,-0.47457226343576453,1.0,1.0,0.0,0.0,0.0,0.0,0.0,0.0,,,0.0,0.0,0.0,,
81681211-21c8-4d55-9d89-095b3a80d022,scale_plus_10pct,3183855267,True,11.386521380734676,12.525173518808144,1.1386521380734678,10.000000000000002,9.523809523809526,11.602509135611838,11.602509135611838,0.0,0.0,0.0,569.3260690367338,626.2586759404072,56.932606903673445,10.000000000000012,9.523809523809534,0.0,0.0,0.0,,,-8.90866214927807,-8.991447519594521,-0.08278537031645072,0.9292682664271804,-0.9249705375873802,1.0,1.0,0.0,0.0,0.0,0.0,0.0,0.0,,,0.0,0.0,0.0,,
81681211-21c8-4d55-9d89-095b3a80d022,combined_degradation,3183855267,True,11.386521380734676,43.92635487851192,32.539833497777245,285.7750177576861,117.65735466463866,11.602509135611838,7.3711959794367425,-4.231313156175095,-36.46894914469692,-44.601864849466025,569.3260690367338,584.6272181080557,15.301149071321902,2.68758974926452,2.6519529415582013,0.0,1.4999999999999996,1.4999999999999996,,199.99999999999997,-8.90866214927807,-8.408673834614365,0.49998831466370497,-5.612383838175101,5.774425294153381,1.0,0.3159547933394627,-0.6840452066605374,-68.40452066605374,-103.96180934523663,0.0,0.2738352004167122,0.2738352004167122,,200.0,0.0,33.49383474124577,33.49383474124577,,200.0
82b83897-42aa-447f-82ea-5e471706e7c5,frame_thinning_2x,1034216254,True,2.5354000826133003,7.974372804050793,5.4389727214374926,214.5212804375792,103.503144741387,1.0372567739274714,1.2053031923899085,0.16804641846243706,16.20104324083088,14.98701671183353,55.61626494543124,105.25148676765423,49.63522182222299,89.24587415376303,61.70934981518177,0.19999999999999998,0.14285714285714285,-0.057142857142857134,-28.57142857142857,-33.33333333333333,-5.309966638094309,-5.52176408563083,-0.21179744753652052,3.9886775562215657,-3.9106852439123654,0.9901237403945264,0.9722875287234445,-0.01783621167108196,-1.801412383463799,-1.817785288106163,255.8669389035618,49.147515156619384,-206.7194237469424,-80.79176803098291,-135.54729685443397,0.0426549995374142,0.07206850902918424,0.02941350949177004,68.95676898547475,51.27721398913655
82b83897-42aa-447f-82ea-5e471706e7c5,frame_thinning_3x,1034216254,True,2.5354000826133003,10.736293450063203,8.200893367449902,323.4555928150415,123.5847308749003,1.0372567739274714,2.6289794297067925,1.5917226557793211,153.45502635306192,86.8314296935631,55.61626494543124,107.74877406664274,52.1325091212115,93.73608452916088,63.823336298237585,0.19999999999999998,0.19999999999999996,-2.7755575615628914e-17,-1.3877787807814457e-14,-1.387778780781446e-14,-5.309966638094309,-5.444826124376474,-0.13485948628216526,2.5397426287891878,-2.507895582195913,0.9901237403945264,0.9801787098512261,-0.009945030543300315,-1.0044229965981426,-1.0094927854411273,255.8669389035618,4.840804779261023,-251.02613412430077,-98.1080772685972,-192.57282547748125,0.0426549995374142,0.11008409620943362,0.0674290966720194,158.0801720859825,88.29317254015626
82b83897-42aa-447f-82ea-5e471706e7c5,landmark_dropout_5pct,1034216254,True,2.5354000826133003,2.5354000826133003,0.0,0.0,0.0,1.0372567739274714,1.0372567739274714,0.0,0.0,0.0,55.61626494543124,55.61626494543124,0.0,0.0,0.0,0.19999999999999998,0.19999999999999998,0.0,0.0,0.0,-5.309966638094309,-5.309966638094309,0.0,-0.0,0.0,0.9901237403945264,0.9901237403945264,0.0,0.0,0.0,255.8669389035618,255.8669389035618,0.0,0.0,0.0,0.0426549995374142,0.0426549995374142,0.0,0.0,0.0
82b83897-42aa-447f-82ea-5e471706e7c5,landmark_dropout_10pct,1034216254,True,2.5354000826133003,2.399976601852444,-0.1354234807608563,-5.341306158721583,-5.48786807649783,1.0372567739274714,1.0737456400368346,0.036488866109363194,3.5178238432901883,3.4570179425650025,55.61626494543124,47.866205372621884,-7.750059572809356,-13.934879626334935,-14.978497418914657,0.19999999999999998,0.7142857142857142,0.5142857142857142,257.1428571428571,112.5,-5.309966638094309,-5.2275194790750374,0.08244715901927169,-1.5526869496276363,1.5648354475160005,0.9901237403945264,0.9747605913294538,-0.015363149065072634,-1.5516392990386239,-1.5637713444020471,255.8669389035618,511.38558757951375,255.51864867595197,99.86387837791693,66.60614070498947,0.0426549995374142,0.08489258639038863,0.04223758685297443,99.02142143015698,66.23031952464022
82b83897-42aa-447f-82ea-5e471706e7c5,landmark_dropout_20pct,1034216254,True,2.5354000826133003,2.399976601852444,-0.1354234807608563,-5.341306158721583,-5.48786807649783,1.0372567739274714,1.0737456400368346,0.036488866109363194,3.5178238432901883,3.4570179425650025,55.61626494543124,47.866205372621884,-7.750059572809356,-13.934879626334935,-14.978497418914657,0.19999999999999998,0.7142857142857142,0.5142857142857142,257.1428571428571,112.5,-5.309966638094309,-5.2275194790750374,0.08244715901927169,-1.5526869496276363,1.5648354475160005,0.9901237403945264,0.9747605913294538,-0.015363149065072634,-1.5516392990386239,-1.5637713444020471,255.8669389035618,511.38558757951375,255.51864867595197,99.86387837791693,66.60614070498947,0.0426549995374142,0.08489258639038863,0.04223758685297443,99.02142143015698,66.23031952464022
82b83897-42aa-447f-82ea-5e471706e7c5,jitter_sigma_0p004,1034216254,True,2.5354000826133003,0.8777413954535461,-1.657658687159754,-65.38055664379263,-97.13389836383975,1.0372567739274714,1.2170393171523333,0.17978254322486187,17.33250124211123,15.950215584923122,55.61626494543124,36.92028256491102,-18.69598238052022,-33.6160337247819,-40.4077802414893,0.19999999999999998,0.6000000000000001,0.40000000000000013,200.00000000000009,100.00000000000003,-5.309966638094309,-6.8064994102863094,-1.4965327721920003,28.183468450737575,-24.70246301547659,0.9901237403945264,0.2825733909450105,-0.7075503494495159,-71.46080036093106,-111.18911672328612,255.8669389035618,177.9036133758884,-77.96332552767339,-30.470261559293665,-35.94680418851794,0.0426549995374142,0.30020996781852505,0.25755496828111085,603.8095676339191,150.23696953776832
82b83897-42aa-447f-82ea-5e471706e7c5,jitter_sigma_0p008,1034216254,True,2.5354000826133003,0.9699811999048602,-1.56541888270844,-61.742479754710885,-89.3151846571104,1.0372567739274714,0.0,-1.0372567739274714,-100.0,-200.0,55.61626494543124,58.198871994291615,2.5826070488603747,4.643618285755686,4.5382488099595015,0.19999999999999998,0.0,-0.19999999999999998,-100.0,-200.00000000000003,-5.309966638094309,-7.086131635310977,-1.776164997216668,33.44964513475954,-28.656839564224338,0.9901237403945264,1.0,0.009876259605473559,0.997477305365716,0.9925271886375937,255.8669389035618,0.0,-255.8669389035618,-100.0,-200.0,0.0426549995374142,0.0,-0.0426549995374142,-100.0,-200.0
82b83897-42aa-447f-82ea-5e471706e7c5,scale_minus_10pct,1034216254,True,2.5354000826133003,2.28186007435197,-0.2535400082613304,-10.000000000000014,-10.5263157894737,1.0372567739274714,1.0372567739274714,0.0,0.0,0.0,55.61626494543124,50.05463845088811,-5.561626494543127,-10.000000000000005,-10.52631578947369,0.19999999999999998,0.19999999999999998,0.0,0.0,0.0,-5.309966638094309,-5.218451656972959,0.09151498112135048,-1.7234568003650252,1.738437409239842,0.9901237403945264,0.9901237403945323,5.88418203051333e-15,5.942875410874108e-13,5.94287541087409e-13,255.8669389035618,284.2965987812716,28.42965987770981,11.111111110929874,10.526315789311024,0.0426549995374142,0.038389499583672784,-0.004265499953741418,-9.999999999999995,-10.526315789473678
82b83897-42aa-447f-82ea-5e471706e7c5,scale_minus_5pct,1034216254,True,2.5354000826133003,2.4086300784826347,-0.12677000413066564,-5.000000000000025,-5.128205128205154,1.0372567739274714,1.0372567739274714,0.0,0.0,0.0,55.61626494543124,52.835451698159666,-2.780813247271574,-5.000000000000022,-5.12820512820515,0.19999999999999998,0.19999999999999998,0.0,0.0,0.0,-5.309966638094309,-5.265413848672004,0.044552789422304784,-0.8390408539043912,0.8425756307880684,0.9901237403945264,0.9901237403945297,3.219646771412954e-15,3.251762017270738e-13,3.251762017270733e-13,255.8669389035618,269.333619898238,13.46668099467621,5.26315789463988,5.128205128113074,0.0426549995374142,0.04052224956054349,-0.0021327499768707125,-5.000000000000006,-5.128205128205134
82b83897-42aa-447f-82ea-5e471706e7c5,scale_plus_5pct,1034216254,True,2.5354000826133003,2.662170086743965,0.12677000413066475,4.999999999999989,4.878048780487795,1.0372567739274714,1.0372567739274714,0.0,0.0,0.0,55.61626494543124,58.397078192702786,2.7808132472715457,4.999999999999971,4.878048780487776,0.19999999999999998,0.19999999999999998,0.0,0.0,0.0,-5.309966638094309,-5.352345236234185,-0.042378598139875656,0.7980953747589814,-0.7949232519058093,0.9901237403945264,0.9901237403945294,2.9976021664879227e-15,3.0275025678037907e-13,3.027502567803786e-13,255.8669389035618,243.6827989555174,-12.18413994804439,-4.7619047620047095,-4.878048780592687,0.0426549995374142,0.044787749514284915,0.0021327499768707125,5.000000000000006,4.87804878048781
82b83897-42aa-447f-82ea-5e471706e7c5,scale_plus_10pct,1034216254,True,2.5354000826133003,2.7889400908746302,0.25354000826132994,9.999999999999996,9.52380952380952,1.0372567739274714,1.0372567739274714,0.0,0.0,0.0,55.61626494543124,61.177891439974374,5.561626494543134,10.000000000000018,9.52380952380954,0.19999999999999998,0.19999999999999998,0.0,0.0,0.0,-5.309966638094309,-5.392752008410759,-0.08278537031644984,1.5590563172758582,-1.5469970397378068,0.9901237403945264,0.9901237403945293,2.886579864025407e-15,2.915372843070317e-13,2.915372843070313e-13,255.8669389035618,232.60630809406427,-23.260630809497513,-9.090909090941453,-9.523809523845044,0.0426549995374142,0.04692049949115563,0.004265499953741425,10.000000000000012,9.523809523809534
82b83897-42aa-447f-82ea-5e471706e7c5,combined_degradation,1034216254,True,2.5354000826133003,0.3368655061451032,-2.198534576468197,-86.71351679542869,-153.08713686317284,1.0372567739274714,0.23127831063757043,-0.805978463289901,-77.70288741891194,-127.07231721009227,55.61626494543124,10.105965184353096,-45.510299761078144,-81.8291192436804,-138.49286511187194,0.19999999999999998,0.0,-0.19999999999999998,-100.0,-200.00000000000003,-5.309966638094309,-4.963398104908629,0.34656853318568004,-6.5267553792025295,6.746933295086667,0.9901237403945264,1.0,0.009876259605473559,0.997477305365716,0.9925271886375937,255.8669389035618,0.0,-255.8669389035618,-100.0,-200.0,0.0426549995374142,0.0,-0.0426549995374142,-100.0,-200.0
82f22494-5871-41de-aebc-9d2012ce6571,frame_thinning_2x,1373332226,True,7.050881203102284,6.2485285360434935,-0.8023526670587904,-11.379466536831837,-12.065989134797883,6.322952782616618,8.640678819357134,2.317726036740517,36.655754303788676,30.978122134934157,95.78772835290249,27.374608074313326,-68.41312027858916,-71.42159173724278,-111.0942228982781,0.0909090909090909,0.1,0.009090909090909108,10.00000000000002,9.52380952380954,-6.178725571670457,-4.2688005034027325,1.9099250682677242,-30.911310853888015,36.56224554106881,0.9366060834478153,0.7192804744091758,-0.2173256090386395,-23.203523111725357,-26.24885237547881,14.231046125503516,2.8670426190290557,-11.364003506474461,-79.85360602625681,-132.92717889428792,0.15490137823110336,0.1886328456761559,0.03373146744505254,21.776092524320383,19.63790801475355
82f22494-5871-41de-aebc-9d2012ce6571,frame_thinning_3x,1373332226,True,7.050881203102284,6.031537309643162,-1.019343893459122,-14.45697160534524,-15.583416666666551,6.322952782616618,8.580263725149548,2.2573109425329303,35.70026568502684,30.292936311522155,95.78772835290249,26.383168518426025,-69.40455983447646,-72.45662991273288,-113.61881039078229,0.0909090909090909,0.14285714285714285,0.05194805194805195,57.14285714285715,44.44444444444445,-6.178725571670457,-4.102530722122277,2.0761948495481795,-33.60231532320454,40.387960191239934,0.9366060834478153,0.5847820638168004,-0.35182401963101484,-37.56371284028899,-46.250395766994494,14.231046125503516,1.7682938624429636,-12.462752263060553,-87.57439300773542,-155.7908297773495,0.15490137823110336,0.4448254357634954,0.28992405753239203,187.16686761808091,96.68537432945365
82f22494-5871-41de-aebc-9d2012ce6571,landmark_dropout_5pct,1373332226,True,7.050881203102284,7.050881203102284,0.0,0.0,0.0,6.322952782616618,6.322952782616618,0.0,0.0,0.0,95.78772835290249,95.78772835290249,0.0,0.0,0.0,0.0909090909090909,0.0909090909090909,0.0,0.0,0.0,-6.178725571670457,-6.178725571670457,0.0,-0.0,0.0,0.9366060834478153,0.9366060834478153,0.0,0.0,0.0,14.231046125503516,14.231046125503516,0.0,0.0,0.0,0.15490137823110336,0.15490137823110336,0.0,0.0,0.0
82f22494-5871-41de-aebc-9d2012ce6571,landmark_dropout_10pct,1373332226,True,7.050881203102284,7.05813822637767,0.007257023275386132,0.10292363559030251,0.10287069645992569,6.322952782616618,6.32326919946089,0.00031641684427263783,0.005004257585831529,0.005004132375994514,95.78772835290249,95.8621415743874,0.07441322148490315,0.07768554778828131,0.07765538428294765,0.0909090909090909,0.0909090909090909,0.0,0.0,0.0,-6.178725571670457,-6.1877828626273566,-0.009057290956899777,0.14658833527786996,-0.14648097326776396,0.9366060834478153,0.9381736006385628,0.0015675171907475471,0.16736141462772,0.16722148250837626,14.231046125503516,13.484988162216492,-0.7460579632870239,-5.242467466604653,-5.383583780725626,0.15490137823110336,0.13154564205811348,-0.023355736172989888,-15.077810436356842,-16.307194363137945
82f22494-5871-41de-aebc-9d2012ce6571,landmark_dropout_20pct,1373332226,True,7.050881203102284,9.383228120068559,2.3323469169662747,33.07880036242955,28.384220539142245,6.322952782616618,2.7409804034725442,-3.5819723791440734,-56.650310421292616,-79.0379254922464,95.78772835290249,232.95267674134666,137.16494838844417,143.19678600488274,83.44879197257136,0.0909090909090909,0.1,0.009090909090909108,10.00000000000002,9.52380952380954,-6.178725571670457,-7.345954957963849,-1.1672293862933918,18.89110258667507,-17.260731353111712,0.9366060834478153,0.9604227038552896,0.023816620407474343,2.5428641590497776,2.5109392716525973,14.231046125503516,13.052325895071869,-1.1787202304316473,-8.282737755443417,-8.64057587561194,0.15490137823110336,0.12662939852344676,-0.028271979707656603,-18.25159984404822,-20.084468230132618
82f22494-5871-41de-aebc-9d2012ce6571,jitter_sigma_0p004,1373332226,True,7.050881203102284,7.769673477709425,0.7187922746071411,10.194360873515826,9.699937554129026,6.322952782616618,7.07225033380427,0.7492975511876523,11.850437239507135,11.187550418987,95.78772835290249,135.4948963527219,39.707167999819404,41.453293321175444,34.33649030086763,0.0909090909090909,0.3333333333333333,0.24242424242424243,266.6666666666667,114.28571428571429,-6.178725571670457,-6.562698414215041,-0.3839728425445843,6.214434321296048,-6.027157450688964,0.9366060834478153,0.9090710869754405,-0.027534996472374784,-2.939869488249907,-2.983728347906084,14.231046125503516,60.68408270947428,46.453036583970764,326.4203922487616,124.01510163934174,0.15490137823110336,0.5834483672218569,0.4285469889907535,276.6579573949224,116.08238280839386
82f22494-5871-41de-aebc-9d2012ce6571,jitter_sigma_0p008,1373332226,True,7.050881203102284,6.184676496291657,-0.8662047068106267,-12.285056035684013,-13.089054900199491,6.322952782616618,5.998535946332853,-0.3244168362837643,-5.1307806247686605,-5.26587076319022,95.78772835290249,46.23574803840594,-49.551980314496554,-51.73103190414585,-69.77998507509993,0.0909090909090909,0.3750000000000001,0.2840909090909092,312.50000000000017,121.95121951219517,-6.178725571670457,-6.326380353979801,-0.1476547823093446,2.3897287652059487,-2.361511900614574,0.9366060834478153,0.907348992010873,-0.029257091436942217,-3.123734935528243,-3.173297639007224,14.231046125503516,37.130236777030824,22.899190651527306,160.91010070222157,89.1690758386309,0.15490137823110336,0.6415040799206101,0.4866027016895067,314.137102746449,122.19974052382999
82f22494-5871-41de-aebc-9d2012ce6571,scale_minus_10pct,1373332226,True,7.050881203102284,6.345793082792055,-0.7050881203102293,-10.000000000000012,-10.526315789473697,6.322952782616618,6.322952782616618,0.0,0.0,0.0,95.78772835290249,86.20895551761222,-9.578772835290266,-10.000000000000018,-10.526315789473704,0.0909090909090909,0.0909090909090909,0.0,0.0,0.0,-6.178725571670457,-6.087210590549106,0.09151498112135048,-1.4811303732431158,1.4921809458494772,0.9366060834478153,0.9366060834478155,2.220446049250313e-16,2.3707363089896366e-14,2.3707363089896363e-14,14.231046125503516,15.812273472776145,1.5812273472726286,11.111111111072184,10.526315789438748,0.15490137823110336,0.13941124040799302,-0.015490137823110345,-10.000000000000005,-10.52631578947369
82f22494-5871-41de-aebc-9d2012ce6571,scale_minus_5pct,1373332226,True,7.050881203102284,6.698337142947168,-0.3525440601551155,-5.000000000000019,-5.128205128205147,6.322952782616618,6.322952782616618,0.0,0.0,0.0,95.78772835290249,90.99834193525732,-4.789386417645176,-5.000000000000053,-5.128205128205185,0.0909090909090909,0.0909090909090909,0.0,0.0,0.0,-6.178725571670457,-6.134172782248152,0.044552789422304784,-0.7210676199405902,0.7236767191881471,0.9366060834478153,0.9366060834478152,-1.1102230246251565e-16,-1.1853681544948183e-14,-1.1853681544948185e-14,14.231046125503516,14.980048553164655,0.7490024276611393,5.263157894758342,5.128205128225539,0.15490137823110336,0.14715630931954818,-0.007745068911555186,-5.0000000000000115,-5.12820512820514
82f22494-5871-41de-aebc-9d2012ce6571,scale_plus_5pct,1373332226,True,7.050881203102284,7.403425263257398,0.35254406015511375,4.999999999999994,4.878048780487799,6.322952782616618,6.322952782616618,0.0,0.0,0.0,95.78772835290249,100.5771147705476,4.789386417645105,4.99999999999998,4.878048780487784,0.0909090909090909,0.0909090909090909,0.0,0.0,0.0,-6.178725571670457,-6.221104169810332,-0.042378598139875656,0.6858792747517728,-0.6835351617467418,0.9366060834478153,0.9366060834478155,2.220446049250313e-16,2.3707363089896366e-14,2.3707363089896363e-14,14.231046125503516,13.553377262385252,-0.6776688631182637,-4.7619047618980765,-4.87804878048079,0.15490137823110336,0.16264644714265852,0.0077450689115551585,4.999999999999994,4.8780487804877986
82f22494-5871-41de-aebc-9d2012ce6571,scale_plus_10pct,1373332226,True,7.050881203102284,7.755969323412511,0.7050881203102275,9.999999999999988,9.523809523809513,6.322952782616618,6.322952782616618,0.0,0.0,0.0,95.78772835290249,105.36650118819271,9.578772835290223,9.999999999999973,9.523809523809499,0.0909090909090909,0.0909090909090909,0.0,0.0,0.0,-6.178725571670457,-6.261510941986907,-0.08278537031644984,1.33984539944648,-1.3309292026010102,0.9366060834478153,0.936606083447815,-2.220446049250313e-16,-2.3707363089896366e-14,-2.370736308989637e-14,14.231046125503516,12.937314659547107,-1.2937314659564088,-9.090909090919938,-9.523809523821429,0.15490137823110336,0.17039151605421368,0.015490137823110317,9.999999999999988,9.523809523809513
82f22494-5871-41de-aebc-9d2012ce6571,combined_degradation,1373332226,True,7.050881203102284,7.47950570600466,0.42862450290237586,6.079020345907791,5.89969841248666,6.322952782616618,5.774373474384503,-0.5485793082321146,-8.675998810876727,-9.069430658938105,95.78772835290249,67.7066320742533,-28.081096278649184,-29.315964332291518,-34.35114973419599,0.0909090909090909,0.16666666666666666,0.07575757575757576,83.33333333333334,58.82352941176471,-6.178725571670457,-5.655253003678895,0.5234725679915622,-8.472177019670386,8.846941282823957,0.9366060834478153,0.8834088897976271,-0.05319719365018816,-5.679783058247896,-5.845797362351054,14.231046125503516,2.5014903784180373,-11.72955574708548,-82.42230152051081,-140.2005696427013,0.15490137823110336,0.0,-0.15490137823110336,-100.0,-200.0
885e6026-a607-42b3-b29f-1ac055c9efb2,frame_thinning_2x,2083781953,True,6.196509104918279,5.294684169209505,-0.901824935708774,-14.553757937561643,-15.695931905335135,1.2413438853046843,0.9943805795890552,-0.24696330571562908,-19.89483402941262,-22.092463502864323,66.87748264736543,53.69017582076456,-13.187306826600867,-19.71860528323933,-21.875363582824672,0.6153846153846154,0.375,-0.24038461538461542,-39.06250000000001,-48.54368932038835,-6.903960597829268,-5.5754868425033255,1.328473755325943,-19.242197815318345,21.29058616862186,0.9037645180204665,0.9572301287758794,0.053465610755412896,5.915878493716448,5.745917737856211,157.041808412848,155.67690272216572,-1.364905690682292,-0.8691352350541484,-0.8729287005106677,0.32744956154262983,0.15659443315831145,-0.17085512838431838,-52.177540742278616,-70.5948757777187
885e6026-a607-42b3-b29f-1ac055c9efb2,frame_thinning_3x,2083781953,True,6.196509104918279,9.178532424511408,2.9820233195931287,48.12424655724695,38.790442469832364,1.2413438853046843,45.91134269156852,44.669998806263834,3598.5192608653897,189.46958084111773,66.87748264736543,83.15984256342277,16.282359916057345,24.346550246084618,21.70441240962164,0.6153846153846154,0.2857142857142857,-0.3296703296703297,-53.571428571428584,-73.17073170731707,-6.903960597829268,-5.601182310805215,1.3027782870240534,-18.87001335774817,20.835880030199707,0.9037645180204665,0.9820612118478736,0.07829669382740712,8.663395416197787,8.303704057837141,157.041808412848,39.75169527104957,-117.29011314179844,-74.68718956257423,-119.20120425336538,0.32744956154262983,0.12802835915591826,-0.19942120238671157,-60.90134964518785,-87.56569454820877
885e6026-a607-42b3-b29f-1ac055c9efb2,landmark_dropout_5pct,2083781953,True,6.196509104918279,6.196509104918279,0.0,0.0,0.0,1.2413438853046843,1.2413438853046843,0.0,0.0,0.0,66.87748264736543,66.87748264736543,0.0,0.0,0.0,0.6153846153846154,0.6153846153846154,0.0,0.0,0.0,-6.903960597829268,-6.903960597829268,0.0,-0.0,0.0,0.9037645180204665,0.9037645180204665,0.0,0.0,0.0,157.041808412848,157.041808412848,0.0,0.0,0.0,0.32744956154262983,0.32744956154262983,0.0,0.0,0.0
885e6026-a607-42b3-b29f-1ac055c9efb2,landmark_dropout_10pct,2083781953,True,6.196509104918279,6.205777964996621,0.00926886007834149,0.14958196496450932,0.14947017475229413,1.2413438853046843,1.24124573496333,-9.815034135440825e-05,-0.00790678091029687,-0.007907093508576917,66.87748264736543,67.00073806253047,0.12325541516504757,0.18430032095399615,0.18413064426981418,0.6153846153846154,0.4,-0.2153846153846154,-35.0,-42.42424242424243,-6.903960597829268,-6.933932769717254,-0.02997217188798551,0.4341301121766151,-0.4331898084758781,0.9037645180204665,0.8635780155788598,-0.04018650244160671,-4.446567843759568,-4.547675583834207,157.041808412848,116.41236456649473,-40.62944384635328,-25.871737123366746,-29.715724140309618,0.32744956154262983,0.8851313240853662,0.5576817625427364,170.3107372981268,91.98260819589166
885e6026-a607-42b3-b29f-1ac055c9efb2,landmark_dropout_20pct,2083781953,True,6.196509104918279,6.202232643086913,0.005723538168633802,0.09236713884743472,0.09232450009783694,1.2413438853046843,1.241102292399947,-0.00024159290473724226,-0.01946220604920803,-0.0194641001208436,66.87748264736543,100.29783283742913,33.4203501900637,49.97250026034026,39.98239823044144,0.6153846153846154,0.31250000000000006,-0.30288461538461536,-49.21874999999999,-65.28497409326424,-6.903960597829268,-7.277272197916706,-0.3733116000874377,5.407209308303608,-5.264868089598276,0.9037645180204665,0.7908546277278156,-0.11290989029265097,-12.493286474662643,-13.325695106884215,157.041808412848,103.64396065792027,-53.39784775492774,-34.00231332954971,-40.967213473346014,0.32744956154262983,2.0398028345654615,1.7123532730228317,522.9364989697519,144.67010580181866
885e6026-a607-42b3-b29f-1ac055c9efb2,jitter_sigma_0p004,2083781953,True,6.196509104918279,0.732192026215632,-5.464317078702647,-88.18379810602589,-157.7299114302651,1.2413438853046843,0.5657905919109252,-0.6755532933937591,-54.421123863509145,-74.76513805819651,66.87748264736543,36.6096013107816,-30.267881336583827,-45.25870313657238,-58.49595945485328,0.6153846153846154,0.0,-0.6153846153846154,-100.0,-200.0,-6.903960597829268,-6.525130007299871,0.3788305905293976,-5.487148791789294,5.6419396021456,0.9037645180204665,1.0,0.09623548197953347,10.648291680040721,10.11001949753734,157.041808412848,0.0,-157.041808412848,-100.0,-200.0,0.32744956154262983,0.0,-0.32744956154262983,-100.0,-199.99999999999997
885e6026-a607-42b3-b29f-1ac055c9efb2,jitter_sigma_0p008,2083781953,True,6.196509104918279,2.388626082553554,-3.807883022364725,-61.45206854198505,-88.70874923254594,1.2413438853046843,0.8253925132631623,-0.415951372041522,-33.508150075547185,-40.25200043215547,66.87748264736543,119.4313041276777,52.55382148031228,78.58223635213726,56.41582706860511,0.6153846153846154,0.0,-0.6153846153846154,-100.0,-200.0,-6.903960597829268,-7.552176357870731,-0.6482157600414622,9.389041997795774,-8.968035679627029,0.9037645180204665,1.0,0.09623548197953347,10.648291680040721,10.11001949753734,157.041808412848,0.0,-157.041808412848,-100.0,-200.0,0.32744956154262983,0.0,-0.32744956154262983,-100.0,-199.99999999999997
885e6026-a607-42b3-b29f-1ac055c9efb2,scale_minus_10pct,2083781953,True,6.196509104918279,5.576858194426451,-0.6196509104918286,-10.000000000000012,-10.526315789473696,1.2413438853046843,1.2413438853046843,0.0,0.0,0.0,66.87748264736543,60.18973438262888,-6.687748264736548,-10.000000000000009,-10.526315789473692,0.6153846153846154,0.6153846153846154,0.0,0.0,0.0,-6.903960597829268,-6.812445616707918,0.09151498112135048,-1.3255432128353175,1.3343871519984485,0.9037645180204665,0.903764518020465,-1.5543122344752192e-15,-1.719819934820699e-13,-1.7198199348207005e-13,157.041808412848,174.49089823645576,17.44908982360775,11.111111111084348,10.526315789449663,0.32744956154262983,0.29470460538836696,-0.03274495615426287,-9.999999999999966,-10.526315789473646
885e6026-a607-42b3-b29f-1ac055c9efb2,scale_minus_5pct,2083781953,True,6.196509104918279,5.886683649672364,-0.30982545524591565,-5.0000000000000275,-5.128205128205157,1.2413438853046843,1.2413438853046843,0.0,0.0,0.0,66.87748264736543,63.533608514997155,-3.3438741323682706,-4.999999999999999,-5.128205128205127,0.6153846153846154,0.6153846153846154,0.0,0.0,0.0,-6.903960597829268,-6.859407808406964,0.044552789422304784,-0.6453221855917456,0.647411129416804,0.9037645180204665,0.9037645180204701,3.552713678800501e-15,3.931016993875883e-13,3.9310169938758755e-13,157.041808412848,165.30716675051065,8.265358337662633,5.263157894828739,5.128205128292373,0.32744956154262983,0.31107708346549834,-0.01637247807713149,-5.0,-5.128205128205129
885e6026-a607-42b3-b29f-1ac055c9efb2,scale_plus_5pct,2083781953,True,6.196509104918279,6.506334560164193,0.30982545524591387,4.999999999999999,4.878048780487804,1.2413438853046843,1.2413438853046843,0.0,0.0,0.0,66.87748264736543,70.2213567797337,3.3438741323682706,4.999999999999999,4.878048780487805,0.6153846153846154,0.6153846153846154,0.0,0.0,0.0,-6.903960597829268,-6.946339195969145,-0.042378598139876544,0.6138302433707566,-0.6119520699306727,0.9037645180204665,0.9037645180204683,1.7763568394002505e-15,1.9655084969379415e-13,1.9655084969379398e-13,157.041808412848,149.5636270599539,-7.478181352894126,-4.7619047618419525,-4.878048780421894,0.32744956154262983,0.3438220396197614,0.016372478077131547,5.000000000000017,4.878048780487822
885e6026-a607-42b3-b29f-1ac055c9efb2,scale_plus_10pct,2083781953,True,6.196509104918279,6.816160015410107,0.6196509104918277,9.999999999999998,9.523809523809522,1.2413438853046843,1.2413438853046843,0.0,0.0,0.0,66.87748264736543,73.56523091210201,6.687748264736584,10.000000000000062,9.523809523809579,0.6153846153846154,0.6153846153846154,0.0,0.0,0.0,-6.903960597829268,-6.986745968145718,-0.08278537031644984,1.1990996927543165,-1.1919533383453793,0.9037645180204665,0.9037645180204678,1.2212453270876722e-15,1.351287091644835e-13,1.3512870916448338e-13,157.041808412848,142.76528037535687,-14.276528037491147,-9.090909090883308,-9.523809523781228,0.32744956154262983,0.3601945176968929,0.032744956154263094,10.000000000000034,9.523809523809554
885e6026-a607-42b3-b29f-1ac055c9efb2,combined_degradation,2083781953,True,6.196509104918279,12.328899072354233,6.132389967435953,98.96523774278918,66.20518056880755,1.2413438853046843,0.9533463971260028,-0.28799748817868154,-23.2004597265965,-26.244932187854353,66.87748264736543,183.11439052649516,116.23690787912973,173.8057463855643,92.99254924042354,0.6153846153846154,0.3,-0.31538461538461543,-51.25000000000001,-68.9075630252101,-6.903960597829268,-6.4754766097559004,0.42848398807336796,-6.206350427435684,6.405112284251367,0.9037645180204665,0.9524670417306461,0.04870252371017958,5.388851049038049,5.247462091066883,157.041808412848,89.11441856449068,-67.92738984835734,-43.254334966509475,-55.190470444292906,0.32744956154262983,0.3866689651212237,0.05921940357859384,18.085045922678454,16.585315005129203
88fc3423-a0c8-4e39-adb0-6cbc7c7f3051,frame_thinning_2x,1926552804,True,8.624883327912988,6.518446268750367,-2.106437059162621,-24.422789028872902,-27.819998841295096,5.874097874815885,6.089168286457263,0.21507041164137775,3.6613351739243667,3.5955132777634304,150.79191529171672,50.62182513645173,-100.17009015526499,-66.42935064620637,-99.46698764674332,1.5526315789473681,1.0833333333333333,-0.4692982456140349,-30.225988700564965,-35.60732113144758,-6.2099678943792345,-5.509033988141812,0.700933906237422,-11.28723880958952,11.962348214703654,0.5231982885676074,0.573716667548948,0.050518378981340595,9.655685059606734,9.210992830327065,699.5904151931431,145.09584936837513,-554.494565824768,-79.25988603941678,-131.29006332608222,2.181524369634719,2.04939444398792,-0.1321299256467987,-6.056770553927984,-6.245921109210088
88fc3423-a0c8-4e39-adb0-6cbc7c7f3051,frame_thinning_3x,1926552804,True,8.624883327912988,5.584315733153225,-3.0405675947597626,-35.25343450060913,-42.79717078622738,5.874097874815885,7.512722539614179,1.6386246647982938,27.895767141088946,24.481163025567593,150.79191529171672,31.063421716132257,-119.72849357558447,-79.39980956138261,-131.67443479584756,1.5526315789473681,1.0,-0.5526315789473681,-35.59322033898304,-43.29896907216493,-6.2099678943792345,-4.889346914072067,1.3206209803071678,-21.26614827594339,23.796441547934354,0.5231982885676074,0.5844213577144836,0.06122306914687614,11.701695224288741,11.05489043145479,699.5904151931431,818.0090809742876,118.41866578114445,16.92685651624478,15.606049696273724,2.181524369634719,1.6942262600111044,-0.4872981096236144,-22.337504746976954,-25.1459991205959
88fc3423-a0c8-4e39-adb0-6cbc7c7f3051,landmark_dropout_5pct,1926552804,True,8.624883327912988,8.454419836303558,-0.1704634916094303,-1.9764150438737391,-1.9961410599769012,5.874097874815885,2.1679118969491102,-3.706185977866775,-63.0937048862663,-92.17064099770104,150.79191529171672,444.13004619195937,293.3381309002426,194.53173622256935,98.61398633484181,1.5526315789473681,0.052631578947368425,-1.4999999999999998,-96.61016949152543,-186.88524590163934,-6.2099678943792345,-7.775424391583018,-1.5654564972037832,25.20876957545479,-22.387023047971276,0.5231982885676074,0.13735562522838524,-0.3858426633392222,-73.74692765061745,-116.82397311732133,699.5904151931431,682.3286992193525,-17.261715973790615,-2.467403154605112,-2.4982237807933068,2.181524369634719,8.454419836303558,6.272895466668839,287.5464310178296,117.95653202405003
88fc3423-a0c8-4e39-adb0-6cbc7c7f3051,landmark_dropout_10pct,1926552804,True,8.624883327912988,3.7883196237675736,-4.836563704145414,-56.076859480437115,-77.9261198414647,5.874097874815885,1.3358077732190425,-4.538290101596843,-77.2593545138893,-125.8904158567945,150.79191529171672,167.2872361395451,16.495320847828367,10.939128146172228,10.371834037914345,1.5526315789473681,0.039999999999999994,-1.512631578947368,-97.42372881355932,-189.95373430270985,-6.2099678943792345,-7.3316885735641275,-1.121720679184893,18.063228317173504,-16.566964046685115,0.5231982885676074,0.06344206958354912,-0.4597562189840583,-87.87418250980168,-156.74210360603772,699.5904151931431,296.9889209555449,-402.6014942375982,-57.548171829433635,-80.796677120251,2.181524369634719,1.4142389587059856,-0.7672854109287333,-35.17198439810278,-42.67719206551915
88fc3423-a0c8-4e39-adb0-6cbc7c7f3051,landmark_dropout_20pct,1926552804,True,8.624883327912988,2.8708589335382038,-5.754024394374785,-66.71422876820664,-100.10705291592737,5.874097874815885,1.4698695131386215,-4.404228361677264,-74.97710211059953,-119.94139213910536,150.79191529171672,91.0683632851756,-59.72355200654113,-39.60660085191043,-49.38682148052995,1.5526315789473681,0.2142857142857143,-1.3383458646616537,-86.19854721549636,-151.48936170212764,-6.2099678943792345,-7.279550379278307,-1.0695824848990725,17.223639527463146,-15.857978961157764,0.5231982885676074,0.20623979624929514,-0.3169584923183123,-60.58094975541096,-86.90483782400052,699.5904151931431,28.639941410561303,-670.9504737825819,-95.90618442040056,-184.268746200512,2.181524369634719,1.509937612704885,-0.6715867569298339,-30.785205348968276,-36.38595007304886
88fc3423-a0c8-4e39-adb0-6cbc7c7f3051,jitter_sigma_0p004,1926552804,True,8.624883327912988,2.792345813987796,-5.8325375139251925,-67.62453812040754,-102.17080591857456,5.874097874815885,2.6867636323998867,-3.1873342424159987,-54.26082966851996,-74.46293202452723,150.79191529171672,67.38086765933443,-83.41104763238229,-55.31533137636605,-76.46329345406593,1.5526315789473681,0.6666666666666667,-0.8859649122807014,-57.06214689265535,-79.84189723320155,-6.2099678943792345,-7.010935507629058,-0.8009676132498234,12.898095881861082,-12.116685053884504,0.5231982885676074,0.3625546181028625,-0.16064367046474493,-30.704165891778644,-36.27279555166277,699.5904151931431,32.72540393301657,-666.8650112601266,-95.32220521860899,-182.12497773320462,2.181524369634719,2.2627508588336656,0.0812264891989467,3.723382160179468,3.655331185550338
88fc3423-a0c8-4e39-adb0-6cbc7c7f3051,jitter_sigma_0p008,1926552804,True,8.624883327912988,2.4546260729110814,-6.170257255001907,-71.54018228899288,-111.38141648298935,5.874097874815885,2.478679037683599,-3.3954188371322864,-57.8032390588778,-81.30035969358222,150.79191529171672,147.13043394072415,-3.661481350992574,-2.428168210417118,-2.4580105255117086,1.5526315789473681,0.0,-1.5526315789473681,-100.0,-200.0,-6.2099678943792345,-7.890839377537345,-1.6808714831581106,27.067313579503384,-23.84078373308122,0.5231982885676074,1.0,0.4768017114323926,91.13212368063404,62.60533707410736,699.5904151931431,0.0,-699.5904151931431,-100.0,-200.0,2.181524369634719,0.0,-2.181524369634719,-100.0,-200.0
88fc3423-a0c8-4e39-adb0-6cbc7c7f3051,scale_minus_10pct,1926552804,True,8.624883327912988,7.762394995121691,-0.8624883327912967,-9.999999999999975,-10.526315789473658,5.874097874815885,5.874097874815885,0.0,0.0,0.0,150.79191529171672,135.71272376254512,-15.079191529171595,-9.999999999999948,-10.526315789473628,1.5526315789473681,1.5526315789473681,0.0,0.0,0.0,-6.2099678943792345,-6.118452913257885,0.09151498112134959,-1.4736788124811664,1.4846180634044965,0.5231982885676074,0.5231982885676077,3.3306690738754696e-16,6.365978533672292e-14,6.365978533672288e-14,699.5904151931431,777.3226835438891,77.73226835074593,11.111111110532521,10.526315788954395,2.181524369634719,1.9633719326712475,-0.2181524369634713,-9.999999999999973,-10.526315789473657
88fc3423-a0c8-4e39-adb0-6cbc7c7f3051,scale_minus_5pct,1926552804,True,8.624883327912988,8.19363916151734,-0.4312441663956488,-4.999999999999993,-5.12820512820512,5.874097874815885,5.874097874815885,0.0,0.0,0.0,150.79191529171672,143.25231952713088,-7.53959576458584,-5.000000000000003,-5.128205128205131,1.5526315789473681,1.5526315789473681,0.0,0.0,0.0,-6.2099678943792345,-6.16541510495693,0.044552789422304784,-0.7174399317366906,0.7200227972692994,0.5231982885676074,0.5231982885676075,1.1102230246251565e-16,2.1219928445574303e-14,2.1219928445574303e-14,699.5904151931431,736.410963358538,36.820548165394825,5.263157894355857,5.1282051278434295,2.181524369634719,2.0724481511529826,-0.10907621848173621,-5.000000000000012,-5.12820512820514
88fc3423-a0c8-4e39-adb0-6cbc7c7f3051,scale_plus_5pct,1926552804,True,8.624883327912988,9.056127494308639,0.43124416639565055,5.000000000000013,4.878048780487817,5.874097874815885,5.874097874815885,0.0,0.0,0.0,150.79191529171672,158.33151105630262,7.539595764585897,5.000000000000041,4.878048780487844,1.5526315789473681,1.5526315789473681,0.0,0.0,0.0,-6.2099678943792345,-6.252346492519111,-0.042378598139876544,0.6824286189665209,-0.6801079931738722,0.5231982885676074,0.5231982885676072,-2.220446049250313e-16,-4.2439856891148606e-14,-4.243985689114862e-14,699.5904151931431,666.2765858931845,-33.313829299958684,-4.761904762626199,-4.878048781244864,2.181524369634719,2.290600588116455,0.10907621848173621,5.000000000000012,4.878048780487817
88fc3423-a0c8-4e39-adb0-6cbc7c7f3051,scale_plus_10pct,1926552804,True,8.624883327912988,9.487371660704286,0.8624883327912976,9.999999999999986,9.523809523809511,5.874097874815885,5.874097874815885,0.0,0.0,0.0,150.79191529171672,165.87110682088837,15.079191529171652,9.999999999999986,9.523809523809513,1.5526315789473681,1.5526315789473681,0.0,0.0,0.0,-6.2099678943792345,-6.292753264695684,-0.08278537031644984,1.3331046428014632,-1.3242776394538922,0.5231982885676074,0.5231982885676082,7.771561172376096e-16,1.4853949911902011e-13,1.4853949911902e-13,699.5904151931431,635.9912865382229,-63.599128654920264,-9.090909091051769,-9.523809523966111,2.181524369634719,2.399676806598191,0.21815243696347197,10.000000000000005,9.523809523809527
88fc3423-a0c8-4e39-adb0-6cbc7c7f3051,combined_degradation,1926552804,True,8.624883327912988,4.444167378534855,-4.180715949378133,-48.47272467846547,-63.97887716994631,5.874097874815885,3.3565352113171025,-2.517562663498783,-42.858711535815054,-54.54799557098356,150.79191529171672,77.70229824200439,-73.08961704971233,-48.470514422683564,-63.97502669267884,1.5526315789473681,0.5,-1.0526315789473681,-67.79661016949152,-102.56410256410255,-6.2099678943792345,-6.187826424822053,0.022141469557181104,-0.3565472468419972,0.3571840117219744,0.5231982885676074,0.20913189510866495,-0.3140663934589425,-60.02817675852528,-85.7718008787621,699.5904151931431,54.08273883313918,-645.507676360004,-92.26937109791477,-171.29644937240093,2.181524369634719,2.59266668467488,0.41114231504016097,18.84656072437109,17.22353841156098
9895edcd-aed8-45b5-b115-250b78f8f3b1,frame_thinning_2x,2682738368,True,10.648436066865145,10.948139650170873,0.2997035833057282,2.814531461932886,2.775473179012478,11.223603199265018,12.685787269238418,1.4621840699734001,13.027759838027345,12.231044299515537,84.13812967744359,71.95799943617219,-12.1801302412714,-14.47635012563958,-15.605935022778173,0.19999999999999998,0.3,0.1,50.000000000000014,40.0,-4.644945861086559,-4.89950022178225,-0.2545543606956908,5.480243867388041,-5.334083476097933,0.8243763591217247,0.816913529567183,-0.0074628295545416945,-0.905269719584445,-0.9093859172559868,128.86515927419072,197.98162069632457,69.11646142213385,53.63471539663598,42.29288196039063,0.02110898545320948,0.01014804723133876,-0.010960938221870721,-51.92546200842724,-70.13422120065292
9895edcd-aed8-45b5-b115-250b78f8f3b1,frame_thinning_3x,2682738368,True,10.648436066865145,9.48160122373769,-1.1668348431274556,-10.957804843833436,-11.592972494612921,11.223603199265018,10.92868654971529,-0.2949166495497284,-2.627646793224489,-2.6626290364706313,84.13812967744359,51.83261108224831,-32.305518595195274,-38.395812598929204,-47.51833874655502,0.19999999999999998,0.25,0.05000000000000002,25.00000000000001,22.222222222222232,-4.644945861086559,-4.493147723456277,0.1517981376302826,-3.268028135741792,3.3223152340451065,0.8243763591217247,0.7835598676078877,-0.04081649151383704,-4.951196266390047,-5.0768793979912825,128.86515927419072,71.95709899585648,-56.90806027833423,-44.160935817608426,-56.675052624704115,0.02110898545320948,0.03082652653604947,0.009717541082839988,46.03509299099214,37.42156651829955
9895edcd-aed8-45b5-b115-250b78f8f3b1,landmark_dropout_5pct,2682738368,True,10.648436066865145,10.648436066865145,0.0,0.0,0.0,11.223603199265018,11.223603199265018,0.0,0.0,0.0,84.13812967744359,84.13812967744359,0.0,0.0,0.0,0.19999999999999998,0.19999999999999998,0.0,0.0,0.0,-4.644945861086559,-4.644945861086559,0.0,-0.0,0.0,0.8243763591217247,0.8243763591217247,0.0,0.0,0.0,128.86515927419072,128.86515927419072,0.0,0.0,0.0,0.02110898545320948,0.02110898545320948,0.0,0.0,0.0
9895edcd-aed8-45b5-b115-250b78f8f3b1,landmark_dropout_10pct,2682738368,True,10.648436066865145,11.416099170673567,0.7676631038084221,7.209162913577213,6.958343745236798,11.223603199265018,11.85457468668832,0.6309714874233023,5.621826397645827,5.468122228205431,84.13812967744359,234.54815830300456,150.41002862556098,178.76559557739265,94.3937874319769,0.19999999999999998,1.9999999999999996,1.7999999999999996,899.9999999999998,163.63636363636363,-4.644945861086559,-7.299620650065145,-2.6546747889785856,57.151899470311506,-44.44991430204058,0.8243763591217247,0.6082244119217917,-0.21615194719993303,-26.220056507954364,-30.1761595510641,128.86515927419072,128.432067233767,-0.4330920404237304,-0.33608156220272534,-0.3366472668995798,0.02110898545320948,6.312372145273067,6.291263159819858,29803.721139346908,198.66683203012627
9895edcd-aed8-45b5-b115-250b78f8f3b1,landmark_dropout_20pct,2682738368,True,10.648436066865145,11.414554691292693,0.7661186244275484,7.194658629838499,6.944830216585885,11.223603199265018,11.854585421375294,0.6309822221102763,5.621922041502647,5.4682127135918135,84.13812967744359,234.46739784723945,150.32926816979585,178.6696100164172,94.36701826094308,0.19999999999999998,0.19999999999999998,0.0,0.0,0.0,-4.644945861086559,-7.299302318235477,-2.6543564571489178,57.1450461755867,-44.44576866284741,0.8243763591217247,0.6088114345006547,-0.21556492462107002,-26.14884842776531,-30.081881185469783,128.86515927419072,367.5080072544163,238.6428479802256,185.18802857524682,96.15461272783048,0.02110898545320948,0.02080672154986786,-0.0003022639033416208,-1.4319205629831138,-1.442246474904643
9895edcd-aed8-45b5-b115-250b78f8f3b1,jitter_sigma_0p004,2682738368,True,10.648436066865145,10.44523083182813,-0.20320523503701438,-1.908310607877248,-1.9266942633819886,11.223603199265018,11.354949018888561,0.13134581962354375,1.1702642840415545,1.1634565259497838,84.13812967744359,76.5755319856621,-7.562597691781491,-8.988312101509587,-9.411269226924226,0.19999999999999998,1.0,0.8,400.0000000000001,133.33333333333334,-4.644945861086559,-5.04265772512225,-0.39771186403569114,8.562249721090554,-8.210737784561507,0.8243763591217247,0.7871911665651279,-0.0371851925565968,-4.5107058378303355,-4.614785538167061,128.86515927419072,160.3761705424612,31.511011268270494,24.45270036195234,21.78873350378046,0.02110898545320948,0.43336585285565343,0.41225686740244394,1952.9923326550165,181.4212064793222
9895edcd-aed8-45b5-b115-250b78f8f3b1,jitter_sigma_0p008,2682738368,True,10.648436066865145,10.247350758551164,-0.4010853083139807,-3.7666123531702675,-3.8389107973299765,11.223603199265018,11.448938402954338,0.2253352036893208,2.007690397537192,1.9877365991227323,84.13812967744359,78.74960279152758,-5.388526885916008,-6.404381588435292,-6.616246422292704,0.19999999999999998,0.7142857142857142,0.5142857142857142,257.1428571428571,112.5,-4.644945861086559,-5.529496235012213,-0.8845503739256539,19.043287056067804,-17.387692918608693,0.8243763591217247,0.722336294223689,-0.10204006489803574,-12.377849482091813,-13.194443670882421,128.86515927419072,76.88352043645658,-51.98163883773414,-40.33800845046958,-50.52925628571519,0.02110898545320948,0.933029335061308,0.9119203496080985,4320.057691211527,191.15055542813687
9895edcd-aed8-45b5-b115-250b78f8f3b1,scale_minus_10pct,2682738368,True,10.648436066865145,9.58359246017863,-1.0648436066865141,-9.999999999999996,-10.526315789473681,11.223603199265018,11.223603199265018,0.0,0.0,0.0,84.13812967744359,75.72431670969924,-8.413812967744349,-9.999999999999988,-10.52631578947367,0.19999999999999998,0.19999999999999998,0.0,0.0,0.0,-4.644945861086559,-4.553430879965212,0.09151498112134693,-1.9702055493912578,1.9898071952830847,0.8243763591217247,0.8243763591217256,8.881784197001252e-16,1.0773943355755301e-13,1.0773943355755296e-13,128.86515927419072,143.1835103047686,14.318351030577873,11.111111111198207,10.526315789551854,0.02110898545320948,0.018998086907888533,-0.002110898545320948,-10.0,-10.526315789473685
9895edcd-aed8-45b5-b115-250b78f8f3b1,scale_minus_5pct,2682738368,True,10.648436066865145,10.116014263521885,-0.5324218033432597,-5.000000000000023,-5.1282051282051535,11.223603199265018,11.223603199265018,0.0,0.0,0.0,84.13812967744359,79.93122319357138,-4.206906483872203,-5.000000000000028,-5.128205128205157,0.19999999999999998,0.19999999999999998,0.0,0.0,0.0,-4.644945861086559,-4.600393071664256,0.04455278942230301,-0.9591670334749841,0.9637892076509731,0.8243763591217247,0.8243763591217256,8.881784197001252e-16,1.0773943355755301e-13,1.0773943355755296e-13,128.86515927419072,135.64753607815786,6.782376803967139,5.2631578947852375,5.128205128251073,0.02110898545320948,0.02005353618054901,-0.0010554492726604706,-4.999999999999984,-5.128205128205111
9895edcd-aed8-45b5-b115-250b78f8f3b1,scale_plus_5pct,2682738368,True,10.648436066865145,11.180857870208401,0.5324218033432562,4.99999999999999,4.878048780487796,11.223603199265018,11.223603199265018,0.0,0.0,0.0,84.13812967744359,88.34503616131575,4.20690648387216,4.999999999999978,4.8780487804877835,0.19999999999999998,0.19999999999999998,0.0,0.0,0.0,-4.644945861086559,-4.687324459226435,-0.042378598139875656,0.9123593558948894,-0.9082162578945597,0.8243763591217247,0.824376359121725,3.3306690738754696e-16,4.040228758408238e-14,4.040228758408238e-14,128.86515927419072,122.72872311827304,-6.1364361559176785,-4.761904761907738,-4.8780487804909285,0.02110898545320948,0.022164434725869955,0.001055449272660474,5.0,4.878048780487805
9895edcd-aed8-45b5-b115-250b78f8f3b1,scale_plus_10pct,2682738368,True,10.648436066865145,11.713279673551655,1.0648436066865106,9.999999999999963,9.52380952380949,11.223603199265018,11.223603199265018,0.0,0.0,0.0,84.13812967744359,92.55194264518792,8.413812967744335,9.999999999999972,9.523809523809497,0.19999999999999998,0.19999999999999998,0.0,0.0,0.0,-4.644945861086559,-4.727731231403007,-0.08278537031644806,1.782267711879911,-1.7665256041475048,0.8243763591217247,0.8243763591217251,4.440892098500626e-16,5.386971677877651e-14,5.3869716778776495e-14,128.86515927419072,117.15014479477381,-11.715014479416908,-9.090909090866429,-9.523809523762704,0.02110898545320948,0.023219883998530432,0.0021108985453209515,10.000000000000016,9.523809523809538
9895edcd-aed8-45b5-b115-250b78f8f3b1,combined_degradation,2682738368,True,10.648436066865145,11.086832479774257,0.43839641290911224,4.117002817655779,4.033963619712394,11.223603199265018,12.183979325259195,0.960376125994177,8.556754091743619,8.205683991398832,84.13812967744359,66.08202605013165,-18.05610362731194,-21.460072498084735,-24.03952191349974,0.19999999999999998,0.08333333333333333,-0.11666666666666665,-58.333333333333336,-82.35294117647058,-4.644945861086559,-4.74582284834161,-0.10087698725505057,2.1717580844193765,-2.1484287469197665,0.8243763591217247,0.8236124545092972,-0.0007639046124274795,-0.09266454623241857,-0.09270749972439009,128.86515927419072,77.04639691588409,-51.81876235830663,-40.21161549806501,-50.33108711050027,0.02110898545320948,0.2643572259752317,0.2432482405220222,1152.3445362223124,170.4217387443754
98ca02b4-1780-4e48-89f1-c5a4b9ffcefd,frame_thinning_2x,2250020320,True,4.130948451860602,13.153848486988268,9.022900035127666,218.42199534258776,104.40273110583122,2.9968217095321465,16.405066672509886,13.40824496297774,447.4155042433602,138.21587568133958,90.62634716293675,250.0778782102735,159.45153104733674,175.9439015683369,93.60114678511674,0.1111111111111111,0.16666666666666666,0.05555555555555555,50.0,40.0,-6.589862796433456,-6.979775404753765,-0.3899126083203086,5.916854726191505,-5.746838678222014,0.543112948179501,0.7997282118001638,0.2566152636206629,47.248968097856974,38.21974947871704,21.85882998959327,8.761888356319192,-13.09694163327408,-59.91602313348599,-85.54300709292393,0.15402323654026315,0.5994733309015448,0.4454500943612816,289.2096701557344,118.23546744841234
98ca02b4-1780-4e48-89f1-c5a4b9ffcefd,frame_thinning_3x,2250020320,True,4.130948451860602,1.4169032967478732,-2.7140451551127294,-65.7002910285726,-97.84130067258818,2.9968217095321465,0.9684132039642098,-2.0284085055679366,-67.68532472639505,-102.30962602815288,90.62634716293675,13.802052907228465,-76.82429425570828,-84.77037490828819,-147.1329527295069,0.1111111111111111,0.5,0.3888888888888889,350.00000000000006,127.27272727272728,-6.589862796433456,-4.530597650318993,2.0592651461144635,-31.24898362419582,37.035609379211245,0.543112948179501,0.8113036957784313,0.26819074759893036,49.3802897717497,39.60239986644172,21.85882998959327,11.229470088104263,-10.629359901489009,-48.62730487656256,-64.24844961227551,0.15402323654026315,0.8281231744337079,0.6740999378934447,437.6611951776695,137.2707633732441
98ca02b4-1780-4e48-89f1-c5a4b9ffcefd,landmark_dropout_5pct,2250020320,True,4.130948451860602,4.130948451860602,0.0,0.0,0.0,2.9968217095321465,2.9968217095321465,0.0,0.0,0.0,90.62634716293675,90.62634716293675,0.0,0.0,0.0,0.1111111111111111,0.1111111111111111,0.0,0.0,0.0,-6.589862796433456,-6.589862796433456,0.0,-0.0,0.0,0.543112948179501,0.543112948179501,0.0,0.0,0.0,21.85882998959327,21.85882998959327,0.0,0.0,0.0,0.15402323654026315,0.15402323654026315,0.0,0.0,0.0
98ca02b4-1780-4e48-89f1-c5a4b9ffcefd,landmark_dropout_10pct,2250020320,True,4.130948451860602,2.767873865902618,-1.3630745859579845,-32.99664960341125,-39.516152849691856,2.9968217095321465,0.6348652767331203,-2.361956432799026,-78.81538048413853,-130.07489035986558,90.62634716293675,69.22933389360418,-21.397013269332575,-23.610146430003372,-26.770413322707565,0.1111111111111111,2.4999999999999996,2.3888888888888884,2149.9999999999995,182.9787234042553,-6.589862796433456,-7.008462192546812,-0.41859939611335584,6.352171646728499,-6.156631738873398,0.543112948179501,0.9665805178155079,0.42346756963600696,77.97044262256279,56.0998082292034,21.85882998959327,12.380526192449162,-9.47830379714411,-43.36144158519288,-55.36496508141242,0.15402323654026315,1.3832871880305349,1.2292639514902717,798.1029220671714,159.92397265288434
98ca02b4-1780-4e48-89f1-c5a4b9ffcefd,landmark_dropout_20pct,2250020320,True,4.130948451860602,2.767873865902618,-1.3630745859579845,-32.99664960341125,-39.516152849691856,2.9968217095321465,0.6348652767331203,-2.361956432799026,-78.81538048413853,-130.07489035986558,90.62634716293675,69.22933389360418,-21.397013269332575,-23.610146430003372,-26.770413322707565,0.1111111111111111,2.4999999999999996,2.3888888888888884,2149.9999999999995,182.9787234042553,-6.589862796433456,-7.008462192546812,-0.41859939611335584,6.352171646728499,-6.156631738873398,0.543112948179501,0.9665805178155079,0.42346756963600696,77.97044262256279,56.0998082292034,21.85882998959327,12.380526192449162,-9.47830379714411,-43.36144158519288,-55.36496508141242,0.15402323654026315,1.3832871880305349,1.2292639514902717,798.1029220671714,159.92397265288434
98ca02b4-1780-4e48-89f1-c5a4b9ffcefd,jitter_sigma_0p004,2250020320,True,4.130948451860602,2.1826973943371497,-1.9482510575234526,-47.16231829632126,-61.715563558153704,2.9968217095321465,1.635390094579614,-1.3614316149525325,-45.42918287805231,-58.7810606477046,90.62634716293675,33.32883402603107,-57.297513136905685,-63.22390224323035,-92.44875863568215,0.1111111111111111,5.000000000000003,4.888888888888892,4400.000000000003,191.304347826087,-6.589862796433456,-5.641849551464474,0.9480132449689824,-14.385932973931764,15.500908098642501,0.543112948179501,0.9936410008209935,0.45052805264149254,82.95292059444535,58.63372635997015,21.85882998959327,15.969351794226839,-5.889478195366433,-26.943245352886425,-31.138045328340272,0.15402323654026315,1.6875309589873757,1.5335077224471125,995.634007500056,166.54494623849337
98ca02b4-1780-4e48-89f1-c5a4b9ffcefd,jitter_sigma_0p008,2250020320,True,4.130948451860602,2.244354268896345,-1.8865941829642572,-45.66975853001808,-59.18445807512211,2.9968217095321465,3.451132653025607,0.45431094349346024,15.159758822101757,14.091630242657166,90.62634716293675,36.34328371845053,-54.283063444486224,-59.897662372831725,-85.50558596991823,0.1111111111111111,5.000000000000003,4.888888888888892,4400.000000000003,191.304347826087,-6.589862796433456,-5.848044296596037,0.7418184998374189,-11.25696426090849,11.92834926791103,0.543112948179501,0.9368355642635827,0.39372261608408177,72.49368983078543,53.20760996396131,21.85882998959327,25.29866230808002,3.439832318486747,15.73658022924562,14.5886990630181,0.15402323654026315,1.5908656405764152,1.436842404036152,932.8737898976351,164.69156550650328
98ca02b4-1780-4e48-89f1-c5a4b9ffcefd,scale_minus_10pct,2250020320,True,4.130948451860602,3.7178536066745433,-0.413094845186059,-9.99999999999997,-10.526315789473651,2.9968217095321465,2.9968217095321465,0.0,0.0,0.0,90.62634716293675,81.56371244664311,-9.062634716293644,-9.999999999999966,-10.526315789473646,0.1111111111111111,0.1111111111111111,0.0,0.0,0.0,-6.589862796433456,-6.498347815312107,0.09151498112134959,-1.3887236191150902,1.3984338094196411,0.543112948179501,0.5431129481795005,-4.440892098500626e-16,-8.176737662739159e-14,-8.176737662739161e-14,21.85882998959327,24.287588877324055,2.4287588877307833,11.111111111102865,10.526315789466283,0.15402323654026315,0.13862091288623685,-0.015402323654026301,-9.999999999999991,-10.526315789473674
98ca02b4-1780-4e48-89f1-c5a4b9ffcefd,scale_minus_5pct,2250020320,True,4.130948451860602,3.9244010292675737,-0.2065474225930286,-4.999999999999964,-5.1282051282050904,2.9968217095321465,2.9968217095321465,0.0,0.0,0.0,90.62634716293675,86.09502980478995,-4.531317358146808,-4.999999999999967,-5.128205128205093,0.1111111111111111,0.1111111111111111,0.0,0.0,0.0,-6.589862796433456,-6.545310007011152,0.044552789422303896,-0.6760806832945992,0.6783738606106535,0.543112948179501,0.5431129481795018,8.881784197001252e-16,1.6353475325478317e-13,1.6353475325478302e-13,21.85882998959327,23.00929472588593,1.1504647362926583,5.263157894728954,5.1282051281976395,0.15402323654026315,0.14632207471325,-0.0077011618270131366,-4.999999999999987,-5.128205128205114
98ca02b4-1780-4e48-89f1-c5a4b9ffcefd,scale_plus_5pct,2250020320,True,4.130948451860602,4.337495874453633,0.20654742259303038,5.000000000000006,4.878048780487812,2.9968217095321465,2.9968217095321465,0.0,0.0,0.0,90.62634716293675,95.15766452108359,4.531317358146836,4.999999999999998,4.878048780487803,0.1111111111111111,0.1111111111111111,0.0,0.0,0.0,-6.589862796433456,-6.632241394573333,-0.042378598139876544,0.6430877159204673,-0.6410265344709805,0.543112948179501,0.5431129481795012,2.220446049250313e-16,4.088368831369579e-14,4.088368831369578e-14,21.85882998959327,20.817933323422672,-1.0408966661705996,-4.761904761902436,-4.878048780485364,0.15402323654026315,0.1617243983672763,0.007701161827013164,5.000000000000004,4.878048780487809
98ca02b4-1780-4e48-89f1-c5a4b9ffcefd,scale_plus_10pct,2250020320,True,4.130948451860602,4.544043297046664,0.41309484518606165,10.000000000000034,9.523809523809556,2.9968217095321465,2.9968217095321465,0.0,0.0,0.0,90.62634716293675,99.68898187923048,9.06263471629373,10.00000000000006,9.523809523809577,0.1111111111111111,0.1111111111111111,0.0,0.0,0.0,-6.589862796433456,-6.672648166749907,-0.08278537031645072,1.2562533223188737,-1.2484117154928254,0.543112948179501,0.5431129481795012,2.220446049250313e-16,4.088368831369579e-14,4.088368831369578e-14,21.85882998959327,19.87166362690321,-1.9871663626900613,-9.090909090908012,-9.523809523808339,0.15402323654026315,0.16942556019428948,0.015402323654026329,10.000000000000009,9.523809523809533
98ca02b4-1780-4e48-89f1-c5a4b9ffcefd,combined_degradation,2250020320,True,4.130948451860602,13.371907638846457,9.240959186985855,223.70066571088958,105.59372869313867,2.9968217095321465,17.377710902120846,14.3808891925887,479.8713632795257,141.16534073879768,90.62634716293675,252.70667386578762,162.08032670285087,178.8445984824339,94.41581017591122,0.1111111111111111,0.39999999999999997,0.28888888888888886,260.0,113.04347826086956,-6.589862796433456,-6.986330286102912,-0.39646748966945555,6.0163238889287705,-5.840628330182612,0.543112948179501,0.8167371339554713,0.27362418577597036,50.380714857406886,40.243287016812744,21.85882998959327,9.740785124514387,-12.118044865078884,-55.437756141788654,-76.69742065730908,0.15402323654026315,1.0045188839536348,0.8504956474133716,552.186583347795,146.8217050323206
9e290e83-fc93-4a9d-b112-46b06796dd0c,frame_thinning_2x,2522142341,True,11.742121527652426,10.90443441338666,-0.8376871142657656,-7.134035466189238,-7.397920606088682,27.606326896162674,25.881131720106175,-1.7251951760564985,-6.249274604859886,-6.4508399564594745,69.77570631901442,62.92387440847014,-6.851831910544277,-9.819795845874655,-10.326832794770294,0.3458646616541353,4.625000000000001,4.279135338345865,1237.2282608695655,172.16865191907732,-4.61088027338536,-3.9799046258139286,0.6309756475714319,-13.684494286557616,14.689592510464148,0.3994134406920891,0.5438067233412989,0.14439328264920975,36.15133291433816,30.617089870461793,815.0407469770503,153.20298081859056,-661.8377661584598,-81.20302802199602,-136.70891887215993,1.088924193871758,0.5259935352499144,-0.5629306586218435,-51.69603740920643,-69.71632653113696
9e290e83-fc93-4a9d-b112-46b06796dd0c,frame_thinning_3x,2522142341,True,11.742121527652426,9.876440053288826,-1.8656814743635994,-15.888793775213127,-17.25999639132669,27.606326896162674,13.180681496141965,-14.42564540002071,-52.254852499141776,-70.73647207105498,69.77570631901442,58.78540617570262,-10.9903001433118,-15.750897730886685,-17.097394274280916,0.3458646616541353,2.0500000000000003,1.704135338345865,492.717391304348,142.25639416287464,-4.61088027338536,-3.948992192211683,0.6618880811736774,-14.354917975081397,15.464905203526564,0.3994134406920891,0.5100118595642458,0.11059841887215666,27.690209593476805,24.322705524243247,815.0407469770503,113.61247539239335,-701.428271584657,-86.06051589276034,-151.06355196721853,1.088924193871758,0.19180060921724656,-0.8971235846545114,-82.38622942747888,-140.09623027378277
9e290e83-fc93-4a9d-b112-46b06796dd0c,landmark_dropout_5pct,2522142341,True,11.742121527652426,50.49808831528893,38.75596678763651,330.0593227243229,124.53674846352341,27.606326896162674,27.60632864729602,1.7511333467723489e-06,6.343231945919468e-06,6.343231744736516e-06,69.77570631901442,1483.465089064453,1413.6893827454385,2026.048115202235,182.03093647130532,0.3458646616541353,0.07185628742514971,-0.2740083742289856,-79.22416037490237,-131.1920672558741,-4.61088027338536,-7.897151648696427,-3.286271375311067,71.27210381670243,-52.54657800336206,0.3994134406920891,0.1189072896490066,-0.2805061510430825,-70.22952221062756,-108.2365163586984,815.0407469770503,1924.60208084807,1109.5613338710198,136.1356886740121,81.000437181211,1.088924193871758,4.78084698469476e-06,-1.0889194130247732,-99.99956095685893,-199.998243835146
9e290e83-fc93-4a9d-b112-46b06796dd0c,landmark_dropout_10pct,2522142341,True,11.742121527652426,58.1515979451805,46.40947641752807,395.2392785940328,132.8001335958863,27.606326896162674,27.546846823257287,-0.05948007290538726,-0.21545811990531452,-0.21569048123315435,69.77570631901442,1741.1414145788954,1671.3657082598809,2395.3404364241037,184.58776373279468,0.3458646616541353,0.059171597633136085,-0.28669306402099926,-82.89169024954978,-141.56414762741656,-4.61088027338536,-8.39267140432025,-3.7817911309348897,82.01885337955773,-58.16551084914305,0.3994134406920891,0.0668726044466106,-0.33254083624547853,-83.25729741825009,-142.6338359092699,815.0407469770503,5015.1899710691805,4200.149224092131,515.3299684304492,144.0817500100457,1.088924193871758,4.7074843140989325e-06,-1.0889194863874438,-99.9995676940286,-199.9982707835899
9e290e83-fc93-4a9d-b112-46b06796dd0c,landmark_dropout_20pct,2522142341,True,11.742121527652426,59.4618123187794,47.71969079112698,406.3975209143272,134.03666964256726,27.606326896162674,27.546852439685143,-0.059474456477531135,-0.21543777519275187,-0.2156700926173974,69.77570631901442,1778.8709307957633,1709.0952244767489,2449.4130043811642,184.90231612290927,0.3458646616541353,0.059171597633136085,-0.28669306402099926,-82.89169024954978,-141.56414762741656,-4.61088027338536,-8.91718358043984,-4.306303307054479,93.39438570788876,-63.66473951609605,0.3994134406920891,0.024545275739193337,-0.37486816495289577,-93.85466956328204,-176.8418246514134,815.0407469770503,19106.867659431122,18291.82691245407,2244.2837343160622,183.63528773749644,1.088924193871758,53.211824548881786,52.12290035501003,4786.641774362901,191.97856958451555
9e290e83-fc93-4a9d-b112-46b06796dd0c,jitter_sigma_0p004,2522142341,True,11.742121527652426,11.969054787579706,0.22693325992728042,1.9326427459710565,1.9141459445982678,27.606326896162674,29.00659574345253,1.4002688472898548,5.072275107647496,4.9468170233981485,69.77570631901442,85.36530807297187,15.589601753957453,22.342449222487005,20.09733121193608,0.3458646616541353,1.0112359550561798,0.6653712934020445,192.37909135319984,98.05776892430278,-4.61088027338536,-4.890306364591538,-0.2794260912061777,6.060146319978503,-5.881919845449458,0.3994134406920891,0.26350341078372685,-0.13591002990836226,-34.02740520520849,-41.00364309816325,815.0407469770503,216.27147593837984,-598.7692710386705,-73.46494923836372,-116.1179432831702,1.088924193871758,1.1561451559087994,0.06722096203704142,6.173153504655991,5.988319429296194
9e290e83-fc93-4a9d-b112-46b06796dd0c,jitter_sigma_0p008,2522142341,True,11.742121527652426,10.929350791945481,-0.8127707357069447,-6.921838901027283,-7.169986353328814,27.606326896162674,22.63468438974285,-4.971642506419823,-18.009069171425658,-19.791172108888475,69.77570631901442,101.69622822834364,31.920521909329224,45.74732896774796,37.23119120757717,0.3458646616541353,2.8804347826086962,2.534570120954561,732.8213610586014,157.11933530916738,-4.61088027338536,-5.451085176106376,-0.8402049027210152,18.222223369598083,-16.700611961720796,0.3994134406920891,0.1140267102895157,-0.2853867304025734,-71.451458896342,-111.16650299239961,815.0407469770503,100.31890099820616,-714.7218459788442,-87.69154776981587,-156.1619736154601,1.088924193871758,1.7453542035514218,0.6564300096796638,60.28243411009851,46.32078558524565
9e290e83-fc93-4a9d-b112-46b06796dd0c,scale_minus_10pct,2522142341,True,11.742121527652426,10.567909374887185,-1.1742121527652412,-9.999999999999988,-10.526315789473673,27.606326896162674,27.606326896162674,0.0,0.0,0.0,69.77570631901442,62.798135687112996,-6.977570631901422,-9.999999999999972,-10.526315789473651,0.3458646616541353,0.3458646616541353,0.0,0.0,0.0,-4.61088027338536,-4.519365292264013,0.09151498112134782,-1.9847616007204731,2.0046554161840655,0.3994134406920891,0.3994134406920894,2.7755575615628914e-16,6.949084028703455e-14,6.949084028703453e-14,815.0407469770503,905.6008336929063,90.56008671585607,11.111111567334442,10.526316198937282,1.088924193871758,0.9800317744845819,-0.10889241938717609,-10.000000000000027,-10.526315789473713
9e290e83-fc93-4a9d-b112-46b06796dd0c,scale_minus_5pct,2522142341,True,11.742121527652426,11.155015451269804,-0.5871060763826215,-5.000000000000002,-5.1282051282051295,27.606326896162674,27.606326896162674,0.0,0.0,0.0,69.77570631901442,66.28692100306374,-3.488785315950679,-4.99999999999994,-5.128205128205065,0.3458646616541353,0.3458646616541353,0.0,0.0,0.0,-4.61088027338536,-4.5663274839630565,0.044552789422303896,-0.9662534436096458,0.9709443351465893,0.3994134406920891,0.3994134406920897,6.106226635438361e-16,1.5287984863147601e-13,1.5287984863147591e-13,815.0407469770503,857.9376327731138,42.89688579606354,5.263158431669359,5.128205637955655,1.088924193871758,1.03447798417817,-0.054446209693588044,-5.000000000000013,-5.128205128205142
9e290e83-fc93-4a9d-b112-46b06796dd0c,scale_plus_5pct,2522142341,True,11.742121527652426,12.329227604035049,0.5871060763826232,5.000000000000017,4.878048780487821,27.606326896162674,27.606326896162674,0.0,0.0,0.0,69.77570631901442,73.26449163496517,3.48878531595075,5.000000000000042,4.878048780487844,0.3458646616541353,0.3458646616541353,0.0,0.0,0.0,-4.61088027338536,-4.653258871525235,-0.04237859813987477,0.9190999468038653,-0.9148955445721286,0.3994134406920891,0.3994134406920894,2.7755575615628914e-16,6.949084028703455e-14,6.949084028703453e-14,815.0407469770503,776.2292836880098,-38.81146328904049,-4.761904657281304,-4.878048670698526,1.088924193871758,1.1433704035653458,0.05444620969358782,4.999999999999993,4.878048780487798
9e290e83-fc93-4a9d-b112-46b06796dd0c,scale_plus_10pct,2522142341,True,11.742121527652426,12.91633368041767,1.1742121527652447,10.000000000000018,9.52380952380954,27.606326896162674,27.606326896162674,0.0,0.0,0.0,69.77570631901442,76.75327695091586,6.977570631901443,10.000000000000002,9.523809523809526,0.3458646616541353,0.3458646616541353,0.0,0.0,0.0,-4.61088027338536,-4.6936656437018085,-0.08278537031644806,1.7954352619888374,-1.7794607292854203,0.3994134406920891,0.39941344069208945,3.3306690738754696e-16,8.338900834444146e-14,8.338900834444144e-14,815.0407469770503,740.9461326134119,-74.09461436363836,-9.090909213858566,-9.523809658747272,1.088924193871758,1.1978166132589336,0.10889241938717564,9.999999999999986,9.523809523809511
9e290e83-fc93-4a9d-b112-46b06796dd0c,combined_degradation,2522142341,True,11.742121527652426,11.338910634407746,-0.4032108932446796,-3.4338845181863196,-3.493872287977348,27.606326896162674,24.79960942657729,-2.806717469585383,-10.166935572930281,-10.711448612616405,69.77570631901442,168.00698235511894,98.23127603610452,140.7814857322852,82.62273135511937,0.3458646616541353,0.10429447852760736,-0.24157018312652795,-69.84529207788744,-107.32657034532225,-4.61088027338536,-5.8109914894240875,-1.200111216038727,26.027811282933005,-23.03062719158253,0.3994134406920891,0.28168951678849885,-0.11772392390359027,-29.47420189455881,-34.56861333829856,815.0407469770503,139.38379375335035,-675.6569532236999,-82.89854902711078,-141.58415346416683,1.088924193871758,0.3317171967496322,-0.7572069971221258,-69.53716350353234,-106.60072304255792
9e75894c-aae0-4e99-8db9-345a28c0257f,frame_thinning_2x,3152564248,True,16.864683416218917,24.313862723446228,7.449179307227311,44.17028842689908,36.17990437040664,1.1126385127621465,46.04737435555821,44.934735842796066,4038.574552955633,190.56286506223952,142.39871810763134,229.3982775493873,86.99955944175596,61.095746224342975,46.79949566995034,0.3492063492063492,0.2058823529411765,-0.1433239962651727,-41.04278074866309,-51.64003364171572,-5.2267215271292145,-6.350705421855341,-1.123983894726127,21.504568186617682,-19.416816874404212,0.8222240642810864,0.06748388663677787,-0.7547401776443086,-91.79251866146943,-169.66020745699382,273.43105977339377,59.92221146435711,-213.50884830903667,-78.08507507741889,-128.0976469894966,0.10386133166478963,0.08999068226306982,-0.013870649401719809,-13.354969726834481,-14.310554861588042
9e75894c-aae0-4e99-8db9-345a28c0257f,frame_thinning_3x,3152564248,True,16.864683416218917,14.44043230911985,-2.4242511070990673,-14.374720516648676,-15.487891042273626,1.1126385127621465,26.295527388177227,25.18288887541508,2263.3486605544576,183.76194136034457,142.39871810763134,99.40656690956914,-42.9921511980622,-30.191389198859785,-35.55931475608899,0.3492063492063492,0.3947368421052631,0.04553049289891392,13.038277511961716,12.240314430095445,-5.2267215271292145,-5.397298565115432,-0.17057703798621748,3.263557032852049,-3.2111580457332876,0.8222240642810864,0.07427058209635799,-0.7479534821847285,-90.96711160341717,-166.86178444167155,273.43105977339377,40.38144773654571,-233.04961203684806,-85.23157984684993,-148.52793082472445,0.10386133166478963,0.0888056105550946,-0.015055721109695025,-14.495983123234993,-15.62875388608435
9e75894c-aae0-4e99-8db9-345a28c0257f,landmark_dropout_5pct,3152564248,True,16.864683416218917,16.86469507282284,1.1656603923881903e-05,6.911842716639225e-05,6.911840327961563e-05,1.1126385127621465,1.1067952633366076,-0.005843249425538932,-0.5251705166157652,-0.5265531676110651,142.39871810763134,142.400361785348,0.0016436777166575212,0.001154278450326467,0.0011542717885712102,0.3492063492063492,0.3709677419354838,0.021761392729134632,6.23167155425219,6.043370067543539,-5.2267215271292145,-5.227969447609335,-0.00124792048012079,0.023875778987716846,-0.023872929063826254,0.8222240642810864,0.8217479831264366,-0.00047608115464981005,-0.05790163233255314,-0.05791840018211631,273.43105977339377,289.12703282210566,15.695973048711892,5.740376774211366,5.580214116659377,0.10386133166478963,0.10396467718743731,0.00010334552264767982,0.09950336760674841,0.09945388762304803
9e75894c-aae0-4e99-8db9-345a28c0257f,landmark_dropout_10pct,3152564248,True,16.864683416218917,16.864742593793046,5.917757412987612e-05,0.0003508964424020229,0.0003508958267615366,1.1126385127621465,1.1063113899450363,-0.006327122817110231,-0.568659339447367,-0.5702808170108715,142.39871810763134,142.4014461312764,0.002728023645062194,0.0019157641875681996,0.0019157458369818644,0.3492063492063492,0.13333333333333333,-0.21587301587301586,-61.81818181818181,-89.47368421052632,-5.2267215271292145,-5.2330138178675965,-0.006292290738382,0.12038695204483281,-0.12031453054673666,0.8222240642810864,0.8285478994404096,0.006323835159323221,0.7691133638678506,0.7661670174076355,273.43105977339377,467.9919447581034,194.56088498470962,71.15537099038862,52.48309906641002,0.10386133166478963,0.08912806477574811,-0.014733266889041516,-14.185517028216854,-15.268472942844822
9e75894c-aae0-4e99-8db9-345a28c0257f,landmark_dropout_20pct,3152564248,True,16.864683416218917,15.512043255520855,-1.352640160698062,-8.020548784196068,-8.355632577759765,1.1126385127621465,1.2126185485114913,0.09998003574934478,8.98585071454541,8.59948238966591,142.39871810763134,141.00883963405033,-1.3898784735810068,-0.9760470403465812,-0.9808337396900639,0.3492063492063492,0.10526315789473685,-0.24394319131161235,-69.85645933014354,-107.3529411764706,-5.2267215271292145,-5.7182462018701585,-0.4915246747409441,9.404072365242593,-8.981747354788792,0.8222240642810864,0.5610162368930468,-0.2612078273880396,-31.76844837500922,-37.76752704014177,273.43105977339377,280.49771418781603,7.06665441442226,2.5844373423702325,2.551466811838563,0.10386133166478963,0.1042331535115753,0.00037182184678567765,0.35799834339282804,0.35735867432579965
9e75894c-aae0-4e99-8db9-345a28c0257f,jitter_sigma_0p004,3152564248,True,16.864683416218917,16.483088676789492,-0.3815947394294241,-2.262685459380999,-2.2885771101298134,1.1126385127621465,88.65474829381533,87.54210978105318,7867.974079355587,195.04212586622552,142.39871810763134,128.88444444001502,-13.514273667616322,-9.490446155141388,-9.963223327760169,0.3492063492063492,1.9310344827586206,1.5818281335522713,452.9780564263323,138.74219875180026,-5.2267215271292145,-5.418925563927738,-0.1922040367985236,3.67733455476615,-3.610941357618133,0.8222240642810864,0.6462397536941198,-0.17598431058696662,-21.40344928250658,-23.968491212759044,273.43105977339377,111.36784600910127,-162.0632137642925,-59.27022844390923,-84.23267911052618,0.10386133166478963,0.6831990910915312,0.5793377594267416,557.7992792317959,147.21557397026135
9e75894c-aae0-4e99-8db9-345a28c0257f,jitter_sigma_0p008,3152564248,True,16.864683416218917,16.289714746447927,-0.574968669770989,-3.409306036649561,-3.4684307460506183,1.1126385127621465,84.42527829741682,83.31263978465468,7487.844329406633,194.7969810149515,142.39871810763134,144.04603932846018,1.647321220828843,1.156837113929441,1.1501842348756377,0.3492063492063492,0.5454545454545454,0.19624819624819623,56.19834710743802,43.87096774193548,-5.2267215271292145,-5.944410155107293,-0.7176886279780783,13.731143399412558,-12.848986985254015,0.8222240642810864,0.4961101940396763,-0.3261138702414101,-39.66240887470845,-49.473624489861905,273.43105977339377,48.82793380713236,-224.60312596626142,-82.14250647033349,-139.39292956312022,0.10386133166478963,1.4882253723989538,1.3843640407341642,1332.8964866367894,173.90560918580945
9e75894c-aae0-4e99-8db9-345a28c0257f,scale_minus_10pct,3152564248,True,16.864683416218917,15.178215074597023,-1.686468341621893,-10.000000000000009,-10.526315789473692,1.1126385127621465,1.1126385127621465,0.0,0.0,0.0,142.39871810763134,128.1588462968682,-14.239871810763134,-10.0,-10.526315789473685,0.3492063492063492,0.3492063492063492,0.0,0.0,0.0,-5.2267215271292145,-5.135206546007865,0.09151498112134959,-1.750906005731175,1.7663697426852218,0.8222240642810864,0.822224064281087,5.551115123125783e-16,6.751341105516552e-14,6.751341105516549e-14,273.43105977339377,303.8122886370282,30.38122886363442,11.111111111083316,10.526315789448738,0.10386133166478963,0.09347519849831065,-0.010386133166478975,-10.000000000000012,-10.526315789473697
9e75894c-aae0-4e99-8db9-345a28c0257f,scale_minus_5pct,3152564248,True,16.864683416218917,16.021449245407968,-0.8432341708109483,-5.000000000000015,-5.128205128205143,1.1126385127621465,1.1126385127621465,0.0,0.0,0.0,142.39871810763134,135.27878220224977,-7.119935905381567,-5.0,-5.128205128205129,0.3492063492063492,0.3492063492063492,0.0,0.0,0.0,-5.2267215271292145,-5.1821687377069106,0.044552789422303896,-0.8524041158698308,0.8560526297950232,0.8222240642810864,0.8222240642810882,1.7763568394002505e-15,2.1604291537652966e-13,2.1604291537652944e-13,273.43105977339377,287.82216818252334,14.391108409129572,5.2631578947381525,5.128205128206373,0.10386133166478963,0.09866826508155015,-0.005193066583239481,-5.0,-5.128205128205128
9e75894c-aae0-4e99-8db9-345a28c0257f,scale_plus_5pct,3152564248,True,16.864683416218917,17.707917587029865,0.8432341708109483,5.000000000000015,4.878048780487819,1.1126385127621465,1.1126385127621465,0.0,0.0,0.0,142.39871810763134,149.51865401301293,7.119935905381595,5.0000000000000195,4.878048780487824,0.3492063492063492,0.3492063492063492,0.0,0.0,0.0,-5.2267215271292145,-5.26910012526909,-0.042378598139875656,0.8108065049938135,-0.8075327409968348,0.8222240642810864,0.8222240642810883,1.887379141862766e-15,2.295455975875628e-13,2.295455975875625e-13,273.43105977339377,260.4105331175641,-13.020526655829656,-4.761904761887852,-4.87804878047006,0.10386133166478963,0.10905439824802914,0.005193066583239508,5.000000000000026,4.87804878048783
9e75894c-aae0-4e99-8db9-345a28c0257f,scale_plus_10pct,3152564248,True,16.864683416218917,18.551151757840806,1.6864683416218895,9.999999999999986,9.523809523809513,1.1126385127621465,1.1126385127621465,0.0,0.0,0.0,142.39871810763134,156.63858991839447,14.239871810763134,10.0,9.523809523809524,0.3492063492063492,0.3492063492063492,0.0,0.0,0.0,-5.2267215271292145,-5.309506897445664,-0.08278537031644984,1.5838871439152382,-1.5714422083591093,0.8222240642810864,0.8222240642810876,1.2212453270876722e-15,1.4852950432136415e-13,1.4852950432136405e-13,273.43105977339377,248.57369070307294,-24.85736907032083,-9.090909090913591,-9.523809523814462,0.10386133166478963,0.11424746483126859,0.010386133166478961,10.0,9.523809523809522
9e75894c-aae0-4e99-8db9-345a28c0257f,combined_degradation,3152564248,True,16.864683416218917,23.968595923760326,7.103912507541409,42.12301133805757,34.7947195149035,1.1126385127621465,46.19018269779033,45.07754418502818,4051.4096598294364,190.59135599705894,142.39871810763134,225.49204383832446,83.09332573069312,58.35257987918645,45.17282537412547,0.3492063492063492,0.1408450704225352,-0.208361278783814,-59.66709346991037,-85.03649635036497,-5.2267215271292145,-6.550260579153311,-1.3235390520240964,25.32254770326462,-22.47670990886611,0.8222240642810864,0.054801330007476064,-0.7674227342736103,-93.33498830937383,-175.00581836541662,273.43105977339377,66.07687684295095,-207.35418293044282,-75.8341730095651,-122.1498295427243,0.10386133166478963,0.11917259265757624,0.01531126099278661,14.742022605875494,13.729983937919885
a0314fc3-cfc4-4410-818c-e1700a837645,frame_thinning_2x,3501666668,True,6.544413645166851,6.23909595125611,-0.30531769391074093,-4.6653177880377825,-4.776742906285671,26.32384353227208,19.45284770448077,-6.870995827791308,-26.101795580754445,-30.019626330156314,77.76210361413351,62.7512904219459,-15.010813192187605,-19.303507099902248,-21.365668796432747,0.16935483870967744,0.2758620689655172,0.10650723025583975,62.889983579638695,47.845096814490915,-5.605386279815269,-4.8889512050670945,0.7164350747481745,-12.781190072984325,13.653745665798082,0.32177115229515096,0.28875786214874544,-0.03301329014640553,-10.2598663400762,-10.814650693210988,227.3707751193104,906.9865138354495,679.615738716139,298.90197557690425,119.82392943273858,0.014556340427328543,0.0174703573492314,0.0029140169219028563,20.018884117549128,18.197423551019984
a0314fc3-cfc4-4410-818c-e1700a837645,frame_thinning_3x,3501666668,True,6.544413645166851,5.266494011994075,-1.2779196331727762,-19.52687746314048,-21.639651587623355,26.32384353227208,0.04855636784174329,-26.275287164430335,-99.81554225627342,-199.26352750563993,77.76210361413351,35.196259320467355,-42.56584429366615,-54.73854527506593,-75.3655474244264,0.16935483870967744,0.27272727272727276,0.10337243401759533,61.03896103896105,46.76616915422886,-5.605386279815269,-4.560957185374213,1.044429094441056,-18.632598045954403,20.546799309255675,0.32177115229515096,0.9389026366654092,0.6171314843702582,191.7920484693364,97.90502345243334,227.3707751193104,258.8507766817701,31.480001562459734,13.845227710527414,12.94883019720138,0.014556340427328543,0.007943391596847451,-0.006612948830481092,-45.43002318127796,-58.78246748339464
a0314fc3-cfc4-4410-818c-e1700a837645,landmark_dropout_5pct,3501666668,True,6.544413645166851,24.515624203182927,17.971210558016075,274.6038305706438,115.71918003294311,26.32384353227208,27.28651377926571,0.9626702469936319,3.657027689795501,3.5913591897901793,77.76210361413351,734.4132349168493,656.6511313027158,844.4359151613377,161.7018149037693,0.16935483870967744,0.6666666666666667,0.4973118279569893,293.6507936507937,118.97106109324757,-5.605386279815269,-7.045220721411325,-1.439834441596056,25.6866230036783,-22.763088624228875,0.32177115229515096,0.2449818703954221,-0.07678928189972886,-23.864563790756595,-27.097969953537618,227.3707751193104,336.7780603675081,109.4072852481977,48.118446704853504,38.78667414204173,0.014556340427328543,24.515624203182927,24.501067862755598,168318.87097636505,199.7626378590822
a0314fc3-cfc4-4410-818c-e1700a837645,landmark_dropout_10pct,3501666668,True,6.544413645166851,24.688681372485206,18.144267727318354,277.248180067563,116.18616545727363,26.32384353227208,27.287088847214957,0.9632453149428777,3.6592122793997532,3.5934660047488403,77.76210361413351,740.5150139518099,662.7529103376764,852.2826409459672,161.98739916108346,0.16935483870967744,0.050724637681159424,-0.11863020102851801,-70.04830917874396,-107.80669144981412,-5.605386279815269,-7.051883478653617,-1.4464971988383484,25.805486484439378,-22.85638572047511,0.32177115229515096,0.2407846060721076,-0.08098654622304335,-25.168989092209497,-28.792362363544466,227.3707751193104,1079.5795845937457,852.2088094744354,374.81017911261813,130.41180992697224,0.014556340427328543,0.02966943167166189,0.015113091244333346,103.8247993703111,68.34517760597035
a0314fc3-cfc4-4410-818c-e1700a837645,landmark_dropout_20pct,3501666668,True,6.544413645166851,36.89127727514548,30.346863629978625,463.7063803628954,139.73238591117783,26.32384353227208,27.27822649315771,0.9543829608856313,3.625545637800166,3.5609929259554898,77.76210361413351,1071.5983457231014,993.8362421089679,1278.0470125146344,172.93726135818432,0.16935483870967744,0.049999999999999996,-0.11935483870967745,-70.47619047619048,-108.82352941176472,-5.605386279815269,-8.145498945255248,-2.5401126654399793,45.315568609192994,-36.94471481456137,0.32177115229515096,0.1206374219115102,-0.20113373038364077,-62.50831653147914,-90.92668727965734,227.3707751193104,472.7358384153509,245.3650632960405,107.91407258355335,70.09362818535718,0.014556340427328543,28.64152128652981,28.62696494610248,196663.20040411595,199.79681321893634
a0314fc3-cfc4-4410-818c-e1700a837645,jitter_sigma_0p004,3501666668,True,6.544413645166851,6.665280681960697,0.1208670367938458,1.8468734304884282,1.8299747715680623,26.32384353227208,24.23056669369474,-2.0932768385773386,-7.952018237804282,-8.281282796974043,77.76210361413351,96.52616219703637,18.764058582902862,24.13008099165213,21.532211013256063,0.16935483870967744,0.09022556390977446,-0.07912927479990298,-46.72395273899033,-60.96706377014714,-5.605386279815269,-5.703210856103539,-0.09782457628826968,1.7451888488137088,-1.7300921610790334,0.32177115229515096,0.29660352725185385,-0.025167625043297115,-7.821591483195365,-8.139927418028774,227.3707751193104,125.28595073680329,-102.08482438250711,-44.897953278709274,-57.8947270236714,0.014556340427328543,0.4918229388453194,0.47726659841799085,3278.7540302503176,188.5016302813678
a0314fc3-cfc4-4410-818c-e1700a837645,jitter_sigma_0p008,3501666668,True,6.544413645166851,6.757842575490212,0.21342893032336097,3.261238391937243,3.2089132367173523,26.32384353227208,22.178095504499815,-4.145748027772264,-15.749022450652872,-17.095184687891148,77.76210361413351,113.31117126982362,35.54906765569011,45.715156873956985,37.20987948448553,0.16935483870967744,0.16,-0.009354838709677432,-5.523809523809531,-5.680705190989234,-5.605386279815269,-5.9395863487653475,-0.3342000689500786,5.962123790710326,-5.789534192965279,0.32177115229515096,0.2639551306133918,-0.057816021681759144,-17.968056262770958,-19.741651815473244,227.3707751193104,72.62819049910041,-154.74258462020998,-68.05737656434097,-103.16207877665661,0.014556340427328543,1.175161684458044,1.1606053440307154,7973.19456648429,195.1059527979393
a0314fc3-cfc4-4410-818c-e1700a837645,scale_minus_10pct,3501666668,True,6.544413645166851,5.889972280650166,-0.6544413645166847,-9.999999999999993,-10.526315789473676,26.32384353227208,26.32384353227208,0.0,0.0,0.0,77.76210361413351,69.98589325272013,-7.776210361413376,-10.000000000000032,-10.52631578947372,0.16935483870967744,0.16935483870967744,0.0,0.0,0.0,-5.605386279815269,-5.5138712986939185,0.09151498112135048,-1.6326257737293075,1.6460627964627172,0.32177115229515096,0.3217711522951507,-2.7755575615628914e-16,-8.625874450724396e-14,-8.625874450724399e-14,227.3707751193104,252.6341945773861,25.263419458075703,11.111111111275841,10.526315789621531,0.014556340427328543,0.013100706384595689,-0.0014556340427328545,-10.0,-10.526315789473685
a0314fc3-cfc4-4410-818c-e1700a837645,scale_minus_5pct,3501666668,True,6.544413645166851,6.217192962908509,-0.3272206822583419,-4.99999999999999,-5.128205128205118,26.32384353227208,26.32384353227208,0.0,0.0,0.0,77.76210361413351,73.87399843342682,-3.888105180706688,-5.000000000000016,-5.128205128205146,0.16935483870967744,0.16935483870967744,0.0,0.0,0.0,-5.605386279815269,-5.560833490392965,0.044552789422303896,-0.7948210381635318,0.7979923436787785,0.32177115229515096,0.32177115229515063,-3.3306690738754696e-16,-1.0351049340869275e-13,-1.035104934086928e-13,227.3707751193104,239.337658020525,11.966882901214603,5.263157894824042,5.128205128287914,0.014556340427328543,0.013828523405962113,-0.0007278170213664299,-5.000000000000019,-5.128205128205147
a0314fc3-cfc4-4410-818c-e1700a837645,scale_plus_5pct,3501666668,True,6.544413645166851,6.871634327425195,0.32722068225834366,5.000000000000017,4.87804878048782,26.32384353227208,26.32384353227208,0.0,0.0,0.0,77.76210361413351,81.65020879484018,3.888105180706674,4.999999999999998,4.878048780487803,0.16935483870967744,0.16935483870967744,0.0,0.0,0.0,-5.605386279815269,-5.647764877955145,-0.042378598139875656,0.7560335010716208,-0.753186330579285,0.32177115229515096,0.3217711522951507,-2.7755575615628914e-16,-8.625874450724396e-14,-8.625874450724399e-14,227.3707751193104,216.54359535212396,-10.827179767186436,-4.761904761728938,-4.878048780303298,0.014556340427328543,0.015284157448694968,0.0007278170213664246,4.999999999999983,4.878048780487789
a0314fc3-cfc4-4410-818c-e1700a837645,scale_plus_10pct,3501666668,True,6.544413645166851,7.19885500968354,0.6544413645166891,10.000000000000062,9.523809523809579,26.32384353227208,26.32384353227208,0.0,0.0,0.0,77.76210361413351,85.53831397554691,7.776210361413405,10.00000000000007,9.523809523809588,0.16935483870967744,0.16935483870967744,0.0,0.0,0.0,-5.605386279815269,-5.688171650131719,-0.08278537031644984,1.4768896590509033,-1.4660635882856525,0.32177115229515096,0.32177115229515074,-2.220446049250313e-16,-6.900699560579517e-14,-6.90069956057952e-14,227.3707751193104,206.70070465410893,-20.670070465201462,-9.090909090825354,-9.523809523717622,0.014556340427328543,0.0160119744700614,0.001455634042732858,10.000000000000025,9.523809523809545
a0314fc3-cfc4-4410-818c-e1700a837645,combined_degradation,3501666668,True,6.544413645166851,31.823544258109088,25.279130612942236,386.27036711854635,131.7720931443362,26.32384353227208,0.40265164859221936,-25.92119188367986,-98.47039187837984,-193.97374559039812,77.76210361413351,475.9671473057638,398.2050436916303,512.0811104436933,143.8266239430558,0.16935483870967744,1.1176470588235294,0.948292220113852,559.9439775910363,147.36454109841503,-5.605386279815269,-7.334201829564019,-1.7288155497487496,30.842041269736086,-26.721338193069904,0.32177115229515096,0.211132452704183,-0.11063869959096798,-34.38428174862687,-41.522969089731056,227.3707751193104,97.36938047740723,-130.00139464190318,-57.17594733698134,-80.06487180682818,0.014556340427328543,31.707874824765064,31.693318484337734,217728.61553056064,199.81645365890742
a2851803-3035-4cf9-94d5-e6c1bc2a63ac,frame_thinning_2x,4248427412,True,10.745486308576593,7.00746237127765,-3.7380239372989434,-34.78692196848653,-42.111583880606744,1.4449106646809318,0.49961020267798983,-0.9453004620029419,-65.42276177411183,-97.22708332637887,226.2558845105749,102.7209330322596,-123.5349514783153,-54.599663449876566,-75.10252692029304,1.1499999999999997,0.6153846153846154,-0.5346153846153843,-46.48829431438125,-60.56644880174289,-6.791257404555366,-5.058252157078153,1.7330052474772133,-25.518179392151545,29.250244298521153,0.5206057115387573,0.5573067722563828,0.03670106071762547,7.049684608558736,6.809655008059187,268.6290122999947,50.35292071750774,-218.27609158248697,-81.25559101513745,-136.8579652882787,0.46364717922917936,0.2534314758582828,-0.21021570337089657,-45.339584233076415,-58.63114231039454
a2851803-3035-4cf9-94d5-e6c1bc2a63ac,frame_thinning_3x,4248427412,True,10.745486308576593,9.637242002659951,-1.1082443059166422,-10.313579805430383,-10.874347035334733,1.4449106646809318,0.3632551453826898,-1.081655519298242,-74.85968134487369,-119.64118702810593,226.2558845105749,51.016364098309666,-175.23952041226522,-77.45191723580332,-126.40249523092739,1.1499999999999997,0.6000000000000001,-0.5499999999999996,-47.82608695652172,-62.85714285714282,-6.791257404555366,-4.57445299757812,2.2168044069772463,-32.64203187896077,39.00863788613027,0.5206057115387573,0.8941859867322635,0.3735802751935061,71.75877385004338,52.81063999033196,268.6290122999947,44.60172385186605,-224.02728844812867,-83.39653506894612,-143.04297924295372,0.46364717922917936,0.11118022980966946,-0.3524669494195099,-76.02050982074164,-122.63400940079008
a2851803-3035-4cf9-94d5-e6c1bc2a63ac,landmark_dropout_5pct,4248427412,True,10.745486308576593,10.761728037549222,0.016241728972628877,0.15114931522145644,0.1510351709081708,1.4449106646809318,1.4457568430678047,0.0008461783868729533,0.05856267847948982,0.05854553556261201,226.2558845105749,226.5782633801715,0.322378869596605,0.1424841923090568,0.14238275584922722,1.1499999999999997,0.8695652173913042,-0.2804347826086955,-24.385633270321353,-27.771797631862203,-6.791257404555366,-6.795428456040587,-0.0041710514852209,0.061417956009487844,-0.061399100973074903,0.5206057115387573,0.497152930800605,-0.023452780738152323,-4.504902696674764,-4.608711685168321,268.6290122999947,209.55925425184554,-59.06975804814917,-21.989344167405974,-24.70564929336067,0.46364717922917936,0.46413882493732156,0.0004916457081421965,0.10603875752238268,0.10598256622417546
a2851803-3035-4cf9-94d5-e6c1bc2a63ac,landmark_dropout_10pct,4248427412,True,10.745486308576593,10.761083246713651,0.015596938137058203,0.14514874142652237,0.145043477035803,1.4449106646809318,1.4456372152785202,0.0007265505975884157,0.05028342688223248,0.05027078794478282,226.2558845105749,226.56631848192634,0.31043397135144346,0.13720481658320546,0.13711075530304076,1.1499999999999997,0.6538461538461539,-0.49615384615384583,-43.14381270903008,-55.01066098081021,-6.791257404555366,-6.796537881051262,-0.005280476495896025,0.07775403259422982,-0.0777238158936581,0.5206057115387573,0.4830872526442199,-0.03751845889453742,-7.206693676802718,-7.476082872629892,268.6290122999947,175.98130010301503,-92.64771219697968,-34.48909386358992,-41.67591691530568,0.46364717922917936,0.46407134984233583,0.00042417061315647153,0.09148564515407206,0.09144381617148307
a2851803-3035-4cf9-94d5-e6c1bc2a63ac,landmark_dropout_20pct,4248427412,True,10.745486308576593,10.793900496367046,0.0484141877904527,0.4505537153010054,0.44954100345457243,1.4449106646809318,1.0102656915771282,-0.43464497310380357,-30.08109661920052,-35.406415673230654,226.2558845105749,227.2807084802866,1.02482396971169,0.45294908988932453,0.4519255934580519,1.1499999999999997,0.04878048780487805,-1.1012195121951216,-95.75821845174973,-183.72329603255338,-6.791257404555366,-6.8343206917817705,-0.04306328722640451,0.6340988812693065,-0.6320948281523687,0.5206057115387573,0.4652857818332692,-0.05531992970548816,-10.626070455888529,-11.222316061634412,268.6290122999947,238.52634866628458,-30.102663633710137,-11.206035928871533,-11.871180293295433,0.46364717922917936,0.4334849233596425,-0.030162255869536858,-6.505432842206023,-6.724150385990808
a2851803-3035-4cf9-94d5-e6c1bc2a63ac,jitter_sigma_0p004,4248427412,True,10.745486308576593,0.905842605562112,-9.839643703014481,-91.57001759111539,-168.90165534807323,1.4449106646809318,1.4702836687980925,0.025373004117160702,1.7560258040426064,1.7407418658693867,226.2558845105749,16.13172011545565,-210.12416439511924,-92.8701433996508,-173.37863849870607,1.1499999999999997,0.08333333333333334,-1.0666666666666664,-92.7536231884058,-172.972972972973,-6.791257404555366,-4.893335622606373,1.8979217819489929,-27.94654463657828,32.48588594463028,0.5206057115387573,0.3934228767213296,-0.12718283481742776,-24.429780926051063,-27.82907153036178,268.6290122999947,155.85746889540573,-112.77154340458898,-41.980403545783055,-53.13316131388305,0.46364717922917936,0.5377240038485217,0.07407682461934234,15.976981622641642,14.795078163058019
a2851803-3035-4cf9-94d5-e6c1bc2a63ac,jitter_sigma_0p008,4248427412,True,10.745486308576593,1.0751458391485083,-9.670340469428085,-89.99444224045614,-163.61799180577933,1.4449106646809318,1.5462138961502647,0.10130323146933295,7.011037702576785,6.773588288224416,226.2558845105749,21.308848377375966,-204.94703613319894,-90.58196942657639,-165.57046211098174,1.1499999999999997,0.05405405405405405,-1.0959459459459457,-95.29964747356053,-182.0426487093154,-6.791257404555366,-5.2979251381868115,1.4933322663685544,-21.989039398902378,24.705264579946085,0.5206057115387573,0.2690982592338135,-0.25150745230494387,-48.31054418545694,-63.696641175273065,268.6290122999947,105.54918712206472,-163.07982517793,-60.70819521005744,-87.16693031812999,0.46364717922917936,0.7102949459125322,0.2466477666833528,53.19729693889405,42.02043037744794
a2851803-3035-4cf9-94d5-e6c1bc2a63ac,scale_minus_10pct,4248427412,True,10.745486308576593,9.670937677718936,-1.0745486308576577,-9.999999999999986,-10.526315789473667,1.4449106646809318,1.4449106646809318,0.0,0.0,0.0,226.2558845105749,203.63029605951746,-22.62558845105744,-9.999999999999977,-10.526315789473658,1.1499999999999997,1.1499999999999997,0.0,0.0,0.0,-6.791257404555366,-6.6997424234340155,0.09151498112135048,-1.34754104681653,1.3566819700269663,0.5206057115387573,0.5206057115387573,0.0,0.0,0.0,268.6290122999947,298.47668033315847,29.847668033163757,11.111111111048203,10.526315789417222,0.46364717922917936,0.41728246130626145,-0.04636471792291791,-9.999999999999993,-10.526315789473678
a2851803-3035-4cf9-94d5-e6c1bc2a63ac,scale_minus_5pct,4248427412,True,10.745486308576593,10.208211993147762,-0.5372743154288315,-5.000000000000018,-5.128205128205146,1.4449106646809318,1.4449106646809318,0.0,0.0,0.0,226.2558845105749,214.94309028504614,-11.312794225528762,-5.000000000000007,-5.128205128205136,1.1499999999999997,1.1499999999999997,0.0,0.0,0.0,-6.791257404555366,-6.746704615133061,0.044552789422304784,-0.6560315235941454,0.6581904921510506,0.5206057115387573,0.5206057115387573,0.0,0.0,0.0,268.6290122999947,282.7673813682805,14.138369068285783,5.26315789468659,5.12820512815742,0.46364717922917936,0.4404648202677203,-0.023182358961459038,-5.000000000000015,-5.128205128205144
a2851803-3035-4cf9-94d5-e6c1bc2a63ac,scale_plus_5pct,4248427412,True,10.745486308576593,11.282760624005425,0.5372743154288315,5.000000000000018,4.878048780487822,1.4449106646809318,1.4449106646809318,0.0,0.0,0.0,226.2558845105749,237.5686787361037,11.31279422552879,5.00000000000002,4.878048780487824,1.1499999999999997,1.1499999999999997,0.0,0.0,0.0,-6.791257404555366,-6.833636002695242,-0.042378598139875656,0.6240169620348862,-0.6220760320564932,0.5206057115387573,0.520605711538757,-3.3306690738754696e-16,-6.397680624807192e-14,-6.397680624807193e-14,268.6290122999947,255.83715457108957,-12.791857728905143,-4.761904762029085,-4.878048780618266,0.46364717922917936,0.48682953819063834,0.023182358961458982,5.000000000000003,4.878048780487808
a2851803-3035-4cf9-94d5-e6c1bc2a63ac,scale_plus_10pct,4248427412,True,10.745486308576593,11.820034939434255,1.0745486308576613,10.000000000000018,9.523809523809541,1.4449106646809318,1.4449106646809318,0.0,0.0,0.0,226.2558845105749,248.88147296163245,22.625588451057553,10.000000000000028,9.523809523809549,1.1499999999999997,1.1499999999999997,0.0,0.0,0.0,-6.791257404555366,-6.874042774871816,-0.08278537031644984,1.2189991541318985,-1.211614369673071,0.5206057115387573,0.5206057115387571,-2.220446049250313e-16,-4.265120416538127e-14,-4.2651204165381285e-14,268.6290122999947,244.20819299989896,-24.420819300095758,-9.090909090944917,-9.523809523848843,0.46364717922917936,0.5100118971520973,0.04636471792291791,9.999999999999993,9.523809523809517
a2851803-3035-4cf9-94d5-e6c1bc2a63ac,combined_degradation,4248427412,True,10.745486308576593,0.25434817421922645,-10.491138134357367,-97.63297661068894,-190.75083631059954,1.4449106646809318,0.37209107175659006,-1.0728195929243416,-74.24816074433528,-118.08679886324707,226.2558845105749,3.815222613288397,-222.4406618972865,-98.3137576193692,-193.36688094218735,1.1499999999999997,0.0,-1.1499999999999997,-100.0,-200.0,-6.791257404555366,-3.515222285210791,3.276035119344575,-48.23900677284168,63.57233930412771,0.5206057115387573,1.0,0.47939428846124266,92.08394718611407,63.05306955293832,268.6290122999947,0.0,-268.6290122999947,-100.0,-200.0,0.46364717922917936,0.0,-0.46364717922917936,-100.0,-199.99999999999997
ad5b9d10-eaa9-46a7-a12d-e0b832653a37,frame_thinning_2x,2738881187,True,7.36797709507389,12.682951597569676,5.314974502495787,72.13614312196074,53.01474643861043,0.9887397125147181,20.444865035122177,19.45612532260746,1967.7701903085883,181.54785955687217,259.13388369155956,152.4182497187963,-106.71563397276327,-41.1816596318929,-51.86008056304149,0.08333333333333333,0.33333333333333337,0.25000000000000006,300.0000000000001,120.00000000000003,-7.394942361185531,-6.259162643876142,1.135779717309389,-15.358871805017085,16.636457928049442,0.9537394807769062,0.9761563113320275,0.022416830555121336,2.350414448278981,2.3231130558220325,142.5332857830486,29.089018340804046,-113.44426744224455,-79.59142092249193,-132.2022426180417,0.05693991473641376,0.23383927293669185,0.17689935820027808,310.6772446344196,121.67264075250709
ad5b9d10-eaa9-46a7-a12d-e0b832653a37,frame_thinning_3x,2738881187,True,7.36797709507389,12.916347662348244,5.548370567274354,75.30385200279606,54.70599227360702,0.9887397125147181,51.48963351895936,50.50089380644464,5107.602452621513,192.46364053128292,259.13388369155956,126.53447755791566,-132.5994061336439,-51.170230710343375,-68.76343483507586,0.08333333333333333,0.2,0.11666666666666668,140.00000000000003,82.3529411764706,-7.394942361185531,-5.888503630081677,1.506438731103854,-20.371203148395427,22.681444740983867,0.9537394807769062,0.9897303607293173,0.035990879952411126,3.7736594403215156,3.703775503356158,142.5332857830486,21.082291559029187,-121.45099422401941,-85.20886441141982,-148.45896240074606,0.05693991473641376,0.17598302894404455,0.11904311420763079,209.06795304964038,102.21673513704458
ad5b9d10-eaa9-46a7-a12d-e0b832653a37,landmark_dropout_5pct,2738881187,True,7.36797709507389,7.36797709507389,0.0,0.0,0.0,0.9887397125147181,0.9887397125147181,0.0,0.0,0.0,259.13388369155956,259.13388369155956,0.0,0.0,0.0,0.08333333333333333,0.08333333333333333,0.0,0.0,0.0,-7.394942361185531,-7.394942361185531,0.0,-0.0,0.0,0.9537394807769062,0.9537394807769062,0.0,0.0,0.0,142.5332857830486,142.5332857830486,0.0,0.0,0.0,0.05693991473641376,0.05693991473641376,0.0,0.0,0.0
ad5b9d10-eaa9-46a7-a12d-e0b832653a37,landmark_dropout_10pct,2738881187,True,7.36797709507389,7.36797709507389,0.0,0.0,0.0,0.9887397125147181,0.9887397125147181,0.0,0.0,0.0,259.13388369155956,259.13388369155956,0.0,0.0,0.0,0.08333333333333333,0.08333333333333333,0.0,0.0,0.0,-7.394942361185531,-7.394942361185531,0.0,-0.0,0.0,0.9537394807769062,0.9537394807769062,0.0,0.0,0.0,142.5332857830486,142.5332857830486,0.0,0.0,0.0,0.05693991473641376,0.05693991473641376,0.0,0.0,0.0
ad5b9d10-eaa9-46a7-a12d-e0b832653a37,landmark_dropout_20pct,2738881187,True,7.36797709507389,7.381789238328789,0.013812143254899212,0.18746181043551,0.1872862653236736,0.9887397125147181,0.987945663253841,-0.0007940492608771166,-0.08030923111782026,-0.08034149193504106,259.13388369155956,259.5787112584802,0.44482756692065095,0.17165936024411144,0.17151215191275423,0.08333333333333333,0.4444444444444445,0.36111111111111116,433.33333333333337,136.8421052631579,-7.394942361185531,-7.396379773097685,-0.001437411912154296,0.019437770329339733,-0.019435881378347827,0.9537394807769062,0.9452656941575747,-0.008473786619331514,-0.8884802181439376,-0.8924448159678,142.5332857830486,237.26416227935817,94.73087649630958,66.46228351214778,49.884946294185625,0.05693991473641376,0.17576732499272257,0.11882741025630882,208.68912573259837,102.12609663078817
ad5b9d10-eaa9-46a7-a12d-e0b832653a37,jitter_sigma_0p004,2738881187,True,7.36797709507389,3.916941087906778,-3.451036007167112,-46.83831074168809,-61.16191453424601,0.9887397125147181,2.138504976908867,1.1497652643941487,116.28593954923537,73.53215872634986,259.13388369155956,65.09073283015184,-194.04315086140772,-74.88142735219155,-119.69674168673978,0.08333333333333333,3.0,2.9166666666666665,3500.0,189.18918918918916,-7.394942361185531,-6.557479306329954,0.8374630548555766,-11.324808415698287,12.00455483373739,0.9537394807769062,0.45303525953107676,-0.5007042212458295,-52.49905569998644,-71.18470454426998,142.5332857830486,56.99787013269451,-85.53541565035408,-60.01083549041901,-85.736400671656,0.05693991473641376,1.7344151430352153,1.6774752282988015,2946.0445033403535,187.2856216885904
ad5b9d10-eaa9-46a7-a12d-e0b832653a37,jitter_sigma_0p008,2738881187,True,7.36797709507389,0.9632114126086808,-6.404765682465209,-86.92705745173029,-153.75394942892194,0.9887397125147181,2.990956827856189,2.002217115341471,202.50194161303767,100.62159740224135,259.13388369155956,48.16057063043404,-210.9733130611255,-81.41479225165385,-137.31019879718394,0.08333333333333333,0.0,-0.08333333333333333,-100.0,-199.99999999999997,-7.394942361185531,-6.763323256707311,0.6316191044782196,-8.541230933637198,8.922266632432663,0.9537394807769062,1.0,0.04626051922309382,4.850435591217267,4.735587285639362,142.5332857830486,0.0,-142.5332857830486,-100.0,-200.0,0.05693991473641376,0.0,-0.05693991473641376,-100.0,-200.0
ad5b9d10-eaa9-46a7-a12d-e0b832653a37,scale_minus_10pct,2738881187,True,7.36797709507389,6.631179385566503,-0.7367977095073872,-9.999999999999975,-10.526315789473657,0.9887397125147181,0.9887397125147181,0.0,0.0,0.0,259.13388369155956,233.22049532240368,-25.913388369155882,-9.999999999999972,-10.526315789473653,0.08333333333333333,0.08333333333333333,0.0,0.0,0.0,-7.394942361185531,-7.30342738006418,0.09151498112135048,-1.2375347453915668,1.2452398835024752,0.9537394807769062,0.9537394807769085,2.3314683517128287e-15,2.4445547224422746e-13,2.4445547224422715e-13,142.5332857830486,158.370317536741,15.8370317536924,11.111111111125377,10.526315789486489,0.05693991473641376,0.05124592326277237,-0.0056939914736413855,-10.000000000000018,-10.526315789473703
ad5b9d10-eaa9-46a7-a12d-e0b832653a37,scale_minus_5pct,2738881187,True,7.36797709507389,6.999578240320196,-0.3683988547536936,-4.999999999999988,-5.128205128205114,0.9887397125147181,0.9887397125147181,0.0,0.0,0.0,259.13388369155956,246.17718950698162,-12.956694184577941,-4.999999999999986,-5.1282051282051135,0.08333333333333333,0.08333333333333333,0.0,0.0,0.0,-7.394942361185531,-7.350389571763226,0.044552789422304784,-0.6024764933416227,0.6042968666273376,0.9537394807769062,0.9537394807769057,-4.440892098500626e-16,-4.6562947094138563e-14,-4.656294709413857e-14,142.5332857830486,150.03503766637638,7.501751883327785,5.263157894743464,5.128205128211415,0.05693991473641376,0.05409291899959306,-0.0028469957368206997,-5.00000000000002,-5.128205128205151
ad5b9d10-eaa9-46a7-a12d-e0b832653a37,scale_plus_5pct,2738881187,True,7.36797709507389,7.736375949827584,0.3683988547536945,5.0,4.878048780487805,0.9887397125147181,0.9887397125147181,0.0,0.0,0.0,259.13388369155956,272.09057787613756,12.956694184577998,5.000000000000008,4.878048780487813,0.08333333333333333,0.08333333333333333,0.0,0.0,0.0,-7.394942361185531,-7.437320959325406,-0.042378598139875656,0.5730754354802255,-0.5714380499336471,0.9537394807769062,0.9537394807769098,3.6637359812630166e-15,3.841443135266431e-13,3.841443135266424e-13,142.5332857830486,135.74598646007905,-6.787299322969545,-4.761904761881771,-4.878048780463679,0.05693991473641376,0.05978691047323444,0.002846995736820686,4.9999999999999964,4.878048780487801
ad5b9d10-eaa9-46a7-a12d-e0b832653a37,scale_plus_10pct,2738881187,True,7.36797709507389,8.104774804581284,0.7367977095073943,10.000000000000073,9.523809523809588,0.9887397125147181,0.9887397125147181,0.0,0.0,0.0,259.13388369155956,285.0472720607157,25.913388369156166,10.000000000000082,9.523809523809595,0.08333333333333333,0.08333333333333333,0.0,0.0,0.0,-7.394942361185531,-7.4777277315019814,-0.08278537031645072,1.1194863499000804,-1.1132549811234507,0.9537394807769062,0.9537394807769038,-2.3314683517128287e-15,-2.4445547224422746e-13,-2.444554722442277e-13,142.5332857830486,129.57571434819795,-12.95757143485065,-9.09090909092877,-9.523809523831122,0.05693991473641376,0.06263390621005514,0.0056939914736413855,10.000000000000018,9.52380952380954
ad5b9d10-eaa9-46a7-a12d-e0b832653a37,combined_degradation,2738881187,True,7.36797709507389,12.868606155721274,5.500629060647384,74.6558925152606,54.36321924978364,0.9887397125147181,48.54234828000173,47.55360856748702,4809.517405398961,192.01519891778594,259.13388369155956,142.98437456716132,-116.14950912439824,-44.82220058209293,-57.76883130219281,0.08333333333333333,0.33333333333333337,0.25000000000000006,300.0000000000001,120.00000000000003,-7.394942361185531,-6.270965834523827,1.1239765266617034,-15.199260139757351,16.449349879499334,0.9537394807769062,0.9796501449260627,0.025910664149156548,2.716744422496801,2.680335490031978,142.5332857830486,75.43544731902846,-67.09783846402014,-47.07520639505249,-61.56648020943216,0.05693991473641376,0.20522600436374505,0.1482860896273313,260.42555615648047,113.12384930604162
b3504d04-31ce-4fa2-b3cf-c32a539edd12,frame_thinning_2x,3739352690,True,4.685195385086632,10.782732450782873,6.097537065696241,130.14477656802129,78.84103327087286,1.5661564916456394,48.56511357928903,46.99895708764339,3000.9106585676645,187.50355624799002,54.70491252453728,95.81364361132331,41.10873108678604,75.14632450668334,54.62280816682908,0.13333333333333336,0.32142857142857145,0.1880952380952381,141.07142857142853,82.72251308900523,-4.482566322742624,-5.158902929817481,-0.6763366070748571,15.088156167225334,-14.029741512586769,0.7786154850735318,0.9278774922530639,0.14926200717953209,19.170182206874024,17.493421791089585,4720.922733498581,470.02829898293083,-4250.89443451565,-90.04371972352526,-163.78094911380924,0.011003384209149288,0.007497388068197052,-0.003505996140952236,-31.862889401217203,-37.901078813290695
b3504d04-31ce-4fa2-b3cf-c32a539edd12,frame_thinning_3x,3739352690,True,4.685195385086632,11.200508578668716,6.515313193582084,139.06171798770376,82.02737767803495,1.5661564916456394,42.82104655417077,41.25489006252513,2634.1486487839115,185.88641424395172,54.70491252453728,77.16679236001227,22.46187983547499,41.06007815184781,34.06626137902716,0.13333333333333336,0.6666666666666669,0.5333333333333334,400.0,133.33333333333331,-4.482566322742624,-4.637097280685233,-0.15453095794260907,3.4473769447333122,-3.388961800839336,0.7786154850735318,0.9519278153195663,0.17331233024603443,22.25903974022132,20.029817249492226,4720.922733498581,383.83147639043904,-4337.091257108142,-91.86956664918789,-169.9236076325184,0.011003384209149288,0.006345900259696551,-0.0046574839494527365,-42.32774081977479,-53.690790047465
b3504d04-31ce-4fa2-b3cf-c32a539edd12,landmark_dropout_5pct,3739352690,True,4.685195385086632,2.2143361136028448,-2.4708592714837874,-52.73759295820915,-71.62397249590387,1.5661564916456394,1.1174370506674831,-0.4487194409781563,-28.65099645991725,-33.44168436114082,54.70491252453728,64.24846103974454,9.543548515207263,17.445505485319277,16.045864407620144,0.13333333333333336,0.49999999999999994,0.3666666666666666,274.9999999999999,115.7894736842105,-4.482566322742624,-6.055888053535578,-1.5733217307929541,35.0986827079522,-29.858680877045156,0.7786154850735318,0.5717821790678582,-0.20683330600567362,-26.56424255242502,-30.63294783424887,4720.922733498581,6238.31965169083,1517.3969181922494,32.14195622023529,27.691638981229158,0.011003384209149288,0.6450146381848664,0.6340112539757171,5761.965972691732,193.2908037074991
b3504d04-31ce-4fa2-b3cf-c32a539edd12,landmark_dropout_10pct,3739352690,True,4.685195385086632,2.2140041608781957,-2.4711912242084364,-52.744678099753195,-71.63704159430424,1.5661564916456394,1.1171664716878822,-0.4489900199577572,-28.668273084637974,-33.46522398481411,54.70491252453728,64.26176704225216,9.556854517714882,17.46982871680539,16.066439027323682,0.13333333333333336,0.37499999999999994,0.24166666666666659,181.24999999999991,95.08196721311472,-4.482566322742624,-6.167752087036549,-1.6851857642939247,37.594218199160004,-31.645734887073033,0.7786154850735318,0.5269934455190698,-0.25162203955446205,-32.31659842093932,-38.54477916909676,4720.922733498581,3553.006960166289,-1167.9157733322918,-24.739141885229987,-28.231223048137192,0.011003384209149288,0.6451046296216584,0.6341012454125091,5762.783825045893,193.29172393740234
b3504d04-31ce-4fa2-b3cf-c32a539edd12,landmark_dropout_20pct,3739352690,True,4.685195385086632,2.218567820250649,-2.466627564835983,-52.647272143387326,-71.45747881181788,1.5661564916456394,1.105287253065494,-0.4608692385801454,-29.426768080875938,-34.50338338529975,54.70491252453728,82.26183456606545,27.556922041528168,50.373761276316486,40.23885012513208,0.13333333333333336,0.17857142857142858,0.045238095238095216,33.92857142857141,29.00763358778625,-4.482566322742624,-7.027967003332194,-2.5454006805895704,56.78445107828737,-44.22732828240848,0.7786154850735318,0.3314199913514184,-0.4471954937221134,-57.434703302860804,-80.57318945559815,4720.922733498581,1514.4107719958802,-3206.5119615027006,-67.92129722331674,-102.84973397741055,0.011003384209149288,0.6590009572462144,0.6479975730370652,5889.075221950868,193.4308579641451
b3504d04-31ce-4fa2-b3cf-c32a539edd12,jitter_sigma_0p004,3739352690,True,4.685195385086632,3.828875640416274,-0.8563197446703583,-18.277140530704344,-20.115400543532054,1.5661564916456394,1.8594652947123775,0.2933088030667381,18.727937127058343,17.124412521825548,54.70491252453728,68.93491460582759,14.230002081290309,26.01229290862608,23.018476184516672,0.13333333333333336,4.583333333333331,4.4499999999999975,3337.4999999999973,188.69257950530033,-4.482566322742624,-6.432546497150302,-1.9499801744076777,43.50142382755861,-35.729913315303804,0.7786154850735318,0.4230069749125864,-0.35560851016094547,-45.67190313808903,-59.188059811241146,4720.922733498581,178.91773442069922,-4542.004999077882,-96.21011093549275,-185.39399512354518,0.011003384209149288,1.0130833753463548,1.0020799911372056,9107.016278718855,195.70216718203633
b3504d04-31ce-4fa2-b3cf-c32a539edd12,jitter_sigma_0p008,3739352690,True,4.685195385086632,3.2362517153731156,-1.4489436697135165,-30.926003093182093,-36.582802392997664,1.5661564916456394,0.320047900333203,-1.2461085913124363,-79.56475600998769,-132.128691525856,54.70491252453728,193.30314035313117,138.5982278285939,253.35609076502448,111.76913509091446,0.13333333333333336,0.0,-0.13333333333333336,-100.0,-200.0,-4.482566322742624,-8.124871050808547,-3.6423047280659233,81.25489877498136,-57.780254942325136,0.7786154850735318,1.0,0.22138451492646816,28.43309941434838,24.89402760567056,4720.922733498581,0.0,-4720.922733498581,-100.0,-200.0,0.011003384209149288,0.0,-0.011003384209149288,-100.0,-200.0
b3504d04-31ce-4fa2-b3cf-c32a539edd12,scale_minus_10pct,3739352690,True,4.685195385086632,4.216675846577968,-0.468519538508664,-10.000000000000018,-10.526315789473703,1.5661564916456394,1.5661564916456394,0.0,0.0,0.0,54.70491252453728,49.234421272083544,-5.4704912524537335,-10.00000000000001,-10.526315789473697,0.13333333333333336,0.13333333333333336,0.0,0.0,0.0,-4.482566322742624,-4.391051341621277,0.09151498112134693,-2.041575618346996,2.062630701092013,0.7786154850735318,0.778615485073524,-7.882583474838611e-15,-1.012384627065847e-12,-1.0123846270658523e-12,4720.922733498581,5245.469703809469,524.5469703108884,11.111111109462222,10.526315787993793,0.011003384209149288,0.009903045788234359,-0.001100338420914929,-10.000000000000002,-10.526315789473687
b3504d04-31ce-4fa2-b3cf-c32a539edd12,scale_minus_5pct,3739352690,True,4.685195385086632,4.450935615832299,-0.2342597692543329,-5.0000000000000275,-5.128205128205157,1.5661564916456394,1.5661564916456394,0.0,0.0,0.0,54.70491252453728,51.9696668983104,-2.7352456262268774,-5.000000000000025,-5.128205128205155,0.13333333333333336,0.13333333333333336,0.0,0.0,0.0,-4.482566322742624,-4.438013533320321,0.04455278942230301,-0.9939125539818834,0.998876533615073,0.7786154850735318,0.7786154850735251,-6.772360450213455e-15,-8.697952429720658e-13,-8.697952429720695e-13,4720.922733498581,4969.392350985078,248.46961748649755,5.263157893337554,5.1282051268766775,0.011003384209149288,0.010453214998691824,-0.0005501692104574636,-4.999999999999993,-5.128205128205121
b3504d04-31ce-4fa2-b3cf-c32a539edd12,scale_plus_5pct,3739352690,True,4.685195385086632,4.919455154340962,0.23425976925433023,4.999999999999971,4.878048780487776,1.5661564916456394,1.5661564916456394,0.0,0.0,0.0,54.70491252453728,57.440158150764134,2.735245626226856,4.999999999999986,4.8780487804877914,0.13333333333333336,0.13333333333333336,0.0,0.0,0.0,-4.482566322742624,-4.524944920882499,-0.04237859813987477,0.9454092831792336,-0.940961315365936,0.7786154850735318,0.7786154850735311,-7.771561172376096e-16,-9.98125688656469e-14,-9.981256886564694e-14,4720.922733498581,4496.116889024046,-224.80584447453475,-4.761904762375462,-4.878048780981746,0.011003384209149288,0.011553553419606753,0.0005501692104574653,5.000000000000009,4.878048780487814
b3504d04-31ce-4fa2-b3cf-c32a539edd12,scale_plus_10pct,3739352690,True,4.685195385086632,5.153714923595297,0.4685195385086649,10.000000000000037,9.523809523809557,1.5661564916456394,1.5661564916456394,0.0,0.0,0.0,54.70491252453728,60.17540377699104,5.470491252453762,10.000000000000062,9.52380952380958,0.13333333333333336,0.13333333333333336,0.0,0.0,0.0,-4.482566322742624,-4.565351693059072,-0.08278537031644806,1.8468297924880779,-1.829931928469465,0.7786154850735318,0.7786154850735354,3.552713678800501e-15,4.562860291001e-13,4.56286029100099e-13,4720.922733498581,4291.747939536502,-429.1747939620791,-9.090909091071403,-9.523809523987664,0.011003384209149288,0.012103722630064217,0.001100338420914929,10.000000000000002,9.523809523809524
b3504d04-31ce-4fa2-b3cf-c32a539edd12,combined_degradation,3739352690,True,4.685195385086632,9.420374971689435,4.735179586602803,101.06685415244954,67.13914385359266,1.5661564916456394,7.539215667018167,5.973059175372528,381.3832913399564,131.19857313441346,54.70491252453728,104.15558118938658,49.4506686648493,90.3952979408728,62.25672287522927,0.13333333333333336,0.02857142857142857,-0.10476190476190479,-78.57142857142858,-129.41176470588238,-4.482566322742624,-5.254085010291556,-0.7715186875489319,17.2115398189331,-15.847721380991628,0.7786154850735318,0.7885746816997214,0.009959196626189604,1.2790904903784523,1.2709621126190407,4720.922733498581,144.78565658948708,-4576.137076909094,-96.93310683604031,-188.09746536521342,0.011003384209149288,0.0,-0.011003384209149288,-100.0,-200.0
b760c52c-ec71-42b4-9e15-97ab9a0b91af,frame_thinning_2x,457504873,True,4.4896881943258204,4.908664263443466,0.4189760691176456,9.33196362382488,8.915947151381685,4.384244026284781,15.625939543367679,11.241695517082897,256.4112638276008,112.35974400686763,64.80306389812519,15.526385167670465,-49.27667873045472,-76.0406619167282,-122.68646008039603,0.4354838709677419,0.9310344827586206,0.49555061179087867,113.79310344827587,72.52747252747251,-6.455362916705813,-4.749363323498376,1.7059995932074363,-26.427632578061345,30.451428381820907,0.9432404081387463,0.7175020130939684,-0.22573839504477788,-23.932222697097686,-27.185238620835573,2396.1762014307615,865.4677066717087,-1530.7084947590529,-63.88129945723791,-93.8611655893224,0.04908179185096767,0.029095686725089172,-0.0199861051258785,-40.71999894902872,-51.130083727206774
b760c52c-ec71-42b4-9e15-97ab9a0b91af,frame_thinning_3x,457504873,True,4.4896881943258204,4.5936476259235945,0.1039594315977741,2.3155156237611467,2.2890143809506216,4.384244026284781,13.906099019317834,9.521854993033052,217.18350839841128,104.11893280834126,64.80306389812519,12.660024198653733,-52.14303969947146,-80.46384933503121,-134.62680350240174,0.4354838709677419,0.52,0.08451612903225814,19.407407407407426,17.69074949358543,-6.455362916705813,-3.789682093509892,2.665680823195921,-41.2940505064001,52.038440446828176,0.9432404081387463,0.7020803516422696,-0.24116005649647676,-25.567188854042737,-29.314655523896022,2396.1762014307615,598.2559417572741,-1797.9202596734874,-75.032890260739,-120.08422122795702,0.04908179185096767,0.031079467100183073,-0.018002324750784598,-36.67821420507017,-44.9152745012525
b760c52c-ec71-42b4-9e15-97ab9a0b91af,landmark_dropout_5pct,457504873,True,4.4896881943258204,27.68180965971952,23.192121465393697,516.5641902416403,144.17806451294868,4.384244026284781,2.441762534202076,-1.9424814920827052,-44.30596199565945,-56.91414078993091,64.80306389812519,1657.9368706289158,1593.1338067307906,2458.423585087435,184.95348889304847,0.4354838709677419,0.4814814814814815,0.04599761051373963,10.56241426611799,10.032573289902299,-6.455362916705813,-9.238770334932928,-2.7834074182271156,43.11775269867391,-35.47067395947437,0.9432404081387463,0.2978561508175749,-0.6453842573211714,-68.4220323633801,-104.00226358920796,2396.1762014307615,2437.4120483205393,41.235846889777804,1.7209021133402378,1.7062209174271092,0.04908179185096767,27.67427540316435,27.625193611313385,56283.995692730074,199.29183480188624
b760c52c-ec71-42b4-9e15-97ab9a0b91af,landmark_dropout_10pct,457504873,True,4.4896881943258204,5.502453564135743,1.0127653698099222,22.557588099099625,20.271237023880097,4.384244026284781,1.015632754519384,-3.3686112717653973,-76.83448392857746,-124.76622739764571,64.80306389812519,327.8941901613956,263.09112626327044,405.98562851421275,133.99183393494977,0.4354838709677419,0.20338983050847462,-0.23209404045926726,-53.29566854990583,-72.65725288831833,-6.455362916705813,-8.303927521033259,-1.8485646043274464,28.636106570299123,-25.049505084617362,0.9432404081387463,0.18618596830433243,-0.7570544398344139,-80.26102712544676,-134.05998932283094,2396.1762014307615,2092.8377321731905,-303.338469257571,-12.659272263719462,-13.514703841163588,0.04908179185096767,5.4823222867107155,5.4332404948597475,11069.768013680676,196.45068115408915
b760c52c-ec71-42b4-9e15-97ab9a0b91af,landmark_dropout_20pct,457504873,True,4.4896881943258204,6.860957914696112,2.3712697203702913,52.81591098836576,41.78210998025063,4.384244026284781,1.0156306326632731,-3.368613393621508,-76.83453232588604,-124.76635501305304,64.80306389812519,409.8413575064149,345.03829360828973,532.4413273895711,145.38811710344032,0.4354838709677419,0.04285714285714286,-0.392626728110599,-90.15873015873015,-164.16184971098264,-6.455362916705813,-8.41380049295152,-1.9584375762457071,30.338148319709074,-26.342269868037455,0.9432404081387463,0.2155979339479593,-0.727642474190787,-77.14284374506506,-125.58135984360516,2396.1762014307615,2582.290466094599,186.11426466383773,7.767136012481409,7.476770543744517,0.04908179185096767,0.018910672611454214,-0.030171119239513457,-61.47110384870478,-88.74842080827486
b760c52c-ec71-42b4-9e15-97ab9a0b91af,jitter_sigma_0p004,457504873,True,4.4896881943258204,1.2794548878356207,-3.2102333064902,-71.50236647942218,-111.28977946192552,4.384244026284781,0.0,-4.384244026284781,-100.0,-200.0,64.80306389812519,76.69060266746976,11.887538769344573,18.34409988396936,16.80292702547734,0.4354838709677419,0.0,-0.4354838709677419,-100.0,-199.99999999999997,-6.455362916705813,-7.324918647117326,-0.8695557304115136,13.47028419054788,-12.620289743488637,0.9432404081387463,1.0,0.05675959186125368,6.017510633715832,5.841746767258566,2396.1762014307615,0.0,-2396.1762014307615,-100.0,-200.0,0.04908179185096767,0.0,-0.04908179185096767,-100.0,-200.0
b760c52c-ec71-42b4-9e15-97ab9a0b91af,jitter_sigma_0p008,457504873,True,4.4896881943258204,1.4539924745759705,-3.03569571974985,-67.61484513749613,-102.14868156134482,4.384244026284781,0.0,-4.384244026284781,-100.0,-200.0,64.80306389812519,87.15239607847974,22.34933218035455,34.48807947644145,29.415635586632366,0.4354838709677419,0.0,-0.4354838709677419,-100.0,-199.99999999999997,-6.455362916705813,-7.435993009121952,-0.9806300924161393,15.19093666877148,-14.118565497164814,0.9432404081387463,1.0,0.05675959186125368,6.017510633715832,5.841746767258566,2396.1762014307615,0.0,-2396.1762014307615,-100.0,-200.0,0.04908179185096767,0.0,-0.04908179185096767,-100.0,-200.0
b760c52c-ec71-42b4-9e15-97ab9a0b91af,scale_minus_10pct,457504873,True,4.4896881943258204,4.040719374893238,-0.44896881943258204,-10.0,-10.526315789473687,4.384244026284781,4.384244026284781,0.0,0.0,0.0,64.80306389812519,58.322757508312684,-6.480306389812505,-9.999999999999979,-10.526315789473662,0.4354838709677419,0.4354838709677419,0.0,0.0,0.0,-6.455362916705813,-6.363847935584463,0.09151498112134959,-1.4176581905955787,1.4277787014479064,0.9432404081387463,0.9432404081387462,-1.1102230246251565e-16,-1.1770308131899369e-14,-1.177030813189937e-14,2396.1762014307615,2662.418001578382,266.2418001476203,11.111111110637308,10.526315789048443,0.04908179185096767,0.04417361266587091,-0.004908179185096763,-9.999999999999991,-10.526315789473674
b760c52c-ec71-42b4-9e15-97ab9a0b91af,scale_minus_5pct,457504873,True,4.4896881943258204,4.26520378460953,-0.22448440971629058,-4.99999999999999,-5.128205128205117,4.384244026284781,4.384244026284781,0.0,0.0,0.0,64.80306389812519,61.56291070321894,-3.2401531949062488,-4.999999999999984,-5.12820512820511,0.4354838709677419,0.4354838709677419,0.0,0.0,0.0,-6.455362916705813,-6.410810127283509,0.044552789422303896,-0.6901670749913359,0.6925569751001847,0.9432404081387463,0.9432404081387469,5.551115123125783e-16,5.885154065949685e-14,5.885154065949683e-14,2396.1762014307615,2522.2907383436836,126.11453691292218,5.263157894549614,5.1282051280273775,0.04908179185096767,0.04662770225841929,-0.002454089592548378,-4.9999999999999885,-5.128205128205116
b760c52c-ec71-42b4-9e15-97ab9a0b91af,scale_plus_5pct,457504873,True,4.4896881943258204,4.714172604042111,0.22448440971629058,4.99999999999999,4.878048780487796,4.384244026284781,4.384244026284781,0.0,0.0,0.0,64.80306389812519,68.04321709303147,3.2401531949062843,5.000000000000038,4.878048780487841,0.4354838709677419,0.4354838709677419,0.0,0.0,0.0,-6.455362916705813,-6.497741514845689,-0.042378598139876544,0.6564866869096563,-0.6543388631477358,0.9432404081387463,0.9432404081387468,4.440892098500626e-16,4.7081232527597474e-14,4.708123252759746e-14,2396.1762014307615,2282.072572784841,-114.10362864592025,-4.761904762170192,-4.878048780766341,0.04908179185096767,0.05153588144351606,0.002454089592548392,5.000000000000017,4.878048780487821
b760c52c-ec71-42b4-9e15-97ab9a0b91af,scale_plus_10pct,457504873,True,4.4896881943258204,4.9386570137584025,0.44896881943258204,10.0,9.523809523809524,4.384244026284781,4.384244026284781,0.0,0.0,0.0,64.80306389812519,71.28337028793773,6.48030638981254,10.000000000000032,9.523809523809554,0.4354838709677419,0.4354838709677419,0.0,0.0,0.0,-6.455362916705813,-6.538148287022263,-0.08278537031645072,1.2824278260515878,-1.2742571121606927,0.9432404081387463,0.9432404081387457,-6.661338147750939e-16,-7.06218487913962e-14,-7.062184879139624e-14,2396.1762014307615,2178.342001298013,-217.83420013274826,-9.090909091020896,-9.523809523932231,0.04908179185096767,0.05398997103606445,0.004908179185096777,10.00000000000002,9.523809523809541
b760c52c-ec71-42b4-9e15-97ab9a0b91af,combined_degradation,457504873,True,4.4896881943258204,17.346603165801298,12.856914971475478,286.36543151759105,117.7573129011467,4.384244026284781,3.370808360053297,-1.013435666231484,-23.11540279591307,-26.136139789766823,64.80306389812519,513.3427120086533,448.5396481105281,692.1580881046965,155.1648967449523,0.4354838709677419,0.303030303030303,-0.1324535679374389,-30.41526374859708,-35.870284579748514,-6.455362916705813,-7.8667190146673285,-1.4113560979615158,21.863311422957675,-19.708811955193177,0.9432404081387463,0.31621882680636065,-0.6270215813323856,-66.4752671664755,-99.56996843327194,2396.1762014307615,77.69664781738685,-2318.4795536133747,-96.75747352089576,-187.43724474909854,0.04908179185096767,0.8087580042395137,0.7596762123885461,1547.7760361627236,177.1137724900836
b95e3543-d28d-49db-be02-bbee7efb8425,frame_thinning_2x,4015782012,True,1.094898168686375,20.369240646148793,19.27434247746242,1760.377634075978,179.59576802718732,0.3819425447982583,63.94283256544756,63.5608900206493,16641.479428331848,197.62491174423135,54.74490843431875,278.43936954219146,223.6944611078727,408.61235776155223,134.2767206582559,0.0,0.2,0.2,,200.0,-6.874627476090692,-6.92242989612376,-0.04780242003306867,0.6953456052610996,-0.6929364536721688,1.0,0.938905004341442,-0.06109499565855803,-6.109499565855803,-6.302010209036437,0.0,10.107446447069922,10.107446447069922,,200.0,0.0,1.0443304514746667,1.0443304514746667,,200.0
b95e3543-d28d-49db-be02-bbee7efb8425,frame_thinning_3x,4015782012,True,1.094898168686375,0.7777398798097263,-0.31715828887664876,-28.966921120816696,-33.872887409433524,0.3819425447982583,0.5600117855055247,0.17806924070726637,46.62199671977428,37.808465862636574,54.74490843431875,12.962331330162105,-41.782577104156644,-76.32230704027224,-123.42129807535215,0.0,0.0,0.0,,,-6.874627476090692,-4.6690637357539835,2.205563740336708,-32.082665540895874,38.21245215003045,1.0,1.0,0.0,0.0,0.0,0.0,0.0,0.0,,,0.0,0.0,0.0,,
b95e3543-d28d-49db-be02-bbee7efb8425,landmark_dropout_5pct,4015782012,True,1.094898168686375,1.094898168686375,0.0,0.0,0.0,0.3819425447982583,0.3819425447982583,0.0,0.0,0.0,54.74490843431875,54.74490843431875,0.0,0.0,0.0,0.0,0.0,0.0,,,-6.874627476090692,-6.874627476090692,0.0,-0.0,0.0,1.0,1.0,0.0,0.0,0.0,0.0,0.0,0.0,,,0.0,0.0,0.0,,
b95e3543-d28d-49db-be02-bbee7efb8425,landmark_dropout_10pct,4015782012,True,1.094898168686375,1.0792271282128791,-0.01567104047349588,-1.4312783527894204,-1.441594971168035,0.3819425447982583,0.3295852533342969,-0.0523572914639614,-13.708159035180664,-14.716864640109932,54.74490843431875,53.96135641064396,-0.7835520236747939,-1.4312783527894204,-1.441594971168035,0.0,0.0,0.0,,,-6.874627476090692,-6.862105724409874,0.012521751680817594,-0.18214443945314956,0.18231047364829508,1.0,1.0,0.0,0.0,0.0,0.0,0.0,0.0,,,0.0,0.0,0.0,,
b95e3543-d28d-49db-be02-bbee7efb8425,landmark_dropout_20pct,4015782012,True,1.094898168686375,2.865873634915365,1.7709754662289898,161.7479613061872,89.42577629029513,0.3819425447982583,0.6324312429612122,0.25048869816295394,65.58282170300296,49.3878491707142,54.74490843431875,70.22072698163778,15.47581854731903,28.26896416474317,24.768118844523496,0.0,2.0000000000000004,2.0000000000000004,,200.0,-6.874627476090692,-7.019303935807637,-0.14467645971694498,2.104498901505807,-2.0825849131952467,1.0,0.779968771422938,-0.22003122857706203,-22.003122857706202,-24.723043697127927,0.0,49.69740756441253,49.69740756441253,,200.00000000000003,0.0,1.2602752214975048,1.2602752214975048,,200.0
b95e3543-d28d-49db-be02-bbee7efb8425,jitter_sigma_0p004,4015782012,True,1.094898168686375,2.151046200664946,1.056148031978571,96.4608456004365,65.07493116338496,0.3819425447982583,0.0,-0.3819425447982583,-100.0,-200.0,54.74490843431875,107.5523100332473,52.80740159892854,96.46084560043649,65.07493116338495,0.0,0.0,0.0,,,-6.874627476090692,-7.461179494072852,-0.5865520179821608,8.532128031986222,-8.183034540056582,1.0,1.0,0.0,0.0,0.0,0.0,0.0,0.0,,,0.0,0.0,0.0,,
b95e3543-d28d-49db-be02-bbee7efb8425,jitter_sigma_0p008,4015782012,True,1.094898168686375,4.885408298444169,3.790510129757794,346.19750385604635,126.76641742664897,0.3819425447982583,0.0,-0.3819425447982583,-100.0,-200.0,54.74490843431875,244.27041492220843,189.5255064878897,346.1975038560463,126.76641742664896,0.0,0.0,0.0,,,-6.874627476090692,-8.173681748889166,-1.2990542727984744,18.896358781860737,-17.26511933502899,1.0,1.0,0.0,0.0,0.0,0.0,0.0,0.0,,,0.0,0.0,0.0,,
b95e3543-d28d-49db-be02-bbee7efb8425,scale_minus_10pct,4015782012,True,1.094898168686375,0.9854083518177376,-0.10948981686863746,-9.999999999999996,-10.526315789473681,0.3819425447982583,0.3819425447982583,0.0,0.0,0.0,54.74490843431875,49.27041759088688,-5.474490843431873,-9.999999999999996,-10.52631578947368,0.0,0.0,0.0,,,-6.874627476090692,-6.783112494969342,0.09151498112134959,-1.3311991295474568,1.3401189554825994,1.0,1.0,0.0,0.0,0.0,0.0,0.0,0.0,,,0.0,0.0,0.0,,
b95e3543-d28d-49db-be02-bbee7efb8425,scale_minus_5pct,4015782012,True,1.094898168686375,1.0401532602520562,-0.054744908434318784,-5.000000000000003,-5.128205128205131,0.3819425447982583,0.3819425447982583,0.0,0.0,0.0,54.74490843431875,52.00766301260281,-2.73724542171594,-5.000000000000004,-5.128205128205133,0.0,0.0,0.0,,,-6.874627476090692,-6.830074686668388,0.044552789422303896,-0.648075689588335,0.6501825270361712,1.0,1.0,0.0,0.0,0.0,0.0,0.0,0.0,,,0.0,0.0,0.0,,
b95e3543-d28d-49db-be02-bbee7efb8425,scale_plus_5pct,4015782012,True,1.094898168686375,1.149643077120694,0.054744908434319006,5.000000000000023,4.878048780487828,0.3819425447982583,0.3819425447982583,0.0,0.0,0.0,54.74490843431875,57.4821538560347,2.737245421715947,5.000000000000018,4.8780487804878225,0.0,0.0,0.0,,,-6.874627476090692,-6.917006074230568,-0.042378598139876544,0.6164493754354738,-0.6145551646982295,1.0,1.0,0.0,0.0,0.0,0.0,0.0,0.0,,,0.0,0.0,0.0,,
b95e3543-d28d-49db-be02-bbee7efb8425,scale_plus_10pct,4015782012,True,1.094898168686375,1.2043879855550126,0.10948981686863757,10.000000000000005,9.523809523809529,0.3819425447982583,0.3819425447982583,0.0,0.0,0.0,54.74490843431875,60.219399277750625,5.474490843431873,9.999999999999996,9.523809523809522,0.0,0.0,0.0,,,-6.874627476090692,-6.957412846407142,-0.08278537031645072,1.2042160917718154,-1.1970088054442727,1.0,1.0,0.0,0.0,0.0,0.0,0.0,0.0,,,0.0,0.0,0.0,,
b95e3543-d28d-49db-be02-bbee7efb8425,combined_degradation,4015782012,True,1.094898168686375,19.572209609669482,18.477311440983108,1687.5826418772456,178.80887484734495,0.3819425447982583,66.58386215440373,66.20191960960547,17332.952432563714,197.7185816163107,54.74490843431875,280.3618599708965,225.61695153657774,412.12408238341646,134.65377175775748,0.0,2.0000000000000004,2.0000000000000004,,200.0,-6.874627476090692,-6.952020509171886,-0.0773930330811945,1.1257778454230456,-1.1194764365692318,1.0,0.9373706066322859,-0.06262939336771411,-6.262939336771412,-6.465401421216175,0.0,13.483033459799906,13.483033459799906,,200.0,0.0,3.5334444167146906,3.5334444167146906,,200.0
ba749048-28f5-497e-8d85-fcbcfedb6f8c,frame_thinning_2x,3516859669,True,8.569793848012983,5.634620155133184,-2.9351736928797996,-34.250225208863775,-41.32762804899493,8.236785910903265,8.519915474635125,0.28312956373186005,3.437379176713498,3.3792995079116297,231.0085865824358,33.25017674560867,-197.75840983682713,-85.60651911796218,-149.67027571481864,0.39240506329113917,0.46341463414634143,0.07100957085520226,18.095987411487034,16.59451659451661,-6.8736798483365416,-5.074125202360551,1.7995546459759906,-26.180367513210413,30.123602424714754,0.6612406539008799,0.5990503694866307,-0.06219028441424923,-9.405090876879383,-9.869194219457222,4453.038203487258,921.8727072912613,-3531.1654961959966,-79.29789359163087,-131.39438233719602,0.026511009145797907,0.01298293644347761,-0.013528072702320298,-51.028131852402716,-68.50707114962862
ba749048-28f5-497e-8d85-fcbcfedb6f8c,frame_thinning_3x,3516859669,True,8.569793848012983,4.852145706753115,-3.7176481412598683,-43.38083514251457,-55.39658595675527,8.236785910903265,7.9121277311705205,-0.3246581797327446,-3.9415638969441398,-4.020805200009145,231.0085865824358,13.722789941846683,-217.28579664058913,-94.05961910556529,-177.57085317503604,0.39240506329113917,0.11764705882352941,-0.2747580044676098,-70.01897533206831,-107.73722627737227,-6.8736798483365416,-4.259859998152306,2.6138198501842353,-38.02649974768305,46.953976654757255,0.6612406539008799,0.6940852152618281,0.032844561360948155,4.967111620737033,4.846740124755213,4453.038203487258,296.7813399704701,-4156.256863516788,-93.33530667358625,-175.00693765267368,0.026511009145797907,0.007525264733429222,-0.018985744412368687,-71.61456701989783,-111.56182653681127
ba749048-28f5-497e-8d85-fcbcfedb6f8c,landmark_dropout_5pct,3516859669,True,8.569793848012983,52.56748201854849,43.997688170535504,513.4042772888514,143.93080995811812,8.236785910903265,8.257540403509093,0.02075449260582829,0.2519731947670873,0.251656141756981,231.0085865824358,2599.247255442311,2368.2386688598754,1025.173437877715,167.35156120484518,0.39240506329113917,0.2111111111111111,-0.18129395218002806,-46.20071684587813,-60.07923560941504,-6.8736798483365416,-8.613147922656182,-1.7394680743196407,25.306213159470893,-22.46383959377032,0.6612406539008799,0.4197945616586247,-0.24144609224225522,-36.5141028183739,-44.66942219218853,4453.038203487258,5875.156762106237,1422.1185586189786,31.935916415567483,27.538569195421044,0.026511009145797907,0.026302629465676693,-0.0002083796801212144,-0.7860118751995654,-0.789113136681102
ba749048-28f5-497e-8d85-fcbcfedb6f8c,landmark_dropout_10pct,3516859669,True,8.569793848012983,49.39009910802284,40.82030526000985,476.32773884606996,140.85707608526187,8.236785910903265,3.4414051446479212,-4.795380766255343,-58.219077418384316,-82.12540355684413,231.0085865824358,2960.386803316832,2729.378216734396,1181.5050934309807,171.04607128109848,0.39240506329113917,0.14864864864864868,-0.24375641464249048,-62.1185701830863,-90.10433133101483,-6.8736798483365416,-9.647527046369655,-2.7738471980331134,40.35461731177945,-33.5792320223521,0.6612406539008799,0.25600332725364766,-0.4052373266472323,-61.28439385216284,-88.3597679511973,4453.038203487258,10384.770795066082,5931.732591578824,133.20641594616396,79.95429233732767,0.026511009145797907,0.018983802900481784,-0.007527206245316123,-28.392756397616093,-33.09039385703608
ba749048-28f5-497e-8d85-fcbcfedb6f8c,landmark_dropout_20pct,3516859669,True,8.569793848012983,49.431169575236304,40.86137572722332,476.80698569776627,140.89895517440428,8.236785910903265,3.4414050580099054,-4.795380852893359,-58.219078470226826,-82.1254056498725,231.0085865824358,2962.848535839941,2731.8399492575054,1182.5707388944365,171.068388130371,0.39240506329113917,0.08974358974358976,-0.3026614735475494,-77.12985938792389,-125.54695388757992,-6.8736798483365416,-10.087852727880499,-3.2141728795439573,46.760584584424606,-37.899557308291534,0.6612406539008799,0.12603695195946718,-0.5352037019414128,-80.93932198271038,-135.9631464066694,4453.038203487258,10286.586206081127,5833.548002593869,131.00152605979233,79.15463570166631,0.026511009145797907,0.013266901329366166,-0.013244107816431741,-49.957011231052974,-66.59026408489152
ba749048-28f5-497e-8d85-fcbcfedb6f8c,jitter_sigma_0p004,3516859669,True,8.569793848012983,3.3978343770675346,-5.171959470945449,-60.35103717395296,-86.43248893889586,8.236785910903265,3.1077072152592233,-5.129078695644042,-62.270389823469074,-90.42411394856317,231.0085865824358,61.61936977458712,-169.3892168078487,-73.32593966042984,-115.77104178056327,0.39240506329113917,4.266666666666666,3.8742616033755266,987.3118279569892,166.31045100525267,-6.8736798483365416,-6.612292307139371,0.26138754119717067,-3.8027308074353727,3.876436020832737,0.6612406539008799,0.4502307785960364,-0.21100987530484355,-31.911207222366876,-37.969464465822696,4453.038203487258,172.031140563778,-4281.007062923481,-96.13676926398124,-185.121854159004,0.026511009145797907,1.1914853112746615,1.1649743021288637,4394.303874749017,191.29356675342137
ba749048-28f5-497e-8d85-fcbcfedb6f8c,jitter_sigma_0p008,3516859669,True,8.569793848012983,0.4749969523910982,-8.094796895621885,-94.45731179984881,-178.99356821520394,8.236785910903265,1.276231637000264,-6.960554273903001,-84.50570828469779,-146.3374631414816,231.0085865824358,28.47134579766822,-202.5372407847676,-87.67520020840949,-156.11013840413455,0.39240506329113917,0.0,-0.39240506329113917,-100.0,-200.00000000000003,-6.8736798483365416,-6.464250337966085,0.4094295103704564,-5.956482108626866,6.139326037122605,0.6612406539008799,1.0,0.33875934609912006,51.23087095457082,40.783897902288224,4453.038203487258,0.0,-4453.038203487258,-100.0,-200.0,0.026511009145797907,0.0,-0.026511009145797907,-100.0,-200.0
ba749048-28f5-497e-8d85-fcbcfedb6f8c,scale_minus_10pct,3516859669,True,8.569793848012983,7.712814463211685,-0.8569793848012983,-10.0,-10.526315789473685,8.236785910903265,8.236785910903265,0.0,0.0,0.0,231.0085865824358,207.9077279241922,-23.100858658243624,-10.000000000000018,-10.526315789473704,0.39240506329113917,0.39240506329113917,0.0,0.0,0.0,-6.8736798483365416,-6.782164867215191,0.09151498112135048,-1.3313826529685913,1.3403049467475294,0.6612406539008799,0.6612406539008798,-1.1102230246251565e-16,-1.6789999496788033e-14,-1.6789999496788036e-14,4453.038203487258,4947.82022601897,494.78202253171185,11.111111109359868,10.526315787901932,0.026511009145797907,0.02385990823121812,-0.002651100914579787,-9.999999999999986,-10.526315789473669
ba749048-28f5-497e-8d85-fcbcfedb6f8c,scale_minus_5pct,3516859669,True,8.569793848012983,8.141304155612335,-0.4284896924006478,-4.999999999999984,-5.128205128205113,8.236785910903265,8.236785910903265,0.0,0.0,0.0,231.0085865824358,219.45815725331403,-11.550429329121783,-4.9999999999999964,-5.128205128205125,0.39240506329113917,0.39240506329113917,0.0,0.0,0.0,-6.8736798483365416,-6.829127058914237,0.044552789422304784,-0.6481650354007503,0.6502724547439966,0.6612406539008799,0.6612406539008789,-9.992007221626409e-16,-1.5110999547109232e-13,-1.5110999547109242e-13,4453.038203487258,4687.408635174494,234.3704316872354,5.263157893046942,5.128205126600779,0.026511009145797907,0.025185458688508012,-0.0013255504572898952,-5.0,-5.128205128205128
ba749048-28f5-497e-8d85-fcbcfedb6f8c,scale_plus_5pct,3516859669,True,8.569793848012983,8.998283540413633,0.4284896924006496,5.000000000000005,4.87804878048781,8.236785910903265,8.236785910903265,0.0,0.0,0.0,231.0085865824358,242.55901591155754,11.550429329121727,4.9999999999999725,4.878048780487778,0.39240506329113917,0.39240506329113917,0.0,0.0,0.0,-6.8736798483365416,-6.916058446476417,-0.042378598139875656,0.616534361141819,-0.614639628887177,0.6612406539008799,0.6612406539008792,-7.771561172376096e-16,-1.1752999647751624e-13,-1.1752999647751632e-13,4453.038203487258,4240.98876489212,-212.04943859513787,-4.761904769401663,-4.878048788354868,0.026511009145797907,0.02783655960308781,0.0013255504572899021,5.000000000000025,4.878048780487829
ba749048-28f5-497e-8d85-fcbcfedb6f8c,scale_plus_10pct,3516859669,True,8.569793848012983,9.426773232814282,0.8569793848012992,10.00000000000001,9.523809523809533,8.236785910903265,8.236785910903265,0.0,0.0,0.0,231.0085865824358,254.10944524067938,23.100858658243567,9.999999999999993,9.523809523809518,0.39240506329113917,0.39240506329113917,0.0,0.0,0.0,-6.8736798483365416,-6.956465218652991,-0.08278537031644984,1.204382108900289,-1.1971728411446096,0.6612406539008799,0.66124065390088,1.1102230246251565e-16,1.6789999496788033e-14,1.6789999496788036e-14,4453.038203487258,4048.2165485849105,-404.82165490234775,-9.090909091804429,-9.523809524792162,0.026511009145797907,0.0291621100603777,0.002651100914579794,10.000000000000012,9.523809523809533
ba749048-28f5-497e-8d85-fcbcfedb6f8c,combined_degradation,3516859669,True,8.569793848012983,9.917623148156947,1.3478293001439638,15.727674714794631,14.581045047268592,8.236785910903265,4.289764023230177,-3.9470218876730883,-47.91944249089083,-63.0184992424434,231.0085865824358,280.2144786412797,49.20589205884389,21.300460206609973,19.25026291108793,0.39240506329113917,0.04878048780487805,-0.34362457548626113,-87.5688434303698,-155.77326801959413,-6.8736798483365416,-6.774540714973853,0.09913913336268898,-1.4423007115567223,1.4527774210976359,0.6612406539008799,0.6744273695748456,0.013186715673965677,1.9942384964041195,1.9745498794903706,4453.038203487258,77.80786431901092,-4375.230339168247,-98.25270162160122,-193.13083135868408,0.026511009145797907,0.23659004582879917,0.21007903668300126,792.4218785021225,159.69456048230958
c638dd17-dbb3-4068-bb40-957442fe9ec9,frame_thinning_2x,4184951148,True,2.2348837761372953,7.39864788683824,5.163764110700944,231.0529149585504,107.20396820922468,0.49348399769595364,37.17793593486054,36.68445193716459,7433.767276840187,194.7601232066172,67.30438033687741,136.83607555048638,69.53169521360897,103.30931637076696,68.1214264084662,1.9583333333333333,0.12307692307692308,-1.8352564102564102,-93.7152209492635,-176.34739759778256,-6.51377052784685,-6.153849994936209,0.35992053291064074,-5.525532890235447,5.6825278632765155,0.6413815260580104,0.13471614765011383,-0.5066653784078965,-78.99594201315843,-130.5674261300373,125.94329257456253,50.32083798205927,-75.62245459250326,-60.04484482389747,-85.80583508816714,1.5867761940537817,1.419166650629766,-0.16760954342401568,-10.562897530988216,-11.151878268108646
c638dd17-dbb3-4068-bb40-957442fe9ec9,frame_thinning_3x,4184951148,True,2.2348837761372953,10.98071607372294,8.745832297585645,391.33275703050987,132.35619112178458,0.49348399769595364,55.20931392691099,54.71582992921503,11087.660427628833,196.45630728737268,67.30438033687741,134.17409573140137,66.86971539452395,99.35418030716895,66.37901645817746,1.9583333333333333,1.9444444444444438,-0.013888888888889506,-0.7092198581560599,-0.7117437722420247,-6.51377052784685,-5.802695627628069,0.7110749002187813,-10.916486805589537,11.546735747780936,0.6413815260580104,0.10546229759172257,-0.5359192284662878,-83.55701040535054,-143.51574224643574,125.94329257456253,40.00176104333366,-85.94153153122888,-68.23827595292435,-103.57829854828599,1.5867761940537817,5.055318118280019,3.468541924226238,218.59049418715165,104.44121269959845
c638dd17-dbb3-4068-bb40-957442fe9ec9,landmark_dropout_5pct,4184951148,True,2.2348837761372953,2.2214694721249675,-0.013414304012327793,-0.6002237859327372,-0.6020305512162282,0.49348399769595364,0.49317784680279686,-0.0003061508931567758,-0.06203866682327602,-0.0620579167753889,67.30438033687741,67.3408638834748,0.03648354659738118,0.05420679369570114,0.054192105794207523,1.9583333333333333,0.33962264150943394,-1.6187106918238994,-82.65756724207147,-140.88265480670543,-6.51377052784685,-6.4640953630794105,0.049675164767439384,-0.7626176659904488,0.7655367251432423,0.6413815260580104,0.5806963397773438,-0.06068518628066655,-9.461636142475644,-9.931476213945672,125.94329257456253,126.45193710277216,0.5086445282096292,0.4038678978545008,0.4030539950060759,1.5867761940537817,1.5872507765961483,0.00047458254236665276,0.02990859984823842,0.029904127895263276
c638dd17-dbb3-4068-bb40-957442fe9ec9,landmark_dropout_10pct,4184951148,True,2.2348837761372953,21.34680379727241,19.111920021135116,855.1639340354234,162.09119861875686,0.49348399769595364,0.4928869854736949,-0.0005970122222587193,-0.12097904390945453,-0.12105226784759089,67.30438033687741,1165.5684514248064,1098.264071087929,1631.786914300091,178.16339898067042,1.9583333333333333,0.14516129032258063,-1.8131720430107525,-92.58750857927247,-172.3961661341853,-6.51377052784685,-8.910033286705481,-2.396262758858631,36.78764470769166,-31.072267096625822,0.6413815260580104,0.15624892263878012,-0.48513260341923026,-75.6386929946205,-121.64345135315855,125.94329257456253,90.54523486392544,-35.39805771063709,-28.106346107856666,-32.702017173353376,1.5867761940537817,1.5876938108562373,0.000917616802455612,0.057828999823305305,0.05781228369058866
c638dd17-dbb3-4068-bb40-957442fe9ec9,landmark_dropout_20pct,4184951148,True,2.2348837761372953,1.6660211947961063,-0.5688625813411889,-25.4537881305127,-29.16567235448817,0.49348399769595364,0.4585038203893975,-0.034980177306556115,-7.088411674922876,-7.348870782172119,67.30438033687741,56.720866307421616,-10.583514029455799,-15.724851750335306,-17.06670910287971,1.9583333333333333,0.14285714285714285,-1.8154761904761905,-92.70516717325228,-172.80453257790367,-6.51377052784685,-6.7136078496229645,-0.19983732177611468,3.067920813633139,-3.0215711091548942,0.6413815260580104,0.9645058927631549,0.32312436670514455,50.37943152043941,40.24246817281135,125.94329257456253,18.354281860067356,-107.58901071449517,-85.42655072384976,-149.12102457167146,1.5867761940537817,0.0,-1.5867761940537817,-100.0,-200.00000000000003
c638dd17-dbb3-4068-bb40-957442fe9ec9,jitter_sigma_0p004,4184951148,True,2.2348837761372953,2.651405321572033,0.41652154543473774,18.637279928473095,17.0485837864158,0.49348399769595364,3.8289731931373887,3.335489195441435,675.9062524853143,154.33301236690207,67.30438033687741,133.79182890156198,66.48744856468457,98.78621306948541,66.12501430680926,1.9583333333333333,0.11666666666666667,-1.8416666666666666,-94.04255319148936,-177.51004016064257,-6.51377052784685,-7.4799337181068575,-0.9661631902600076,14.832625529708004,-13.80854094496637,0.6413815260580104,0.24893951205533757,-0.39244201400267276,-61.18698435464104,-88.1574167525648,125.94329257456253,81.83130899607418,-44.11198357848835,-35.02527421408537,-42.46138194469519,1.5867761940537817,2.189497223856375,0.6027210298025933,37.9839974951228,31.92147194342446
c638dd17-dbb3-4068-bb40-957442fe9ec9,jitter_sigma_0p008,4184951148,True,2.2348837761372953,4.979602660032171,2.7447188838948757,122.81260051199459,76.0890995687334,0.49348399769595364,5.313463820684988,4.819979822989034,976.7246446679574,166.00734064570645,67.30438033687741,240.8073599000247,173.50297956314728,257.7885402030535,112.62341346015809,1.9583333333333333,0.07692307692307691,-1.8814102564102564,-96.07201309328968,-184.88188976377953,-6.51377052784685,-7.8638459161553955,-1.3500753883085457,20.72648065412918,-18.78023931945607,0.6413815260580104,0.5365431214003152,-0.10483840465769512,-16.34571630119152,-17.800528222906422,125.94329257456253,41.242116940756866,-84.70117563380566,-67.25342326877774,-101.32603781557194,1.5867761940537817,0.8702922921212086,-0.716483901932573,-45.15343150581,-58.320222327050395
c638dd17-dbb3-4068-bb40-957442fe9ec9,scale_minus_10pct,4184951148,True,2.2348837761372953,2.011395398523567,-0.22348837761372842,-9.99999999999995,-10.52631578947363,0.49348399769595364,0.49348399769595364,0.0,0.0,0.0,67.30438033687741,60.57394230318966,-6.730438033687754,-10.000000000000018,-10.526315789473706,1.9583333333333333,1.9583333333333333,0.0,0.0,0.0,-6.51377052784685,-6.422255546725499,0.09151498112135048,-1.4049463475895747,1.4148855389405337,0.6413815260580104,0.641381526058017,6.661338147750939e-15,1.0385921447866037e-12,1.0385921447865982e-12,125.94329257456253,139.93699174950945,13.993699174946912,11.111111111107554,10.526315789470491,1.5867761940537817,1.4280985746484034,-0.15867761940537828,-10.000000000000007,-10.526315789473692
c638dd17-dbb3-4068-bb40-957442fe9ec9,scale_minus_5pct,4184951148,True,2.2348837761372953,2.1231395873304306,-0.11174418880686465,-4.999999999999995,-5.128205128205122,0.49348399769595364,0.49348399769595364,0.0,0.0,0.0,67.30438033687741,63.939161320033534,-3.3652190168438807,-5.000000000000015,-5.128205128205143,1.9583333333333333,1.9583333333333333,0.0,0.0,0.0,-6.51377052784685,-6.469217738424545,0.044552789422304784,-0.6839784919017077,0.6863256518231449,0.6413815260580104,0.641381526058012,1.6653345369377348e-15,2.596480361966509e-13,2.596480361966506e-13,125.94329257456253,132.57188692059813,6.628594346035598,5.2631578947416,5.128205128209643,1.5867761940537817,1.5074373843510924,-0.07933880970268925,-5.000000000000011,-5.128205128205139
c638dd17-dbb3-4068-bb40-957442fe9ec9,scale_plus_5pct,4184951148,True,2.2348837761372953,2.3466279649441613,0.11174418880686598,5.000000000000054,4.878048780487857,0.49348399769595364,0.49348399769595364,0.0,0.0,0.0,67.30438033687741,70.66959935372128,3.3652190168438665,4.999999999999993,4.8780487804877986,1.9583333333333333,1.9583333333333333,0.0,0.0,0.0,-6.51377052784685,-6.556149125986726,-0.042378598139876544,0.6506001087803893,-0.6484905686079923,0.6413815260580104,0.6413815260580148,4.440892098500626e-15,6.923947631910691e-13,6.923947631910668e-13,125.94329257456253,119.945992928174,-5.997299646388541,-4.761904761889517,-4.878048780471808,1.5867761940537817,1.6661150037564707,0.07933880970268903,4.9999999999999964,4.878048780487801
c638dd17-dbb3-4068-bb40-957442fe9ec9,scale_plus_10pct,4184951148,True,2.2348837761372953,2.458372153751024,0.22348837761372886,9.99999999999997,9.523809523809495,0.49348399769595364,0.49348399769595364,0.0,0.0,0.0,67.30438033687741,74.03481837056515,6.730438033687733,9.999999999999986,9.523809523809513,1.9583333333333333,1.9583333333333333,0.0,0.0,0.0,-6.51377052784685,-6.5965558981633,-0.08278537031644984,1.2709285652992575,-1.2629032661186577,0.6413815260580104,0.6413815260580178,7.438494264988549e-15,1.1597612283450408e-12,1.1597612283450342e-12,125.94329257456253,114.49390234052994,-11.449390234032592,-9.090909090894364,-9.52380952379336,1.5867761940537817,1.74545381345916,0.15867761940537828,10.000000000000007,9.52380952380953
c638dd17-dbb3-4068-bb40-957442fe9ec9,combined_degradation,4184951148,True,2.2348837761372953,10.798614005775248,8.563730229637953,383.18458977939525,131.41108201241903,0.49348399769595364,35.91073722671289,35.417253229016936,7176.981096525502,194.57772773488065,67.30438033687741,300.94026181670813,233.63588147983072,347.1332479556564,126.89166642776954,1.9583333333333333,0.1016949152542373,-1.856638418079096,-94.80706815723043,-180.25368529310936,-6.51377052784685,-7.012639521399387,-0.498868993552537,7.658682347187934,-7.376221654323375,0.6413815260580104,0.253651901290104,-0.38772962476790634,-60.45225953901856,-86.64025564200581,125.94329257456253,76.4496061045512,-49.49368647001134,-39.29839013912509,-48.90852079596104,1.5867761940537817,1.7204433529700423,0.13366715891626058,8.423819276918778,8.083355641541731
c75201af-1cd8-410a-9c50-0f8082faa27e,frame_thinning_2x,3598102455,True,9.632240720622598,9.965188427686746,0.33294770706414845,3.456596618804474,3.397871267138849,40.74374938922856,31.471367473154835,-9.272381916073726,-22.757802252055548,-25.679891742731993,49.00207851250418,47.882963985024766,-1.119114527479411,-2.2838103228495488,-2.3101905074933606,0.5319148936170214,0.3703703703703703,-0.16154452324665108,-30.3703703703704,-35.80786026200877,-4.369754615527155,-3.994572000171412,0.37518261535574293,-8.585896654759456,8.971017813952468,0.7842302005522295,0.8627806170904299,0.07855041653820038,10.016244781556196,9.538542879837106,295.551680552118,173.1510013566607,-122.40067919545731,-41.41430661696847,-52.229562116855796,0.24784286546236944,0.201226507096801,-0.04661635836556843,-18.80883610613609,-20.76131716572417
c75201af-1cd8-410a-9c50-0f8082faa27e,frame_thinning_3x,3598102455,True,9.632240720622598,9.394582212952422,-0.23765850767017582,-2.4673231760222696,-2.498141791720782,40.74374938922856,24.83502164182722,-15.908727747401343,-39.04581189969507,-48.51791973920199,49.00207851250418,40.61976580206307,-8.382312710441106,-17.10603501911074,-18.705958964691007,0.5319148936170214,1.5,0.9680851063829786,181.99999999999994,95.28795811518323,-4.369754615527155,-3.9586204401972274,0.4111341753299276,-9.40863301268759,9.873094633204365,0.7842302005522295,0.8972531774168442,0.11302297686461471,14.411964342233643,13.443246403199767,295.551680552118,48.633608127316734,-246.91807242480127,-83.54480406389007,-143.47973637814275,0.24784286546236944,0.15495499447429667,-0.09288787098807277,-37.478533350065774,-46.121332920029914
c75201af-1cd8-410a-9c50-0f8082faa27e,landmark_dropout_5pct,3598102455,True,9.632240720622598,9.632238867515815,-1.8531067826899061e-06,-1.9238584628833145e-05,-1.9238586479449014e-05,40.74374938922856,40.7438722652308,0.0001228760022371489,0.00030158246130787775,0.00030158200654865864,49.00207851250418,49.002114917762796,3.6405258619254255e-05,7.429329474251687e-05,7.42932671450589e-05,0.5319148936170214,0.3090909090909091,-0.2228239845261123,-41.8909090909091,-52.989880404783825,-4.369754615527155,-4.3736624995642845,-0.003907884037129605,0.08943028570171026,-0.08939031469479965,0.7842302005522295,0.7871182657037067,0.002888065151477215,0.3682675252041471,0.36759066667861773,295.551680552118,324.51499434471634,28.963313792598342,9.799745932248525,9.341999809106726,0.24784286546236944,0.24784063602418768,-2.229438181761134e-06,-0.0008995369616962547,-0.0008995410075481789
c75201af-1cd8-410a-9c50-0f8082faa27e,landmark_dropout_10pct,3598102455,True,9.632240720622598,9.632179624393546,-6.10962290519268e-05,-0.0006342888516180868,-0.000634290863236203,40.74374938922856,40.74409624958706,0.0003468603584977359,0.0008513216473627621,0.0008513180236354504,49.00207851250418,49.002166246110235,8.773360605829339e-05,0.0001790405809743475,0.0001790404206968428,0.5319148936170214,0.3090909090909091,-0.2228239845261123,-41.8909090909091,-52.989880404783825,-4.369754615527155,-4.374493807133828,-0.004739191606673465,0.1084544104566783,-0.10839563053564917,0.7842302005522295,0.7895248808816663,0.005294680329436807,0.6751436409498722,0.6728722139677114,295.551680552118,290.70279209512415,-4.848888456993848,-1.640622867694636,-1.6541923970655978,0.24784286546236944,0.24783776263130305,-5.102831066389202e-06,-0.002058897703942168,-0.0020589188994591416
c75201af-1cd8-410a-9c50-0f8082faa27e,landmark_dropout_20pct,3598102455,True,9.632240720622598,1.5727552030723428,-8.059485517550254,-83.6719694960999,-143.85521552055275,40.74374938922856,0.698480971147142,-40.04526841808142,-98.28567330788708,-193.2582685335876,49.00207851250418,46.148555452523645,-2.8535230599805317,-5.82326943387183,-5.9979065636689946,0.5319148936170214,0.08620689655172413,-0.44570799706529723,-83.79310344827586,-144.21364985163208,-4.369754615527155,-5.694633132769413,-1.324878517242258,30.319288697231073,-26.328049959452287,0.7842302005522295,0.27204099905325163,-0.5121892014989778,-65.31107844843399,-96.98062423557155,295.551680552118,129.0862688854045,-166.4654116667135,-56.323622100791525,-78.40345493718326,0.24784286546236944,1.5097547356600698,1.2619118701977003,509.158037631428,143.5950833560329
c75201af-1cd8-410a-9c50-0f8082faa27e,jitter_sigma_0p004,3598102455,True,9.632240720622598,9.952143826965788,0.3199031063431903,3.3211701785886514,3.2669201890501385,40.74374938922856,32.95295728174132,-7.790792107487242,-19.121441262219466,-21.142850093072447,49.00207851250418,57.41146916714354,8.40939065463936,17.161293785718662,15.805112860169611,0.5319148936170214,0.33333333333333337,-0.198581560283688,-37.33333333333334,-45.9016393442623,-4.369754615527155,-5.552363760901338,-1.1826091453741832,27.06351384519372,-23.83783584327419,0.7842302005522295,0.6215553695562878,-0.1626748309959417,-20.743249989785063,-23.143619404684074,295.551680552118,89.93406675572157,-205.61761379639643,-69.57078146613263,-106.67974898288273,0.24784286546236944,1.2692385740091356,1.0213957085467662,412.11422674656217,134.65271961966425
c75201af-1cd8-410a-9c50-0f8082faa27e,jitter_sigma_0p008,3598102455,True,9.632240720622598,10.428190065330929,0.7959493447083315,8.26338717848077,7.935515973721377,40.74374938922856,43.83119401366975,3.08744462444119,7.577713565206197,7.301085877724361,49.00207851250418,97.1946103139234,48.19253180141923,98.34793393329556,65.92834925096825,0.5319148936170214,1.0571428571428574,0.525227963525836,98.74285714285716,66.10558530986994,-4.369754615527155,-6.44141867302722,-2.0716640575000653,47.4091622934334,-38.32450007425752,0.7842302005522295,0.48614699132510236,-0.2980832092271271,-38.00965698811734,-46.92829989912321,295.551680552118,34.227775007332326,-261.3239055447857,-88.41902203249474,-158.4840420707627,0.24784286546236944,3.6353879480053477,3.387545082542978,1366.8116192181924,174.47044717477954
c75201af-1cd8-410a-9c50-0f8082faa27e,scale_minus_10pct,3598102455,True,9.632240720622598,8.669016648560339,-0.9632240720622587,-9.99999999999999,-10.526315789473674,40.74374938922856,40.74374938922856,0.0,0.0,0.0,49.00207851250418,44.101870661253756,-4.900207851250421,-10.000000000000007,-10.526315789473692,0.5319148936170214,0.5319148936170214,0.0,0.0,0.0,-4.369754615527155,-4.278239634405809,0.09151498112134604,-2.0942819259498835,2.116444078858064,0.7842302005522295,0.7842302005522265,-2.9976021664879227e-15,-3.8223498207249715e-13,-3.822349820724979e-13,295.551680552118,328.39075616913,32.839075617011986,11.111111111148325,10.526315789507084,0.24784286546236944,0.22305857891613248,-0.02478428654623696,-10.000000000000005,-10.526315789473692
c75201af-1cd8-410a-9c50-0f8082faa27e,scale_minus_5pct,3598102455,True,9.632240720622598,9.150628684591467,-0.48161203603113023,-5.0000000000000036,-5.128205128205132,40.74374938922856,40.74374938922856,0.0,0.0,0.0,49.00207851250418,46.55197458687894,-2.4501039256252355,-5.000000000000054,-5.1282051282051855,0.5319148936170214,0.5319148936170214,0.0,0.0,0.0,-4.369754615527155,-4.325201826104853,0.04455278942230212,-1.0195718831440013,1.0247961498456855,0.7842302005522295,0.7842302005522267,-2.7755575615628914e-15,-3.539212796967566e-13,-3.539212796967572e-13,295.551680552118,311.10703216019976,15.555351608081764,5.263157894762406,5.128205128229398,0.24784286546236944,0.23545072218925095,-0.012392143273118494,-5.000000000000009,-5.1282051282051375
c75201af-1cd8-410a-9c50-0f8082faa27e,scale_plus_5pct,3598102455,True,9.632240720622598,10.113852756653731,0.4816120360311338,5.000000000000041,4.878048780487844,40.74374938922856,40.74374938922856,0.0,0.0,0.0,49.00207851250418,51.45218243812936,2.4501039256251858,4.999999999999953,4.87804878048776,0.5319148936170214,0.5319148936170214,0.0,0.0,0.0,-4.369754615527155,-4.412133213667031,-0.042378598139875656,0.9698164283479617,-0.9651364026535114,0.7842302005522295,0.7842302005522295,0.0,0.0,0.0,295.551680552118,281.4777910021596,-14.07388954995838,-4.761904761856555,-4.878048780437218,0.24784286546236944,0.2602350087354879,0.012392143273118439,4.999999999999987,4.878048780487792
c75201af-1cd8-410a-9c50-0f8082faa27e,scale_plus_10pct,3598102455,True,9.632240720622598,10.595464792684858,0.9632240720622605,10.000000000000007,9.52380952380953,40.74374938922856,40.74374938922856,0.0,0.0,0.0,49.00207851250418,53.90228636375458,4.9002078512504,9.999999999999963,9.523809523809492,0.5319148936170214,0.5319148936170214,0.0,0.0,0.0,-4.369754615527155,-4.452539985843602,-0.08278537031644717,1.8945084472771976,-1.8767310332979463,0.7842302005522295,0.7842302005522289,-5.551115123125783e-16,-7.078425593935132e-14,-7.078425593935134e-14,295.551680552118,268.68334595660025,-26.86833459551775,-9.09090909086533,-9.523809523761496,0.24784286546236944,0.2726271520086064,0.024784286546236933,9.999999999999995,9.52380952380952
c75201af-1cd8-410a-9c50-0f8082faa27e,combined_degradation,3598102455,True,9.632240720622598,10.068632248326715,0.43639152770411727,4.5305297112208205,4.430174524671237,40.74374938922856,32.52639521623431,-8.217354172994249,-20.168379926189793,-22.430293313169138,49.00207851250418,63.74004428870732,14.73796577620314,30.0762053847213,26.14455965529287,0.5319148936170214,0.2758620689655172,-0.2560528246515042,-48.137931034482776,-63.39691189827433,-4.369754615527155,-5.463413315254216,-1.0936586997270608,25.02792023700683,-22.244279919262105,0.7842302005522295,0.644615859914486,-0.13961434063774347,-17.802724319903977,-19.542250841513344,295.551680552118,105.77326105505736,-189.77841949706064,-64.21158531142063,-94.57594075118284,0.24784286546236944,0.9978340911481508,0.7499912256857814,302.60755107338537,120.41504367657296
d7dbb43f-8a5d-42ed-9dd6-541afe3ab905,frame_thinning_2x,3356111080,True,4.826046365052212,5.291518934258631,0.465472569206419,9.645008232352179,9.201276303857897,2.895776383639376,3.3708329390333334,0.4750565553939574,16.4051533149432,15.161518165020881,44.02542660956376,44.039821384818325,0.014394775254565673,0.03269650373231967,0.03269115929925946,3.5833333333333326,0.6600000000000001,-2.9233333333333325,-81.5813953488372,-137.7847604084839,-3.7349928488561464,-3.5740495063681785,0.16094334248796782,-4.309066951420195,4.403951562079251,0.825664202716002,0.8341533354368093,0.008489132720807202,1.028158020280207,1.0228995086116084,9439.912272534715,4212.0289336396045,-5227.883338895111,-55.38063477671884,-76.58813145973281,0.030580629942772667,0.01915259787961411,-0.011428032063158556,-37.37016563930993,-45.957330997986716
d7dbb43f-8a5d-42ed-9dd6-541afe3ab905,frame_thinning_3x,3356111080,True,4.826046365052212,6.728034152867391,1.9019877878151785,39.410889244421945,32.92322197106595,2.895776383639376,5.708300631281907,2.812524247642531,97.12504955606363,65.37654748475684,44.02542660956376,50.48162932217256,6.4562027126088,14.664713575328086,13.662900931486424,3.5833333333333326,0.8666666666666666,-2.716666666666666,-75.81395348837209,-122.09737827715354,-3.7349928488561464,-3.6357079074530847,0.09928494140306166,-2.6582364524062743,2.6940434752577613,0.825664202716002,0.8687675267290483,0.043103324013046285,5.220442387021135,5.087643634619993,9439.912272534715,3444.736035538706,-5995.176236996009,-63.50881304732974,-93.05921424707383,0.030580629942772667,0.01376807038954553,-0.016812559553227135,-54.97780648956372,-75.81985233950736
d7dbb43f-8a5d-42ed-9dd6-541afe3ab905,landmark_dropout_5pct,3356111080,True,4.826046365052212,4.392686497169664,-0.4333598678825483,-8.979604320023144,-9.401723086226863,2.895776383639376,2.6869425403933804,-0.20883384324599552,-7.211670225155152,-7.481438563815119,44.02542660956376,36.13997135003955,-7.885455259524207,-17.91113878226731,-19.672964795853243,3.5833333333333326,0.1702127659574468,-3.413120567375886,-95.24987629886196,-181.86112423240436,-3.7349928488561464,-3.856478730004374,-0.12148588114822756,3.2526402610230702,-3.200588446817648,0.825664202716002,0.8237516656395033,-0.0019125370764987437,-0.2316361869883059,-0.2319047746770588,9439.912272534715,4037.8492600014474,-5402.063012533268,-57.22577558533558,-80.1626145334646,0.030580629942772667,0.025365612104811665,-0.0052150178379610015,-17.053336859705542,-18.642960267198777
d7dbb43f-8a5d-42ed-9dd6-541afe3ab905,landmark_dropout_10pct,3356111080,True,4.826046365052212,24.86882866426382,20.04278229921161,415.30438754901536,134.99152482995487,2.895776383639376,1.463305260409022,-1.432471123230354,-49.467601549745424,-65.72352803651454,44.02542660956376,1163.8022449897694,1119.7768183802057,2543.477496108927,185.41996424000854,3.5833333333333326,0.09150326797385622,-3.4918300653594763,-97.44642042863657,-190.04001778568252,-3.7349928488561464,-8.617558811485411,-4.882565962629265,130.72490792384158,-79.05356070365559,0.825664202716002,0.29978801946691314,-0.5258761832490889,-63.691290178165914,-93.4515340383095,9439.912272534715,4286.498705506375,-5153.41356702834,-54.59175274353048,-75.08756040122279,0.030580629942772667,0.02526138851879219,-0.005319241423980478,-17.39415255321649,-19.05103565567432
d7dbb43f-8a5d-42ed-9dd6-541afe3ab905,landmark_dropout_20pct,3356111080,True,4.826046365052212,12.00109972919644,7.175053364144228,148.67352738470018,85.2795040104464,2.895776383639376,0.763054293587198,-2.132722090052178,-73.64940546175043,-116.5794363388688,44.02542660956376,719.2280928858214,675.2026662762577,1533.6652436425945,176.92749500130935,3.5833333333333326,0.05921052631578948,-3.524122807017543,-98.34761321909426,-193.49789283564118,-3.7349928488561464,-8.835991004848337,-5.10099815599219,136.5731706167627,-81.15511427514882,0.825664202716002,0.0599018303590531,-0.765762372356949,-92.7450130256335,-172.94303163320353,9439.912272534715,8601.917254020216,-837.995018514499,-8.877148370887229,-9.289468313411264,0.030580629942772667,11.122798757660059,11.092218127717286,36272.03935456793,198.90326944399422
d7dbb43f-8a5d-42ed-9dd6-541afe3ab905,jitter_sigma_0p004,3356111080,True,4.826046365052212,2.404232416921276,-2.421813948130936,-50.18215253107571,-66.99088710573639,2.895776383639376,2.1871487179274594,-0.7086276657119166,-24.47107690067291,-27.882671947830936,44.02542660956376,61.4945621219707,17.469135512406943,39.679650733042706,33.11057122428657,3.5833333333333326,39.25000000000014,35.666666666666806,995.3488372093065,166.53696498054484,-3.7349928488561464,-6.408417743627861,-2.6734248947717143,71.57777813658892,-52.71254417626849,0.825664202716002,0.1978151469797592,-0.6278490557362428,-76.04169511902646,-122.6891496976225,9439.912272534715,266.9960354921866,-9172.91623704253,-97.17162588185266,-188.99769001541304,0.030580629942772667,1.151105835222433,1.1205252052796604,3664.166524288627,189.6484792390349
d7dbb43f-8a5d-42ed-9dd6-541afe3ab905,jitter_sigma_0p008,3356111080,True,4.826046365052212,1.6129258152351984,-3.213120549817014,-66.57873353817752,-99.80228085637087,2.895776383639376,1.0231414445061948,-1.8726349391331811,-64.66780203448157,-95.5689821146013,44.02542660956376,96.77554891411191,52.75012230454815,119.81740182181244,74.9286318626084,3.5833333333333326,0.0,-3.5833333333333326,-100.0,-200.0,-3.7349928488561464,-7.527833787428555,-3.7928409385724082,101.54881393505153,-67.3514928544361,0.825664202716002,1.0,0.17433579728399795,21.114612539882998,19.09834207458768,9439.912272534715,0.0,-9439.912272534715,-100.0,-200.0,0.030580629942772667,0.0,-0.030580629942772667,-100.0,-200.0
d7dbb43f-8a5d-42ed-9dd6-541afe3ab905,scale_minus_10pct,3356111080,True,4.826046365052212,4.34344172854699,-0.4826046365052221,-10.000000000000018,-10.526315789473704,2.895776383639376,2.895776383639376,0.0,0.0,0.0,44.02542660956376,39.62288394860735,-4.4025426609564065,-10.00000000000007,-10.526315789473761,3.5833333333333326,3.5833333333333326,0.0,0.0,0.0,-3.7349928488561464,-3.643477867734814,0.09151498112133227,-2.4502049889964055,2.480594817989994,0.825664202716002,0.8256642027160032,1.1102230246251565e-15,1.3446423146033282e-13,1.3446423146033272e-13,9439.912272534715,10488.791414025716,1048.879141491001,11.111111112151956,10.52631579040785,0.030580629942772667,0.02752256694849541,-0.003058062994277258,-9.999999999999972,-10.526315789473653
d7dbb43f-8a5d-42ed-9dd6-541afe3ab905,scale_minus_5pct,3356111080,True,4.826046365052212,4.5847440467995995,-0.24130231825261284,-5.000000000000046,-5.128205128205177,2.895776383639376,2.895776383639376,0.0,0.0,0.0,44.02542660956376,41.82415527908553,-2.201271330478228,-5.0000000000000915,-5.128205128205225,3.5833333333333326,3.5833333333333326,0.0,0.0,0.0,-3.7349928488561464,-3.6904400594338496,0.04455278942229679,-1.1928480515281636,1.2000051706764894,0.825664202716002,0.8256642027160029,8.881784197001252e-16,1.0757138516826625e-13,1.0757138516826619e-13,9439.912272534715,9936.749760564811,496.8374880300962,5.263157894757534,5.1282051282247725,0.030580629942772667,0.029051598445634035,-0.0015290314971386325,-4.999999999999997,-5.128205128205125
d7dbb43f-8a5d-42ed-9dd6-541afe3ab905,scale_plus_5pct,3356111080,True,4.826046365052212,5.0673486833048225,0.24130231825261017,4.99999999999999,4.878048780487796,2.895776383639376,2.895776383639376,0.0,0.0,0.0,44.02542660956376,46.226697940041966,2.201271330478207,5.000000000000043,4.878048780487846,3.5833333333333326,3.5833333333333326,0.0,0.0,0.0,-3.7349928488561464,-3.7773714469960153,-0.042378598139868995,1.1346366607595402,-1.1282359712845047,0.825664202716002,0.8256642027160015,-5.551115123125783e-16,-6.723211573016641e-14,-6.723211573016643e-14,9439.912272534715,8990.392640549295,-449.51963198542035,-4.761904761480581,-4.878048780042681,0.030580629942772667,0.032109661439911306,0.0015290314971386394,5.0000000000000195,4.878048780487823
d7dbb43f-8a5d-42ed-9dd6-541afe3ab905,scale_plus_10pct,3356111080,True,4.826046365052212,5.308651001557434,0.4826046365052221,10.000000000000018,9.52380952380954,2.895776383639376,2.895776383639376,0.0,0.0,0.0,44.02542660956376,48.427969270520116,4.402542660956357,9.999999999999956,9.523809523809485,3.5833333333333326,3.5833333333333326,0.0,0.0,0.0,-3.7349928488561464,-3.817778219172582,-0.08278537031643562,2.2164800219574428,-2.19218534682907,0.825664202716002,0.8256642027160056,3.552713678800501e-15,4.30285540673065e-13,4.302855406730641e-13,9439.912272534715,8581.738429626945,-858.1738429077704,-9.090909090380157,-9.523809523229016,0.030580629942772667,0.03363869293704995,0.0030580629942772823,10.00000000000005,9.523809523809572
d7dbb43f-8a5d-42ed-9dd6-541afe3ab905,combined_degradation,3356111080,True,4.826046365052212,3.8899157696535194,-0.9361305953986929,-19.39746377444024,-21.480832085562945,2.895776383639376,2.571362297045007,-0.324414086594369,-11.203008921104928,-11.867783333923349,44.02542660956376,75.31348661934386,31.288060009780104,71.06815860583465,52.435637569055984,3.5833333333333326,0.09333333333333334,-3.4899999999999993,-97.39534883720931,-189.84587488667273,-3.7349928488561464,-5.991842122888282,-2.2568492740321355,60.42446037676626,-46.40459677969407,0.825664202716002,0.34849303761368466,-0.4771711651023174,-57.792400776571704,-81.27892052487528,9439.912272534715,231.3488691666846,-9208.56340336803,-97.54924767850025,-190.431491166374,0.030580629942772667,0.3016901329559083,0.27110950301313563,886.5399552608263,163.185891318283
dfd57aa0-581d-4580-bc43-2a329277309b,frame_thinning_2x,2555735751,True,5.53192018255531,4.221056891484739,-1.3108632910705706,-23.696352221500337,-26.881295446900126,38.86867234887203,21.703887378066668,-17.164784970805364,-44.160975751216995,-56.675118397453474,59.1734702492627,16.611064097755488,-42.56240615150721,-71.92819006932847,-112.3247810868996,0.04854368932038834,0.07407407407407407,0.025530384753685728,52.59259259259261,41.642228739002945,-4.667207617440628,-2.9776296866478047,1.6895779307928231,-36.20104502056291,44.20180217280079,0.9308449988076096,0.9553603127613282,0.02451531395371853,2.6336623159733437,2.5994321830561273,5453.208903394497,3297.473727332134,-2155.735176062363,-39.531498137187945,-49.27010307728088,0.001408294241538176,0.0007667790569228355,-0.0006415151846153405,-45.55263848232886,-58.98791411482538
dfd57aa0-581d-4580-bc43-2a329277309b,frame_thinning_3x,2555735751,True,5.53192018255531,4.140863955888118,-1.3910562266671915,-25.14599236362506,-28.762271684293868,38.86867234887203,24.940485669748448,-13.928186679123584,-35.833965601163065,-43.65576074537491,59.1734702492627,13.340685225677314,-45.83278502358539,-77.45495545642173,-126.41058762499033,0.04854368932038834,0.2903225806451613,0.24177889132477298,498.0645161290324,142.69870609981518,-4.667207617440628,-2.693868658302763,1.9733389591378647,-42.280933716421885,53.61550091908478,0.9308449988076096,0.9568944446949591,0.026049445887349476,2.7984729918212157,2.7598560783384967,5453.208903394497,3349.4433790569083,-2103.7655243375884,-38.578487668573324,-47.798446578006185,0.001408294241538176,0.0010344980450722428,-0.0003737961964659332,-26.542478513415148,-30.604009887767173
dfd57aa0-581d-4580-bc43-2a329277309b,landmark_dropout_5pct,2555735751,True,5.53192018255531,14.11895153934787,8.587031356792561,155.22695688689475,87.39593315060235,38.86867234887203,76.04637179271144,37.17769944383941,95.64952234577238,64.70466895184559,59.1734702492627,255.95413926382017,196.78066901455747,332.5488063918465,124.88951337435122,0.04854368932038834,0.5190839694656489,0.4705402801452606,969.312977099237,165.79187883535712,-4.667207617440628,-6.484590201482639,-1.8173825840420115,38.939398737067876,-32.59353538418945,0.9308449988076096,0.10597220862699214,-0.8248727901806174,-88.615482839491,-159.1163387848474,5453.208903394497,4008.148920205631,-1445.0599831888658,-26.49925958804456,-30.54656657386642,0.001408294241538176,0.07424429047715547,0.07283599623561729,5171.930274745986,192.55388697279926
dfd57aa0-581d-4580-bc43-2a329277309b,landmark_dropout_10pct,2555735751,True,5.53192018255531,14.018544078517554,8.486623895962243,153.41190067645,86.8176201100252,38.86867234887203,76.0523348823589,37.183662533486874,95.66486398027419,64.71168923653819,59.1734702492627,254.00853946979998,194.8350692205373,329.2608467947085,124.4228998947369,0.04854368932038834,0.5190839694656489,0.4705402801452606,969.312977099237,165.79187883535712,-4.667207617440628,-6.481191319421336,-1.8139837019807086,38.86657399174046,-32.542497129032704,0.9308449988076096,0.1078347510138548,-0.8230102477937549,-88.4153912679352,-158.47237763809676,5453.208903394497,6349.82062780276,896.6117244082634,16.441910447445785,15.192908262042014,0.001408294241538176,0.07423953522632956,0.07283124098479138,5171.592614427165,192.55341890735215
dfd57aa0-581d-4580-bc43-2a329277309b,landmark_dropout_20pct,2555735751,True,5.53192018255531,118.04266193942999,112.51074175687468,2033.8460795525002,182.0936633163136,38.86867234887203,37.508700001234125,-1.3599723476379069,-3.4988906629772583,-3.561191766074201,59.1734702492627,3541.210722512192,3482.0372522629295,5884.456729671547,193.4258715646813,0.04854368932038834,0.25581395348837205,0.20727026416798372,426.9767441860465,136.20178041543028,-4.667207617440628,-9.127101027942437,-4.4598934105018095,95.55806760847499,-64.66280442397567,0.9308449988076096,0.08625289062611939,-0.8445921081814902,-90.7339148046552,-166.0788242617863,5453.208903394497,5669.240310573691,216.0314071791945,3.9615465133697687,3.884601368336936,0.001408294241538176,0.0028339227843457563,0.0014256285428075803,101.23087212587558,67.21148560335752
dfd57aa0-581d-4580-bc43-2a329277309b,jitter_sigma_0p004,2555735751,True,5.53192018255531,5.934329267395257,0.4024090848399471,7.274311117302959,7.019018495915976,38.86867234887203,33.13987120383748,-5.728801145034552,-14.738865000622544,-15.911448454282729,59.1734702492627,74.66989422970543,15.496423980442735,26.188127745703436,23.156058637300333,0.04854368932038834,9.799999999999995,9.751456310679607,20087.999999999993,198.02839116719244,-4.667207617440628,-5.2185586202508,-0.551351002810172,11.81329497213407,-11.154441437387785,0.9308449988076096,0.6957191073395053,-0.23512589146810436,-25.259403205613722,-28.910743890082916,5453.208903394497,152.56814672232463,-5300.640756672172,-97.20223176069132,-189.11350591660468,0.001408294241538176,1.8932342577891308,1.8918259635475927,134334.56643842347,199.7026786419362
dfd57aa0-581d-4580-bc43-2a329277309b,jitter_sigma_0p008,2555735751,True,5.53192018255531,4.457233330010363,-1.0746868525449473,-19.42701299150934,-21.517075519823873,38.86867234887203,27.715534711867832,-11.1531376370042,-28.694413683331955,-33.500849914244725,59.1734702492627,52.986402836088594,-6.1870674131741055,-10.455813030926974,-11.032586330524603,0.04854368932038834,0.8771929824561405,0.8286492931357522,1707.0175438596498,179.02483900643975,-4.667207617440628,-5.576416668977615,-0.9092090515369868,19.48079292936132,-17.751706351481157,0.9308449988076096,0.5637267933767734,-0.3671182054308362,-39.439241323862284,-49.126874647390025,5453.208903394497,129.67479774005156,-5323.534105654445,-97.62204602762729,-190.70911703113578,0.001408294241538176,1.002802480607941,1.0013941863664029,71106.88638992472,199.43904436127994
dfd57aa0-581d-4580-bc43-2a329277309b,scale_minus_10pct,2555735751,True,5.53192018255531,4.978728164299781,-0.5531920182555288,-9.999999999999961,-10.526315789473639,38.86867234887203,38.86867234887203,0.0,0.0,0.0,59.1734702492627,53.25612322433648,-5.917347024926222,-9.99999999999992,-10.526315789473594,0.04854368932038834,0.04854368932038834,0.0,0.0,0.0,-4.667207617440628,-4.575692636319281,0.09151498112134693,-1.9608080167543802,1.9802221945242706,0.9308449988076096,0.9308449988076091,-5.551115123125783e-16,-5.963522530858124e-14,-5.963522530858125e-14,5453.208903394497,6059.121003688744,605.9121002942475,11.11111110959056,10.526315788108981,0.001408294241538176,0.0012674648173843582,-0.00014082942415381784,-10.000000000000018,-10.526315789473703
dfd57aa0-581d-4580-bc43-2a329277309b,scale_minus_5pct,2555735751,True,5.53192018255531,5.255324173427548,-0.27659600912776217,-4.99999999999994,-5.128205128205066,38.86867234887203,38.86867234887203,0.0,0.0,0.0,59.1734702492627,56.21479673679963,-2.958673512463072,-4.999999999999893,-5.128205128205016,0.04854368932038834,0.04854368932038834,0.0,0.0,0.0,-4.667207617440628,-4.622654828018326,0.04455278942230212,-0.9545919760632735,0.9591700562602042,0.9308449988076096,0.9308449988076096,0.0,0.0,0.0,5453.208903394497,5740.219898277479,287.01099488298223,5.26315789414054,5.1282051276390135,0.001408294241538176,0.001337879529461267,-7.041471207690892e-05,-5.000000000000009,-5.128205128205137
dfd57aa0-581d-4580-bc43-2a329277309b,scale_plus_5pct,2555735751,True,5.53192018255531,5.808516191683078,0.2765960091277684,5.000000000000052,4.8780487804878545,38.86867234887203,38.86867234887203,0.0,0.0,0.0,59.1734702492627,62.13214376172589,2.958673512463193,5.000000000000098,4.878048780487898,0.04854368932038834,0.04854368932038834,0.0,0.0,0.0,-4.667207617440628,-4.709586215580504,-0.042378598139876544,0.9080075628415227,-0.9039038053846702,0.9308449988076096,0.9308449988076113,1.6653345369377348e-15,1.7890567592574372e-13,1.7890567592574354e-13,5453.208903394497,5193.532288924517,-259.67661446997954,-4.7619047623196105,-4.8780487809231365,0.001408294241538176,0.0014787089536150847,7.04147120769087e-05,4.999999999999993,4.8780487804877986
dfd57aa0-581d-4580-bc43-2a329277309b,scale_plus_10pct,2555735751,True,5.53192018255531,6.085112200810841,0.5531920182555314,10.000000000000007,9.52380952380953,38.86867234887203,38.86867234887203,0.0,0.0,0.0,59.1734702492627,65.09081727418899,5.917347024926293,10.000000000000039,9.523809523809561,0.04854368932038834,0.04854368932038834,0.0,0.0,0.0,-4.667207617440628,-4.749992987757078,-0.08278537031644984,1.7737666095481546,-1.758173660880867,0.9308449988076096,0.9308449988076107,1.1102230246251565e-15,1.1927045061716248e-13,1.192704506171624e-13,5453.208903394497,4957.462639448394,-495.7462639461028,-9.090909090930152,-9.52380952383264,0.001408294241538176,0.0015491236656919936,0.00014082942415381762,10.000000000000002,9.523809523809524
dfd57aa0-581d-4580-bc43-2a329277309b,combined_degradation,2555735751,True,5.53192018255531,12.468624179977532,6.936703997422222,125.39414468229029,77.07215801607195,38.86867234887203,24.24849786643771,-14.620174482434322,-37.614288317359,-46.32709113086329,59.1734702492627,186.6628751781215,127.48940492885882,215.45027592909736,103.71892301540659,0.04854368932038834,0.07272727272727272,0.024183583406884382,49.818181818181834,39.8835516739447,-4.667207617440628,-6.281097648444366,-1.6138900310037378,34.579349437399834,-29.482006425827965,0.9308449988076096,0.49251825709625,-0.4383267417113596,-47.08912249330939,-61.59028482620408,5453.208903394497,103.36177904443521,-5349.847124350062,-98.10456960524482,-192.55931149252893,0.001408294241538176,0.19937530954952518,0.197967015307987,14057.21968242675,197.19440389564147
e1ca9666-7642-4aa1-aeee-3bb9a8644eaf,frame_thinning_2x,1959502828,True,1.8638481473938187,1.1768725533892996,-0.686975594004519,-36.857916508118066,-45.18505062484647,1.785414004151393,0.6589457523032721,-1.126468251848121,-63.09283164738765,-92.16877743740692,66.76094646272045,29.42181383473249,-37.339132627987965,-55.92960346785717,-77.64204835152097,0.2,0.0,-0.2,-100.0,-200.0,-6.817668764188649,-5.733218903694273,1.0844498604943755,-15.90646154871434,17.28084720683824,0.6228885923309827,1.0,0.3771114076690173,60.54235256705947,46.474096798889406,32.71399656869554,0.0,-32.71399656869554,-100.0,-200.0,1.335218929254409,0.0,-1.335218929254409,-100.0,-200.00000000000003
e1ca9666-7642-4aa1-aeee-3bb9a8644eaf,frame_thinning_3x,1959502828,True,1.8638481473938187,1.292716126240223,-0.5711320211535957,-30.64262622210925,-36.18694071425141,1.785414004151393,0.7039129292480943,-1.0815010749032987,-60.57424621900711,-86.89104355018355,66.76094646272045,21.545268770670383,-45.21567769205007,-67.7277361807605,-102.40655784543888,0.2,0.0,-0.2,-100.0,-200.0,-6.817668764188649,-5.110401331532033,1.7072674326566153,-25.041806689471695,28.626046274981483,0.6228885923309827,1.0,0.3771114076690173,60.54235256705947,46.474096798889406,32.71399656869554,0.0,-32.71399656869554,-100.0,-200.0,1.335218929254409,0.0,-1.335218929254409,-100.0,-200.00000000000003
e1ca9666-7642-4aa1-aeee-3bb9a8644eaf,landmark_dropout_5pct,1959502828,True,1.8638481473938187,1.8638481473938187,0.0,0.0,0.0,1.785414004151393,1.785414004151393,0.0,0.0,0.0,66.76094646272045,66.76094646272045,0.0,0.0,0.0,0.2,0.2,0.0,0.0,0.0,-6.817668764188649,-6.817668764188649,0.0,-0.0,0.0,0.6228885923309827,0.6228885923309827,0.0,0.0,0.0,32.71399656869554,32.71399656869554,0.0,0.0,0.0,1.335218929254409,1.335218929254409,0.0,0.0,0.0
e1ca9666-7642-4aa1-aeee-3bb9a8644eaf,landmark_dropout_10pct,1959502828,True,1.8638481473938187,1.8638481473938187,0.0,0.0,0.0,1.785414004151393,1.785414004151393,0.0,0.0,0.0,66.76094646272045,66.76094646272045,0.0,0.0,0.0,0.2,0.2,0.0,0.0,0.0,-6.817668764188649,-6.817668764188649,0.0,-0.0,0.0,0.6228885923309827,0.6228885923309827,0.0,0.0,0.0,32.71399656869554,32.71399656869554,0.0,0.0,0.0,1.335218929254409,1.335218929254409,0.0,0.0,0.0
e1ca9666-7642-4aa1-aeee-3bb9a8644eaf,landmark_dropout_20pct,1959502828,True,1.8638481473938187,1.2351220360503674,-0.6287261113434512,-33.73268966265231,-40.576454378446904,1.785414004151393,0.5782074234712109,-1.2072065806801822,-67.61493848895664,-102.14889462179431,66.76094646272045,61.75610180251837,-5.004844660202082,-7.496665229269636,-7.788608169513628,0.2,0.0,-0.2,-100.0,-200.0,-6.817668764188649,-6.979299757579774,-0.16163099339112552,2.370766298300219,-2.342992855801754,0.6228885923309827,1.0,0.3771114076690173,60.54235256705947,46.474096798889406,32.71399656869554,0.0,-32.71399656869554,-100.0,-200.0,1.335218929254409,0.0,-1.335218929254409,-100.0,-200.00000000000003
e1ca9666-7642-4aa1-aeee-3bb9a8644eaf,jitter_sigma_0p004,1959502828,True,1.8638481473938187,2.28348206706577,0.4196339196719514,22.5143834951746,20.23633990893253,1.785414004151393,1.5710728383715402,-0.21434116577985285,-12.005124037420618,-12.771756651293256,66.76094646272045,82.60377281157716,15.842826348856704,23.73067966869432,21.21361245926153,0.2,0.25,0.04999999999999999,24.999999999999993,22.222222222222218,-6.817668764188649,-7.233900323562047,-0.41623155937339806,6.105188940239349,-5.924342780141805,0.6228885923309827,0.5099879450719444,-0.11290064725903826,-18.125335517309736,-19.9316772007404,32.71399656869554,34.97145827135155,2.257461702656009,6.900598946740137,6.670448497364159,1.335218929254409,1.6520754562315432,0.3168565269771342,23.730679668694332,21.21361245926154
e1ca9666-7642-4aa1-aeee-3bb9a8644eaf,jitter_sigma_0p008,1959502828,True,1.8638481473938187,2.4092169194759876,0.5453687720821689,29.260365059500536,25.525881939432935,1.785414004151393,1.6845746430037887,-0.10083936114760439,-5.647953971075371,-5.8120859404122855,66.76094646272045,90.95919468303896,24.198248220318504,36.24611318809102,30.685045098907608,0.2,0.2,0.0,0.0,0.0,-6.817668764188649,-7.497734911079927,-0.6800661468912788,9.975054089800906,-9.501180159748722,0.6228885923309827,0.5337154540177037,-0.089173138313279,-14.316065410601594,-15.419821259452101,32.71399656869554,53.15169709917626,20.43770053048072,62.47387257488993,47.603879168632055,1.335218929254409,1.8191838936607791,0.48396496440637016,36.24611318809103,30.68504509890761
e1ca9666-7642-4aa1-aeee-3bb9a8644eaf,scale_minus_10pct,1959502828,True,1.8638481473938187,1.6774633326544368,-0.18638481473938184,-10.0,-10.526315789473683,1.785414004151393,1.785414004151393,0.0,0.0,0.0,66.76094646272045,60.0848518164484,-6.676094646272055,-10.000000000000014,-10.5263157894737,0.2,0.2,0.0,0.0,0.0,-6.817668764188649,-6.726153783067298,0.09151498112135048,-1.3423207299546978,1.3513907289030735,0.6228885923309827,0.6228885923309827,0.0,0.0,0.0,32.71399656869554,36.348885076328486,3.634888507632944,11.111111111111434,10.526315789473976,1.335218929254409,1.201697036328968,-0.13352189292544092,-10.000000000000002,-10.526315789473685
e1ca9666-7642-4aa1-aeee-3bb9a8644eaf,scale_minus_5pct,1959502828,True,1.8638481473938187,1.7706557400241272,-0.09319240736969148,-5.000000000000029,-5.128205128205159,1.785414004151393,1.785414004151393,0.0,0.0,0.0,66.76094646272045,63.42289913958441,-3.3380473231360455,-5.000000000000035,-5.128205128205163,0.2,0.2,0.0,0.0,0.0,-6.817668764188649,-6.773115974766344,0.044552789422304784,-0.6534900852961413,0.6556323314371101,0.6228885923309827,0.6228885923309857,2.9976021664879227e-15,4.812421038680853e-13,4.812421038680842e-13,32.71399656869554,34.435785861784716,1.7217892930891736,5.263157894736642,5.128205128204939,1.335218929254409,1.2684579827916882,-0.0667609464627208,-5.000000000000026,-5.128205128205155
e1ca9666-7642-4aa1-aeee-3bb9a8644eaf,scale_plus_5pct,1959502828,True,1.8638481473938187,1.9570405547635095,0.09319240736969081,4.999999999999993,4.878048780487799,1.785414004151393,1.785414004151393,0.0,0.0,0.0,66.76094646272045,70.09899378585646,3.33804732313601,4.9999999999999805,4.878048780487787,0.2,0.2,0.0,0.0,0.0,-6.817668764188649,-6.860047362328524,-0.042378598139875656,0.6215995467905225,-0.6196736026377342,0.6228885923309827,0.6228885923309841,1.4432899320127035e-15,2.317091611216707e-13,2.3170916112167047e-13,32.71399656869554,31.156187208281217,-1.5578093604143248,-4.76190476190553,-4.878048780488611,1.335218929254409,1.4019798757171293,0.06676094646272035,4.999999999999993,4.878048780487798
e1ca9666-7642-4aa1-aeee-3bb9a8644eaf,scale_plus_10pct,1959502828,True,1.8638481473938187,2.0502329621332005,0.18638481473938184,10.0,9.523809523809524,1.785414004151393,1.785414004151393,0.0,0.0,0.0,66.76094646272045,73.43704110899249,6.676094646272034,9.999999999999982,9.523809523809508,0.2,0.2,0.0,0.0,0.0,-6.817668764188649,-6.9004541345050985,-0.08278537031644984,1.2142768031104527,-1.2069489525324597,0.6228885923309827,0.6228885923309817,-9.992007221626409e-16,-1.6041403462269513e-13,-1.6041403462269526e-13,32.71399656869554,29.739996880632244,-2.973999688063298,-9.090909090909296,-9.52380952380975,1.335218929254409,1.46874082217985,0.13352189292544092,10.000000000000002,9.523809523809527
e1ca9666-7642-4aa1-aeee-3bb9a8644eaf,combined_degradation,1959502828,True,1.8638481473938187,0.8721329619251069,-0.9917151854687117,-53.207939008089646,-72.49430064344133,1.785414004151393,0.14355245518030135,-1.6418615489710917,-91.95971047350825,-170.23225479409606,66.76094646272045,21.803324048127674,-44.95762241459278,-67.34119990299608,-101.52541686454917,0.2,0.0,-0.2,-100.0,-200.0,-6.817668764188649,-5.472925436269788,1.3447433279188603,-19.724386361837194,21.882478682254465,0.6228885923309827,1.0,0.3771114076690173,60.54235256705947,46.474096798889406,32.71399656869554,0.0,-32.71399656869554,-100.0,-200.0,1.335218929254409,0.0,-1.335218929254409,-100.0,-200.00000000000003
e49b32ac-ecfa-4eb8-9ae1-e8569f2a3d82,frame_thinning_2x,517835230,True,12.126433139197882,13.351057408225735,1.2246242690278528,10.098800322984811,9.613382187294672,14.179322913470102,12.803615971213064,-1.3757069422570378,-9.702204757253542,-10.196865123820567,83.19464404069696,75.6437717352192,-7.550872305477753,-9.076151947695136,-9.507614727321718,3.1538461538461537,2.999999999999999,-0.15384615384615463,-4.87804878048783,-5.000000000000026,-4.527000692548545,-4.486887540551877,0.04011315199666754,-0.886086721009208,0.8900299395629447,0.8031003108481366,0.852591010532267,0.049490699684130446,6.162455550772282,5.97825198997461,631.4219450426157,335.90904807593984,-295.51289696667584,-46.801176184450036,-61.09861031413432,0.18385876643070906,0.21916202073597674,0.03530325430526768,19.20128965869704,17.519321796504045
e49b32ac-ecfa-4eb8-9ae1-e8569f2a3d82,frame_thinning_3x,517835230,True,12.126433139197882,10.793409562415535,-1.333023576782347,-10.992709574866147,-11.632048213738484,14.179322913470102,10.775298048539812,-3.4040248649302907,-24.00696341922313,-27.281719647134416,83.19464404069696,64.45145302409011,-18.743191016606843,-22.529324132257955,-25.389348434157846,3.1538461538461537,0.18750000000000003,-2.9663461538461537,-94.0548780487805,-177.55395683453236,-4.527000692548545,-4.4292760232087875,0.09772466933975732,-2.1587067459612364,2.1822610542576077,0.8031003108481366,0.8611793457941793,0.05807903494604272,7.231853127376669,6.979480247113898,631.4219450426157,240.85638577525137,-390.5655592673643,-61.85492321477747,-89.55067332720775,0.18385876643070906,0.09583321728477051,-0.08802554914593855,-47.87672127622633,-62.94463500640314
e49b32ac-ecfa-4eb8-9ae1-e8569f2a3d82,landmark_dropout_5pct,517835230,True,12.126433139197882,22.202567911584737,10.076134772386855,83.09232118566197,58.70333807547332,14.179322913470102,10.053992348927785,-4.125330564542317,-29.09398840633869,-34.04677007560306,83.19464404069696,448.0435345844758,364.84889054377885,438.54853248161373,137.35793292868973,3.1538461538461537,0.0576923076923077,-3.0961538461538463,-98.17073170731709,-192.81437125748508,-4.527000692548545,-6.650498395733675,-2.12349770318513,46.90738631165692,-37.99593605713232,0.8031003108481366,0.774092555178422,-0.029007755669714586,-3.611971665043951,-3.6784031039646004,631.4219450426157,654.6395909038957,23.21764586128006,3.6770413260997863,3.6106586212754452,0.18385876643070906,0.188887846493182,0.005029080062472935,2.7352952269307464,2.698390750233212
e49b32ac-ecfa-4eb8-9ae1-e8569f2a3d82,landmark_dropout_10pct,517835230,True,12.126433139197882,22.22677865697018,10.100345517772297,83.29197383790957,58.80291821155973,14.179322913470102,10.054558639921956,-4.124764273548147,-29.089994626116418,-34.04130093200688,83.19464404069696,448.1376649370398,364.94302089634283,438.66167720823574,137.36903054078508,3.1538461538461537,0.0576923076923077,-3.0961538461538463,-98.17073170731709,-192.81437125748508,-4.527000692548545,-6.6577182738851235,-2.1307175813365786,47.06687111499111,-38.10051173804278,0.8031003108481366,0.7778232560420572,-0.025277054806079446,-3.1474343198030774,-3.1977579859602554,631.4219450426157,652.6945694641644,21.2726244215487,3.369003023819987,3.3131922502716757,0.18385876643070906,0.18872060321581838,0.004861836785109319,2.6443323206683225,2.609826083350685
e49b32ac-ecfa-4eb8-9ae1-e8569f2a3d82,landmark_dropout_20pct,517835230,True,12.126433139197882,22.161370879374452,10.03493774017657,82.75259200283146,58.53356916494883,14.179322913470102,10.054009615981938,-4.125313297488164,-29.09386663004332,-34.0466033095073,83.19464404069696,447.7340353522958,364.5393913115988,438.1765142636758,137.32141640130433,3.1538461538461537,0.0576923076923077,-3.0961538461538463,-98.17073170731709,-192.81437125748508,-4.527000692548545,-6.82088193038369,-2.293881237835145,50.67110419512151,-40.42835679670465,0.8031003108481366,0.663406343734726,-0.13969396711341064,-17.394336078127388,-19.051255809424966,631.4219450426157,667.0851544604452,35.663209417829535,5.648078863559702,5.492955630581897,0.18385876643070906,0.18872379828466093,0.004865031853951873,2.6460701050038646,2.611518795931021
e49b32ac-ecfa-4eb8-9ae1-e8569f2a3d82,jitter_sigma_0p004,517835230,True,12.126433139197882,11.968676106846566,-0.15775703235131644,-1.3009351599142323,-1.3094527253676136,14.179322913470102,13.77464995202787,-0.4046729614422322,-2.8539653403181906,-2.8952804911798236,83.19464404069696,88.92847669701453,5.733832656317574,6.892069462443653,6.6624781513868,3.1538461538461537,1.4545454545454544,-1.6993006993006994,-53.88026607538803,-73.74810318664645,-4.527000692548545,-5.408946011827012,-0.8819453192784668,19.481890531409707,-17.752617752872585,0.8031003108481366,0.5974644156747069,-0.20563589517342973,-25.60525657825511,-29.364711430932324,631.4219450426157,72.64552772221656,-558.7764173203991,-88.49493143332013,-158.72808755845983,0.18385876643070906,1.276238414164625,1.092379647733916,594.1406379149191,149.63108788259063
e49b32ac-ecfa-4eb8-9ae1-e8569f2a3d82,jitter_sigma_0p008,517835230,True,12.126433139197882,11.968443971179246,-0.15798916801863605,-1.3028494546178353,-1.3113921875998582,14.179322913470102,13.568375539768592,-0.6109473737015101,-4.308720362952741,-4.403589542614484,83.19464404069696,102.86298422249381,19.66834018179685,23.64135384986507,21.14220240835779,3.1538461538461537,0.25581395348837205,-2.8980322003577816,-91.88882586500283,-169.98950682056662,-4.527000692548545,-5.953936262050135,-1.4269355695015902,31.52055116426931,-27.229160440193265,0.8031003108481366,0.49728322482877174,-0.30581708601936486,-38.079562650946826,-47.03490587646871,631.4219450426157,40.02256485219177,-591.3993801904239,-93.66151823413573,-176.1573358558181,0.18385876643070906,1.7527149844493504,1.5688562180186414,853.2942151604705,162.0239061182863
e49b32ac-ecfa-4eb8-9ae1-e8569f2a3d82,scale_minus_10pct,517835230,True,12.126433139197882,10.913789825278096,-1.212643313919786,-9.999999999999982,-10.526315789473664,14.179322913470102,14.179322913470102,0.0,0.0,0.0,83.19464404069696,74.87517963662724,-8.31946440406972,-10.00000000000003,-10.526315789473717,3.1538461538461537,3.1538461538461537,0.0,0.0,0.0,-4.527000692548545,-4.435485711427196,0.0915149811213487,-2.0215367157328386,2.0421784089011914,0.8031003108481366,0.8031003108481378,1.2212453270876722e-15,1.5206634969396808e-13,1.5206634969396798e-13,631.4219450426157,701.5799389363464,70.15799389373069,11.111111111128015,10.526315789488855,0.18385876643070906,0.1654728897876381,-0.018385876643070953,-10.000000000000025,-10.526315789473713
e49b32ac-ecfa-4eb8-9ae1-e8569f2a3d82,scale_minus_5pct,517835230,True,12.126433139197882,11.52011148223799,-0.6063216569598922,-4.999999999999984,-5.128205128205111,14.179322913470102,14.179322913470102,0.0,0.0,0.0,83.19464404069696,79.03491183866211,-4.159732202034846,-4.999999999999997,-5.128205128205126,3.1538461538461537,3.1538461538461537,0.0,0.0,0.0,-4.527000692548545,-4.482447903126242,0.04455278942230301,-0.9841568943348521,0.9890236666357517,0.8031003108481366,0.8031003108481357,-8.881784197001252e-16,-1.1059370886834042e-13,-1.105937088683405e-13,631.4219450426157,664.6546789922334,33.23273394961768,5.263157894737844,5.128205128206081,0.18385876643070906,0.17466582810917358,-0.009192938321535477,-5.000000000000012,-5.128205128205142
e49b32ac-ecfa-4eb8-9ae1-e8569f2a3d82,scale_plus_5pct,517835230,True,12.126433139197882,12.73275479615778,0.6063216569598975,5.000000000000028,4.878048780487831,14.179322913470102,14.179322913470102,0.0,0.0,0.0,83.19464404069696,87.35437624273185,4.159732202034888,5.000000000000049,4.878048780487851,3.1538461538461537,3.1538461538461537,0.0,0.0,0.0,-4.527000692548545,-4.5693792906884205,-0.042378598139875656,0.9361297030422581,-0.931768422558688,0.8031003108481366,0.8031003108481353,-1.3322676295501878e-15,-1.6589056330251063e-13,-1.6589056330251078e-13,631.4219450426157,601.3542333739074,-30.067711668708284,-4.76190476190671,-4.8780487804898485,0.18385876643070906,0.1930517047522445,0.009192938321535449,4.999999999999997,4.878048780487803
e49b32ac-ecfa-4eb8-9ae1-e8569f2a3d82,scale_plus_10pct,517835230,True,12.126433139197882,13.339076453117677,1.212643313919795,10.000000000000057,9.523809523809573,14.179322913470102,14.179322913470102,0.0,0.0,0.0,83.19464404069696,91.51410844476668,8.31946440406972,10.00000000000003,9.52380952380955,3.1538461538461537,3.1538461538461537,0.0,0.0,0.0,-4.527000692548545,-4.609786062864992,-0.08278537031644717,1.8287024000838374,-1.8121331389812052,0.8031003108481366,0.8031003108481349,-1.6653345369377348e-15,-2.0736320412813832e-13,-2.0736320412813852e-13,631.4219450426157,574.0199500386819,-57.401995003933735,-9.090909090918526,-9.52380952381988,0.18385876643070906,0.20224464307377996,0.018385876643070898,9.999999999999995,9.52380952380952
e49b32ac-ecfa-4eb8-9ae1-e8569f2a3d82,combined_degradation,517835230,True,12.126433139197882,12.977104865093303,0.8506717258954204,7.015020131069548,6.777305459891806,14.179322913470102,12.903117744761031,-1.2762051687090707,-9.00046621758433,-9.424594960360007,83.19464404069696,76.82536213761709,-6.369281903079866,-7.655879746254045,-7.9606069955808225,3.1538461538461537,3.666666666666665,0.5128205128205114,16.260162601625975,15.037593984962367,-4.527000692548545,-4.683275345891627,-0.15627465334308255,3.4520571998213088,-3.3934846836479573,0.8031003108481366,0.8225319625013131,0.019431651653176507,2.4195796453689784,2.3906577116778776,631.4219450426157,77.99758394155783,-553.4243611010578,-87.64731182469534,-156.02174411339166,0.18385876643070906,0.5148873302555736,0.33102856382486456,180.0450260007697,94.7493132039597
e7490da1-a2fa-4e53-ab66-4e9927d0b4d3,frame_thinning_2x,2299683318,True,1.638611692780085,17.1366184409147,15.498006748134614,945.8010593004216,165.0899257987924,1.090612569532912,46.66790988792871,45.57729731839579,4179.054835019521,190.86560878842664,30.321364524931,208.5509195853204,178.2295550603894,587.8018943172709,149.22581388984216,0.5,0.16666666666666666,-0.33333333333333337,-66.66666666666667,-100.00000000000001,-5.879037768322103,-6.529292629262025,-0.6502548609399215,11.060566143045996,-10.480940466680748,0.8293759465494742,0.9761200259929521,0.1467440794434779,17.69331267129101,16.255265220762453,172.730200379256,26.475671168688596,-146.2545292105674,-84.67223964856339,-146.83756866610938,0.2681094592731805,0.28202970626652973,0.013920246993349261,5.192001442651722,5.060627515836979
e7490da1-a2fa-4e53-ab66-4e9927d0b4d3,frame_thinning_3x,2299683318,True,1.638611692780085,12.86044246408061,11.221830771300525,684.8377086984809,154.7939700051476,1.090612569532912,35.15186093832514,34.06124836879223,3123.1300023783874,187.96315522673748,30.321364524931,133.0357699094042,102.7144053844732,338.7525825231869,125.75441622448561,0.5,0.25,-0.25,-50.0,-66.66666666666667,-5.879037768322103,-6.039323922451764,-0.16028615412966118,2.7264011636960004,-2.689734684822335,0.8293759465494742,0.9671852335320449,0.13780928698257067,16.616021667364574,15.341452159877747,172.730200379256,9.300357504537265,-163.42984287471873,-94.61567375935599,-179.56308520358536,0.2681094592731805,0.283591498196518,0.015482038923337549,5.774521706659623,5.612474915520835
e7490da1-a2fa-4e53-ab66-4e9927d0b4d3,landmark_dropout_5pct,2299683318,True,1.638611692780085,1.638611692780085,0.0,0.0,0.0,1.090612569532912,1.090612569532912,0.0,0.0,0.0,30.321364524931,30.321364524931,0.0,0.0,0.0,0.5,0.5,0.0,0.0,0.0,-5.879037768322103,-5.879037768322103,0.0,-0.0,0.0,0.8293759465494742,0.8293759465494742,0.0,0.0,0.0,172.730200379256,172.730200379256,0.0,0.0,0.0,0.2681094592731805,0.2681094592731805,0.0,0.0,0.0
e7490da1-a2fa-4e53-ab66-4e9927d0b4d3,landmark_dropout_10pct,2299683318,True,1.638611692780085,1.638611692780085,0.0,0.0,0.0,1.090612569532912,1.090612569532912,0.0,0.0,0.0,30.321364524931,30.321364524931,0.0,0.0,0.0,0.5,0.5,0.0,0.0,0.0,-5.879037768322103,-5.879037768322103,0.0,-0.0,0.0,0.8293759465494742,0.8293759465494742,0.0,0.0,0.0,172.730200379256,172.730200379256,0.0,0.0,0.0,0.2681094592731805,0.2681094592731805,0.0,0.0,0.0
e7490da1-a2fa-4e53-ab66-4e9927d0b4d3,landmark_dropout_20pct,2299683318,True,1.638611692780085,1.68217942689058,0.04356773411049519,2.6588199206962657,2.6239370403288698,1.090612569532912,0.6354346398883935,-0.45517792964451853,-41.735987862258206,-52.74223406637026,30.321364524931,51.85456679421017,21.533202269279172,71.01660036300156,52.40756490036508,0.5,0.33333333333333337,-0.16666666666666663,-33.33333333333333,-39.99999999999999,-5.879037768322103,-6.07956444790768,-0.20052667958557713,3.410875852270772,-3.3536809061752977,0.8293759465494742,0.7709962906095587,-0.058379655939915565,-7.03898590051925,-7.295759646961963,172.730200379256,160.08680936477788,-12.643391014478112,-7.319733889451633,-7.597803384028968,0.2681094592731805,0.13266318336495744,-0.13544627590822303,-50.519021699348144,-67.59257568911407
e7490da1-a2fa-4e53-ab66-4e9927d0b4d3,jitter_sigma_0p004,2299683318,True,1.638611692780085,1.8388562974081852,0.20024460462810034,12.220381772594541,11.516690028094786,1.090612569532912,1.936055127986706,0.8454425584537939,77.51997199297642,55.86622932848835,30.321364524931,46.54208289841484,16.22071837348384,53.4960039814394,42.20658561967415,0.5,0.6,0.09999999999999998,19.999999999999996,18.181818181818176,-5.879037768322103,-6.123566179003452,-0.24452841068134923,4.159327092588801,-4.074589343353874,0.8293759465494742,0.577007383900245,-0.25236856264922924,-30.42872941989461,-35.889015062277416,172.730200379256,35.72842012248793,-137.00178025676806,-79.31547578591316,-131.4426622674709,0.2681094592731805,0.6289519330090687,0.36084247373588824,134.5877443914505,80.44989492142888
e7490da1-a2fa-4e53-ab66-4e9927d0b4d3,jitter_sigma_0p008,2299683318,True,1.638611692780085,0.8666071244073486,-0.7720045683727363,-47.113332083145686,-61.63170762380371,1.090612569532912,1.7239107715256492,0.6332982019927371,58.06811875127813,45.0021637947795,30.321364524931,43.33035622036743,13.008991695436428,42.9037145895598,35.32569657245071,0.5,0.6666666666666666,0.16666666666666663,33.33333333333333,28.57142857142857,-5.879037768322103,-6.424841725050457,-0.5458039567283537,9.283899478742894,-8.872062783487907,0.8293759465494742,0.35439315151488787,-0.47498279503458635,-57.26990238994741,-80.24923032899805,172.730200379256,21.825850165537883,-150.90435021371812,-87.36419565448553,-155.1268642544473,0.2681094592731805,0.8666071244073486,0.598497665134168,223.22885091657673,105.48848474442858
e7490da1-a2fa-4e53-ab66-4e9927d0b4d3,scale_minus_10pct,2299683318,True,1.638611692780085,1.4747505235020764,-0.16386116927800853,-10.000000000000004,-10.526315789473687,1.090612569532912,1.090612569532912,0.0,0.0,0.0,30.321364524931,27.289228072437897,-3.032136452493102,-10.000000000000007,-10.526315789473694,0.5,0.5,0.0,0.0,0.0,-5.879037768322103,-5.7875227872007535,0.09151498112134959,-1.5566319647486848,1.5688425167951858,0.8293759465494742,0.8293759465494857,1.1435297153639112e-14,1.3787833130698311e-12,1.3787833130698216e-12,172.730200379256,191.92244486585017,19.192244486594177,11.111111111117003,10.526315789478973,0.2681094592731805,0.2412985133458624,-0.026810945927318086,-10.000000000000014,-10.526315789473701
e7490da1-a2fa-4e53-ab66-4e9927d0b4d3,scale_minus_5pct,2299683318,True,1.638611692780085,1.5566811081410805,-0.08193058463900438,-5.000000000000008,-5.1282051282051375,1.090612569532912,1.090612569532912,0.0,0.0,0.0,30.321364524931,28.80529629868444,-1.51606822624656,-5.000000000000033,-5.128205128205162,0.5,0.5,0.0,0.0,0.0,-5.879037768322103,-5.834484978899798,0.044552789422304784,-0.7578245144531586,0.7607069262382468,0.8293759465494742,0.8293759465494891,1.4876988529977098e-14,1.7937569315665764e-12,1.7937569315665602e-12,172.730200379256,181.82126355712813,9.091063177872144,5.263157894746433,5.1282051282142325,0.2681094592731805,0.25470398630952135,-0.013405472963659126,-5.000000000000038,-5.128205128205169
e7490da1-a2fa-4e53-ab66-4e9927d0b4d3,scale_plus_5pct,2299683318,True,1.638611692780085,1.7205422774190888,0.08193058463900393,4.9999999999999805,4.878048780487787,1.090612569532912,1.090612569532912,0.0,0.0,0.0,30.321364524931,31.837432751177534,1.516068226246535,4.999999999999951,4.878048780487758,0.5,0.5,0.0,0.0,0.0,-5.879037768322103,-5.92141636646198,-0.042378598139876544,0.720842420305994,-0.7182536816944624,0.8293759465494742,0.8293759465494877,1.3433698597964394e-14,1.6197357367131027e-12,1.6197357367130894e-12,172.730200379256,164.504952742163,-8.225247637092991,-4.761904761896404,-4.878048780479034,0.2681094592731805,0.28151493223683943,0.01340547296365896,4.999999999999976,4.878048780487783
e7490da1-a2fa-4e53-ab66-4e9927d0b4d3,scale_plus_10pct,2299683318,True,1.638611692780085,1.8024728620580932,0.1638611692780083,9.99999999999999,9.523809523809515,1.090612569532912,1.090612569532912,0.0,0.0,0.0,30.321364524931,33.3535009774241,3.0321364524930985,9.999999999999995,9.523809523809518,0.5,0.5,0.0,0.0,0.0,-5.879037768322103,-5.961823138638553,-0.08278537031644984,1.4081448968149266,-1.3982998528052029,0.8293759465494742,0.8293759465494854,1.1213252548714081e-14,1.3520108215539121e-12,1.3520108215539028e-12,172.730200379256,157.02745489024963,-15.702745489006361,-9.0909090908993,-9.523809523798779,0.2681094592731805,0.2949204052004985,0.02681094592731803,9.999999999999993,9.523809523809518
e7490da1-a2fa-4e53-ab66-4e9927d0b4d3,combined_degradation,2299683318,True,1.638611692780085,17.363317659173966,15.72470596639388,959.6358939508841,165.50641437656793,1.090612569532912,48.19029987266581,47.099687303132896,4318.645192518253,191.14778915011294,30.321364524931,222.14550804655448,191.82414352162348,632.6369097403277,151.95985244940115,0.5,0.16666666666666666,-0.33333333333333337,-66.66666666666667,-100.00000000000001,-5.879037768322103,-6.372812359797506,-0.49377459147540304,8.398901502827528,-8.060408612771475,0.8293759465494742,0.9632526818958461,0.1338767353463719,16.141863759535234,14.936360294823382,172.730200379256,9.897867992424288,-162.8323323868317,-94.26975249800441,-178.32125569596369,0.2681094592731805,0.0,-0.2681094592731805,-100.0,-200.0
e940142a-d4bc-4cee-a6de-828b05ab40a7,frame_thinning_2x,822615255,True,4.1672606097453455,15.34579281570338,11.178532205958035,268.24653538145617,114.57491518348542,0.0,0.0,0.0,,,59.95350167184591,251.37066524285433,191.41716357100842,319.2760359832288,122.9696784981391,0.22222222222222224,0.14285714285714285,-0.07936507936507939,-35.71428571428572,-43.478260869565226,-6.81546357640312,-7.196966208852834,-0.38150263244971416,5.597603569778789,-5.445203127456678,0.7860251744515657,0.9502641629674585,0.1642389885158928,20.894876379816647,18.91838934633237,89.97846805957269,33.76654608900561,-56.21192197056708,-62.472637268452324,-90.85121102830776,0.5895349297902497,0.6155903348376383,0.02605540504738857,4.419654159704974,4.324099047983003
e940142a-d4bc-4cee-a6de-828b05ab40a7,frame_thinning_3x,822615255,True,4.1672606097453455,16.132123581142288,11.964862971396943,287.11578400968057,117.88399942465206,0.0,0.0,0.0,,,59.95350167184591,178.49271190644168,118.53921023459577,197.71857677874658,99.42637247680724,0.22222222222222224,0.2,-0.022222222222222227,-10.0,-10.526315789473685,-6.81546357640312,-6.441597006340903,0.37386657006221746,-5.4855633203974445,5.640263431380237,0.7860251744515657,0.9754349356171853,0.18940976116561958,24.0971621930273,21.50599495077147,89.97846805957269,18.642925142733468,-71.33554291683922,-79.28068176222958,-131.34713303479276,0.5895349297902497,0.5668308325867588,-0.02270409720349087,-3.851187784847413,-3.926802045197302
e940142a-d4bc-4cee-a6de-828b05ab40a7,landmark_dropout_5pct,822615255,True,4.1672606097453455,4.1672606097453455,0.0,0.0,0.0,0.0,0.0,0.0,,,59.95350167184591,59.95350167184591,0.0,0.0,0.0,0.22222222222222224,0.22222222222222224,0.0,0.0,0.0,-6.81546357640312,-6.81546357640312,0.0,-0.0,0.0,0.7860251744515657,0.7860251744515657,0.0,0.0,0.0,89.97846805957269,89.97846805957269,0.0,0.0,0.0,0.5895349297902497,0.5895349297902497,0.0,0.0,0.0
e940142a-d4bc-4cee-a6de-828b05ab40a7,landmark_dropout_10pct,822615255,True,4.1672606097453455,16.602712485920993,12.435451876175648,298.40830801641556,119.74451597888984,0.0,0.0,0.0,,,59.95350167184591,496.40892635350656,436.45542468166065,727.989879674734,156.8960816533686,0.22222222222222224,5.499999999999999,5.277777777777777,2374.999999999999,184.46601941747574,-6.81546357640312,-7.503604498548928,-0.6881409221458075,10.096758854794963,-9.611532238603619,0.7860251744515657,0.7524882275521616,-0.03353694689940412,-4.266650482639299,-4.359656127236371,89.97846805957269,87.36260323694852,-2.615864822624175,-2.9072120019783743,-2.9500947563921582,0.5895349297902497,4.296371602676068,3.706836672885818,628.7730354170315,151.73588148910716
e940142a-d4bc-4cee-a6de-828b05ab40a7,landmark_dropout_20pct,822615255,True,4.1672606097453455,16.719496007360352,12.552235397615007,301.2107130583814,120.19324615804696,0.0,0.0,0.0,,,59.95350167184591,504.7871411636268,444.8336394917809,741.9644008894883,157.5355502158804,0.22222222222222224,0.08333333333333333,-0.1388888888888889,-62.5,-90.9090909090909,-6.81546357640312,-7.555247576082858,-0.7397839996797382,10.854492748535256,-10.295718727208062,0.7860251744515657,0.767496192851358,-0.018528981600207772,-2.3573012929434505,-2.3854170261431333,89.97846805957269,135.49163283142948,45.51316477185679,50.582284576931855,40.37179616454687,0.5895349297902497,0.0,-0.5895349297902497,-100.0,-200.0
e940142a-d4bc-4cee-a6de-828b05ab40a7,jitter_sigma_0p004,822615255,True,4.1672606097453455,9.141081752812147,4.973821143066801,119.35469385896513,74.74741793629317,0.0,2.9624127573411934,2.9624127573411934,,199.99999999999997,59.95350167184591,264.57840845881674,204.62490678697083,341.3060139622544,126.1046451207741,0.22222222222222224,0.7142857142857144,0.4920634920634922,221.42857142857147,105.08474576271189,-6.81546357640312,-7.711140799024756,-0.8956772226216358,13.141838593675415,-12.331542864025359,0.7860251744515657,0.7012302998562127,-0.08479487459535306,-10.787806466188197,-11.402866025397502,89.97846805957269,29.49976660183354,-60.47870145773915,-67.21463785946831,-101.2380231916415,0.5895349297902497,1.0167839443911921,0.42724901460094244,72.47221377585772,53.1960398982005
e940142a-d4bc-4cee-a6de-828b05ab40a7,jitter_sigma_0p008,822615255,True,4.1672606097453455,1.5380369235484663,-2.6292236861968794,-63.092374881674296,-92.16780267299967,0.0,1.1225452379127754,1.1225452379127754,,200.0,59.95350167184591,76.90184617742331,16.948344505577396,28.269148645134628,24.768260461760097,0.22222222222222224,0.0,-0.22222222222222224,-100.0,-200.0,-6.81546357640312,-7.169813540681747,-0.35434996427862675,5.199205605110664,-5.0674714746373,0.7860251744515657,1.0,0.21397482554843428,27.222388353875715,23.96100890505527,89.97846805957269,0.0,-89.97846805957269,-100.0,-200.0,0.5895349297902497,0.0,-0.5895349297902497,-100.0,-200.0
e940142a-d4bc-4cee-a6de-828b05ab40a7,scale_minus_10pct,822615255,True,4.1672606097453455,3.7505345487708115,-0.416726060974534,-9.999999999999986,-10.52631578947367,0.0,0.0,0.0,,,59.95350167184591,53.958151504661345,-5.995350167184569,-9.999999999999961,-10.526315789473642,0.22222222222222224,0.22222222222222224,0.0,0.0,0.0,-6.81546357640312,-6.723948595281771,0.09151498112134959,-1.3427550466001739,1.35183093565518,0.7860251744515657,0.7860251744515625,-3.219646771412954e-15,-4.0961115191500093e-13,-4.096111519150018e-13,89.97846805957269,99.97607562175145,9.997607562178757,11.111111111115573,10.526315789477687,0.5895349297902497,0.5305814368112247,-0.05895349297902497,-10.0,-10.526315789473685
e940142a-d4bc-4cee-a6de-828b05ab40a7,scale_minus_5pct,822615255,True,4.1672606097453455,3.9588975792580783,-0.20836303048726723,-4.999999999999999,-5.128205128205128,0.0,0.0,0.0,,,59.95350167184591,56.955826588253615,-2.9976750835922985,-5.000000000000004,-5.128205128205133,0.22222222222222224,0.22222222222222224,0.0,0.0,0.0,-6.81546357640312,-6.770910786980816,0.044552789422303896,-0.6537015262843904,0.6558451611987999,0.7860251744515657,0.7860251744515635,-2.220446049250313e-15,-2.8249044959655235e-13,-2.8249044959655275e-13,89.97846805957269,94.7141769048125,4.735708845239813,5.263157894735892,5.128205128204226,0.5895349297902497,0.5600581833007372,-0.029476746489512484,-5.0,-5.128205128205129
e940142a-d4bc-4cee-a6de-828b05ab40a7,scale_plus_5pct,822615255,True,4.1672606097453455,4.375623640232612,0.20836303048726634,4.999999999999978,4.8780487804877835,0.0,0.0,0.0,,,59.95350167184591,62.95117675543819,2.997675083592277,4.999999999999969,4.8780487804877755,0.22222222222222224,0.22222222222222224,0.0,0.0,0.0,-6.81546357640312,-6.857842174542997,-0.042378598139876544,0.6218006693866298,-0.619873480660581,0.7860251744515657,0.7860251744515604,-5.329070518200751e-15,-6.779770790317257e-13,-6.77977079031728e-13,89.97846805957269,85.69377910435671,-4.284688955215984,-4.761904761902802,-4.878048780485749,0.5895349297902497,0.6190116762797622,0.029476746489512484,5.0,4.878048780487805
e940142a-d4bc-4cee-a6de-828b05ab40a7,scale_plus_10pct,822615255,True,4.1672606097453455,4.583986670719882,0.41672606097453624,10.00000000000004,9.523809523809561,0.0,0.0,0.0,,,59.95350167184591,65.94885183903052,5.995350167184611,10.000000000000034,9.523809523809552,0.22222222222222224,0.22222222222222224,0.0,0.0,0.0,-6.81546357640312,-6.898248946719571,-0.08278537031645072,1.2146696903065386,-1.2073371113309588,0.7860251744515657,0.7860251744515648,-8.881784197001252e-16,-1.1299617983862095e-13,-1.1299617983862101e-13,89.97846805957269,81.79860732688617,-8.179860732686521,-9.090909090906973,-9.523809523807198,0.5895349297902497,0.6484884227692748,0.05895349297902508,10.000000000000018,9.523809523809541
e940142a-d4bc-4cee-a6de-828b05ab40a7,combined_degradation,822615255,True,4.1672606097453455,14.738961670667484,10.571701060922138,253.68466364209837,111.8330346922304,0.0,0.0,0.0,,,59.95350167184591,226.46007410770636,166.50657243586045,277.7261841138659,116.27002804086197,0.22222222222222224,0.33333333333333337,0.11111111111111113,50.000000000000014,40.0,-6.81546357640312,-7.161846338651885,-0.34638276224876474,5.082306703949391,-4.956358045344259,0.7860251744515657,0.8544760789946834,0.06845090454311764,8.708487560958588,8.34512066349487,89.97846805957269,9.71890813672588,-80.25955992284682,-89.19862902056612,-161.00636342689748,0.5895349297902497,2.143229751729649,1.5536948219393993,263.5458466374821,113.70864329783942
eb859af6-2991-42e4-9345-05d3baf63c6e,frame_thinning_2x,2025129596,True,7.6284566251914185,6.663506980019021,-0.9649496451723971,-12.649343013708018,-13.50338794342583,0.8202303637982695,0.6654333342250852,-0.1547970295731843,-18.872384686706827,-20.838771221123405,75.61914610181383,28.403384719399273,-47.215761382414556,-62.43889784055896,-90.7798743400424,0.16326530612244897,0.1568627450980392,-0.006402561024409753,-3.921568627450974,-3.999999999999994,-4.97203817799397,-3.796236111777382,1.1758020662165882,-23.64829118611032,26.819463610718074,0.06853604358199496,0.10143087437002146,0.032894830788026505,47.996395865296606,38.707333385092134,161.5336207789618,37.332606914269036,-124.20101386469275,-76.888646008032,-124.90910629258184,0.06603885866385475,0.05994576963172798,-0.006093089032126776,-9.226520802155724,-9.67274994506677
eb859af6-2991-42e4-9345-05d3baf63c6e,frame_thinning_3x,2025129596,True,7.6284566251914185,6.181284009046226,-1.4471726161451928,-18.97071304523383,-20.95872260710395,0.8202303637982695,0.5801038806833535,-0.24012648311491602,-29.275493045996726,-34.295595363920604,75.61914610181383,17.792719276683005,-57.826426825130824,-76.47061598298554,-123.80959654498521,0.16326530612244897,1.0512820512820515,0.8880167451596026,543.9102564102567,146.23007324429128,-4.97203817799397,-3.235411086124761,1.736627091869209,-34.92787122101046,42.31831439912478,0.06853604358199496,0.10045571785178221,0.03191967426978726,46.573558381144785,37.77660401781849,161.5336207789618,23.536729896460244,-137.99689088250153,-85.42920676020302,-149.12911806659042,0.06603885866385475,2.2493233213474033,2.1832844626835484,3306.060260363845,188.59118297189534
eb859af6-2991-42e4-9345-05d3baf63c6e,landmark_dropout_5pct,2025129596,True,7.6284566251914185,14.78941497992941,7.160958354737991,93.87165329210092,63.88615726661794,0.8202303637982695,0.8199935138819898,-0.0002368499162797022,-0.028876023948066615,-0.02888019367388737,75.61914610181383,390.2289073994727,314.60976129765885,416.0451122709947,135.06969018463013,0.16326530612244897,0.07042253521126761,-0.09284277091118136,-56.866197183098585,-79.45879458794587,-4.97203817799397,-6.594580522896684,-1.6225423449027137,32.633344451859145,-28.055603575447236,0.06853604358199496,0.05351837966012211,-0.01501766392187285,-21.912067194112335,-24.60814368371164,161.5336207789618,154.4798858046042,-7.053734974357582,-4.366728697309226,-4.464198413932225,0.06603885866385475,0.07358921637212074,0.007550357708265981,11.433204420897331,10.81495638512615
eb859af6-2991-42e4-9345-05d3baf63c6e,landmark_dropout_10pct,2025129596,True,7.6284566251914185,42.36858193080547,34.74012530561405,455.4017544111333,138.9687321848272,0.8202303637982695,20.523844652985733,19.703614289187463,2402.2049364211834,184.62842052132447,75.61914610181383,1265.9895663930138,1190.3704202912,1574.1653822544913,177.454187529479,0.16326530612244897,0.06072874493927126,-0.10253656118317771,-62.80364372469634,-91.55293249723348,-4.97203817799397,-8.124801222811813,-3.152763044817843,63.40987200725527,-48.14540284618393,0.06853604358199496,0.0593252606336396,-0.00921078294835536,-13.439326910278663,-14.407459715601885,161.5336207789618,154.3073472280019,-7.226273550959888,-4.473541493165762,-4.575893745868055,0.06603885866385475,0.07400977624320006,0.007970917579345302,12.070041397774865,11.383070723445908
eb859af6-2991-42e4-9345-05d3baf63c6e,landmark_dropout_20pct,2025129596,True,7.6284566251914185,86.72229155608285,79.09383493089143,1036.8261735892975,167.6591578880328,0.8202303637982695,0.8184842083614259,-0.0017461554368436438,-0.21288597861186956,-0.2131128222704885,75.61914610181383,2589.681210870689,2514.062064768875,3324.6369396765404,188.65131340203487,0.16326530612244897,0.05439330543933055,-0.10887200068311842,-66.68410041841004,-100.03923107100822,-4.97203817799397,-9.269376581672232,-4.297338403678261,86.43011678184811,-60.34988062912065,0.06853604358199496,0.0042710927592514705,-0.06426495082274349,-93.76810720895841,-176.5347575862185,161.5336207789618,105.78050848214674,-55.75311229681505,-34.514865715234656,-41.71355434965147,0.06603885866385475,55.893239540575244,55.82720068191139,84536.8951121311,199.52795060584805
eb859af6-2991-42e4-9345-05d3baf63c6e,jitter_sigma_0p004,2025129596,True,7.6284566251914185,7.155367683505399,-0.47308894168601956,-6.201633763292827,-6.400088797155381,0.8202303637982695,2.910260111258784,2.0900297474605143,254.81009234797648,112.0512040673981,75.61914610181383,44.997302637697814,-30.62184346411601,-40.49482841671695,-50.77556798285155,0.16326530612244897,0.26666666666666666,0.1034013605442177,63.33333333333334,48.10126582278481,-4.97203817799397,-5.446977334882439,-0.47493915688846844,9.55220253518022,-9.116776077384888,0.06853604358199496,0.06219920536891604,-0.00633683821307892,-9.245993614290954,-9.694154046332681,161.5336207789618,141.6462064744169,-19.887414304544876,-12.311625411875262,-13.1192200251003,0.06603885866385475,0.4748465080428204,0.40880764937896563,619.0410580228873,151.162399481465
eb859af6-2991-42e4-9345-05d3baf63c6e,jitter_sigma_0p008,2025129596,True,7.6284566251914185,6.993356589998738,-0.6351000351926803,-8.325406650349066,-8.687021586801482,0.8202303637982695,5.812519923869356,4.992289560071087,608.6448125320692,150.53452470096238,75.61914610181383,66.63751289596841,-8.981633205845412,-11.877459173834781,-12.627364186846867,0.16326530612244897,0.21693121693121692,0.05366591080876795,32.870370370370374,28.23061630218688,-4.97203817799397,-5.983579468019156,-1.0115412900251854,20.34460021852254,-18.466166357919526,0.06853604358199496,0.03263264637393615,-0.03590339720805881,-52.38615381278146,-70.97728995739347,161.5336207789618,65.49724557696777,-96.03637520199402,-59.45287101154476,-84.60204265919698,0.06603885866385475,0.9479817263094076,0.8819428676455529,1335.4907784441605,173.94969702095503
eb859af6-2991-42e4-9345-05d3baf63c6e,scale_minus_10pct,2025129596,True,7.6284566251914185,6.865610962672263,-0.7628456625191555,-10.00000000000018,-10.526315789473882,0.8202303637982695,0.8202303637982695,0.0,0.0,0.0,75.61914610181383,68.0572314916323,-7.561914610181532,-10.000000000000197,-10.526315789473903,0.16326530612244897,0.16326530612244897,0.0,0.0,0.0,-4.97203817799397,-4.88052319687262,0.09151498112135048,-1.8405928885741847,1.8576891356353447,0.06853604358199496,0.06853604358199562,6.661338147750939e-16,9.719467012684306e-13,9.71946701268426e-13,161.5336207789618,179.48180086540071,17.948180086438924,11.111111111041536,10.52631578941124,0.06603885866385475,0.05943497279746928,-0.006603885866385474,-9.999999999999998,-10.526315789473681
eb859af6-2991-42e4-9345-05d3baf63c6e,scale_minus_5pct,2025129596,True,7.6284566251914185,7.24703379393184,-0.3814228312595782,-5.000000000000095,-5.128205128205228,0.8202303637982695,0.8202303637982695,0.0,0.0,0.0,75.61914610181383,71.83818879672306,-3.780957305090766,-5.000000000000099,-5.128205128205232,0.16326530612244897,0.16326530612244897,0.0,0.0,0.0,-4.97203817799397,-4.927485388571665,0.044552789422304784,-0.8960669211972977,0.9000996688926745,0.06853604358199496,0.06853604358199535,3.885780586188048e-16,5.669689090732512e-13,5.669689090732496e-13,161.5336207789618,170.03539029350856,8.501769514546766,5.263157894653,5.12820512812553,0.06603885866385475,0.06273691573066202,-0.0033019429331927336,-4.999999999999994,-5.128205128205122
eb859af6-2991-42e4-9345-05d3baf63c6e,scale_plus_5pct,2025129596,True,7.6284566251914185,8.00987945645098,0.38142283125956133,4.999999999999874,4.878048780487685,0.8202303637982695,0.8202303637982695,0.0,0.0,0.0,75.61914610181383,79.40010340690438,3.7809573050905527,4.999999999999817,4.878048780487631,0.16326530612244897,0.16326530612244897,0.0,0.0,0.0,-4.97203817799397,-5.014416776133845,-0.04237859813987477,0.852338550565453,-0.848721560043846,0.06853604358199496,0.06853604358199539,4.3021142204224816e-16,6.27715577902528e-13,6.277155779025262e-13,161.5336207789618,153.84154359892256,-7.6920771800392345,-4.761904761959657,-4.878048780545409,0.06603885866385475,0.0693408015970475,0.0033019429331927475,5.000000000000015,4.878048780487819
eb859af6-2991-42e4-9345-05d3baf63c6e,scale_plus_10pct,2025129596,True,7.6284566251914185,8.39130228771056,0.7628456625191422,10.000000000000005,9.523809523809529,0.8202303637982695,0.8202303637982695,0.0,0.0,0.0,75.61914610181383,83.1810607119952,7.5619146101813755,9.999999999999991,9.523809523809513,0.16326530612244897,0.16326530612244897,0.0,0.0,0.0,-4.97203817799397,-5.054823548310419,-0.08278537031644895,1.6650187981832778,-1.651271805200434,0.06853604358199496,0.06853604358199503,6.938893903907228e-17,1.0124444804879485e-13,1.012444480487948e-13,161.5336207789618,146.84874616261533,-14.684874616346463,-9.090909090956888,-9.523809523861981,0.06603885866385475,0.07264274453024025,0.006603885866385495,10.00000000000003,9.52380952380955
eb859af6-2991-42e4-9345-05d3baf63c6e,combined_degradation,2025129596,True,7.6284566251914185,7.43319653450194,-0.19526009068947836,-2.5596277239706895,-2.592810876989464,0.8202303637982695,1.102243579384024,0.28201321558575443,34.38219651852754,29.338573517301846,75.61914610181383,60.47177386603913,-15.147372235774696,-20.03113367001028,-22.260665501199888,0.16326530612244897,0.6811594202898551,0.5178941141674062,317.2101449275363,122.66199649737304,-4.97203817799397,-5.339977740992757,-0.36793956299878694,7.400175739343109,-7.136132563979618,0.06853604358199496,0.02889573014680613,-0.039640313435188826,-57.838636961534064,-81.37040293554882,161.5336207789618,86.6800980426787,-74.8535227362831,-46.33928365829837,-60.31376758032521,0.06603885866385475,2.8652713997698718,2.799232541106017,4238.76577781943,190.9884859886321
ed241630-f662-4957-b17f-1f485cf04683,frame_thinning_2x,669688604,True,3.090731362105899,9.346355294103102,6.255623931997203,202.39947116383723,100.59629083430389,0.18140964195624815,0.1506576279902139,-0.030752013966034247,-16.95169762445754,-18.52155677432002,64.31089115048727,111.85330745420382,47.54241630371655,73.92591745069659,53.9751171694094,0.5294117647058822,1.0,0.47058823529411775,88.88888888888893,61.538461538461554,-6.269067907963618,-5.898070089207414,0.3709978187562042,-5.917910352907877,6.098358033622443,0.8356982701378057,0.9142896319794246,0.07859136184161886,9.404274802275134,8.981932017533923,72.4534772792523,50.076313987795146,-22.37716329145715,-30.88487141232772,-36.5252614242805,0.8275768207224503,0.7151764806995445,-0.11240034002290578,-13.581861793178737,-14.571395169830918
ed241630-f662-4957-b17f-1f485cf04683,frame_thinning_3x,669688604,True,3.090731362105899,7.831138935178145,4.740407573072246,153.37494649946944,86.80578406522642,0.18140964195624815,0.09218923312154607,-0.08922040883470207,-49.18173470416748,-65.21986525663414,64.31089115048727,77.95540054100485,13.644509390517584,21.21648315926688,19.181647638789983,0.5294117647058822,0.37500000000000006,-0.1544117647058822,-29.16666666666664,-34.1463414634146,-6.269067907963618,-5.386998018381339,0.8820698895822785,-14.070191973224317,15.134950250901213,0.8356982701378057,0.8517545475726621,0.01605627743485638,1.921300786252521,1.9030194226872077,72.4534772792523,32.460228605865076,-39.99324867338722,-55.198522107150325,-76.24027449222056,0.8275768207224503,0.679036240322616,-0.1485405803998343,-17.94885703422224,-19.71847772205011
ed241630-f662-4957-b17f-1f485cf04683,landmark_dropout_5pct,669688604,True,3.090731362105899,3.1357823692086817,0.04505100710278276,1.4576163964016216,1.4470700313792226,0.18140964195624815,0.1807649775215024,-0.0006446644347457564,-0.35536393093220187,-0.3559964724614614,64.31089115048727,67.05113779095345,2.7402466404661823,4.260937131245802,4.172052856594876,0.5294117647058822,1.9999999999999993,1.470588235294117,277.7777777777777,116.27906976744187,-6.269067907963618,-6.482364440538051,-0.21329653257443315,3.4023643658969123,-3.3454521303168914,0.8356982701378057,0.833989505695111,-0.0017087644426947435,-0.2044714586297959,-0.20468071545200522,72.4534772792523,70.85082283426135,-1.6026544449909466,-2.2119772648232594,-2.2367150793401986,0.8275768207224503,0.9594610940933683,0.13188427337091801,15.936197108056616,14.760097956232865
ed241630-f662-4957-b17f-1f485cf04683,landmark_dropout_10pct,669688604,True,3.090731362105899,3.1285513647206984,0.03782000261479945,1.2236586808706156,1.2162175053294995,0.18140964195624815,0.18090403168641284,-0.0005056102698353104,-0.27871190548805125,-0.2791008491354806,64.31089115048727,67.17028321854174,2.8593920680544755,4.446201905931466,4.3495079531751095,0.5294117647058822,0.038461538461538464,-0.4909502262443438,-92.73504273504274,-172.90836653386455,-6.269067907963618,-6.4637689015767945,-0.19470099361317672,3.105740701354461,-3.058250043184279,0.8356982701378057,0.8677130985276702,0.03201482838986447,3.8309075815826756,3.7589074464081134,72.4534772792523,115.76243052925221,43.30895324999992,59.77484432262277,46.02050246896613,0.8275768207224503,0.17351002174319902,-0.6540667989792512,-79.03396791711373,-130.6713406338061
ed241630-f662-4957-b17f-1f485cf04683,landmark_dropout_20pct,669688604,True,3.090731362105899,3.153775000204031,0.06304363809813207,2.0397644024026955,2.019171234371562,0.18140964195624815,0.18100035469996706,-0.00040928725628108786,-0.22561494078677394,-0.22586973872541422,64.31089115048727,69.67903989067335,5.368148740186086,8.347184503515333,8.012764389791402,0.5294117647058822,0.038461538461538464,-0.4909502262443438,-92.73504273504274,-172.90836653386455,-6.269067907963618,-6.677416899676284,-0.4083489917126659,6.513711411451435,-6.308260470389514,0.8356982701378057,0.8151797130316047,-0.020518557106200985,-2.45525901385646,-2.4857751227390867,72.4534772792523,122.02196950704955,49.56849222779725,68.41423502249441,50.976607121273545,0.8275768207224503,0.18217902035188605,-0.6453978003705643,-77.98645203802964,-127.8324470366795
ed241630-f662-4957-b17f-1f485cf04683,jitter_sigma_0p004,669688604,True,3.090731362105899,1.6146687541171911,-1.4760626079887078,-47.757712821180895,-62.739090046757056,0.18140964195624815,1.2895688138072798,1.1081591718510317,610.8601284369959,150.6696671877263,64.31089115048727,80.73343770585956,16.422546555372293,25.536182537019414,22.644865448875738,0.5294117647058822,0.07142857142857144,-0.4579831932773108,-86.5079365079365,-152.44755244755243,-6.269067907963618,-6.802638476629931,-0.5335705686663132,8.511162687973387,-8.16374776127446,0.8356982701378057,0.37461909462188425,-0.4610791755159215,-55.17292448623712,-76.19145010077078,72.4534772792523,161.9449047943749,89.49142751512261,123.51571087499657,76.35840036388335,0.8275768207224503,1.6146687541171911,0.7870919333947408,95.10802063156295,64.45641187794324
ed241630-f662-4957-b17f-1f485cf04683,jitter_sigma_0p008,669688604,True,3.090731362105899,2.991524616134162,-0.09920674597173695,-3.20981458266051,-3.2621693768450384,0.18140964195624815,0.4607709056254128,0.27936126366916464,153.994716409032,87.0039632066683,64.31089115048727,149.57623080670808,85.26533965622082,132.58304795792708,79.72928793093466,0.5294117647058822,0.0,-0.5294117647058822,-100.0,-200.0,-6.269067907963618,-7.747665179022451,-1.4785972710588329,23.585599849390142,-21.09760187174637,0.8356982701378057,1.0,0.16430172986219427,19.660412822812365,17.90073374638634,72.4534772792523,0.0,-72.4534772792523,-100.0,-200.0,0.8275768207224503,0.0,-0.8275768207224503,-100.0,-200.0
ed241630-f662-4957-b17f-1f485cf04683,scale_minus_10pct,669688604,True,3.090731362105899,2.7816582258953093,-0.3090731362105896,-9.999999999999991,-10.526315789473673,0.18140964195624815,0.18140964195624815,0.0,0.0,0.0,64.31089115048727,57.879802035438544,-6.431089115048721,-9.999999999999991,-10.526315789473676,0.5294117647058822,0.5294117647058822,0.0,0.0,0.0,-6.269067907963618,-6.177552926842268,0.09151498112134959,-1.4597860872602417,1.4705193053754149,0.8356982701378057,0.8356982701378025,-3.219646771412954e-15,-3.852642618109091e-13,-3.852642618109098e-13,72.4534772792523,80.50386364361725,8.050386364364954,11.111111111116061,10.526315789478128,0.8275768207224503,0.7448191386502054,-0.08275768207224488,-9.99999999999998,-10.526315789473664
ed241630-f662-4957-b17f-1f485cf04683,scale_minus_5pct,669688604,True,3.090731362105899,2.9361947940006066,-0.15453656810529237,-4.9999999999999165,-5.128205128205041,0.18140964195624815,0.18140964195624815,0.0,0.0,0.0,64.31089115048727,61.095346592962954,-3.2155445575243107,-4.999999999999918,-5.1282051282050425,0.5294117647058822,0.5294117647058822,0.0,0.0,0.0,-6.269067907963618,-6.224515118541314,0.044552789422303896,-0.7106764526463071,0.7132107631219303,0.8356982701378057,0.835698270137803,-2.7755575615628914e-15,-3.32124363630094e-13,-3.3212436363009456e-13,72.4534772792523,76.26681818868383,3.813340909431531,5.263157894732977,5.128205128201459,0.8275768207224503,0.7861979796863279,-0.04137884103612244,-4.99999999999999,-5.128205128205118
ed241630-f662-4957-b17f-1f485cf04683,scale_plus_5pct,669688604,True,3.090731362105899,3.2452679302111944,0.15453656810529548,5.000000000000017,4.878048780487822,0.18140964195624815,0.18140964195624815,0.0,0.0,0.0,64.31089115048727,67.52643570801165,3.2155445575243817,5.000000000000028,4.878048780487832,0.5294117647058822,0.5294117647058822,0.0,0.0,0.0,-6.269067907963618,-6.311446506103494,-0.042378598139876544,0.6759951999569644,-0.6737180491203159,0.8356982701378057,0.8356982701378057,0.0,0.0,0.0,72.4534772792523,69.00331169452318,-3.4501655847291204,-4.761904761908655,-4.87804878049189,0.8275768207224503,0.8689556617585729,0.04137884103612255,5.0000000000000036,4.878048780487808
ed241630-f662-4957-b17f-1f485cf04683,scale_plus_10pct,669688604,True,3.090731362105899,3.3998044983164895,0.3090731362105905,10.00000000000002,9.523809523809541,0.18140964195624815,0.18140964195624815,0.0,0.0,0.0,64.31089115048727,70.74198026553601,6.431089115048749,10.000000000000036,9.523809523809556,0.5294117647058822,0.5294117647058822,0.0,0.0,0.0,-6.269067907963618,-6.3518532782800685,-0.08278537031645072,1.3205371441468705,-1.3118752442045762,0.8356982701378057,0.8356982701378047,-9.992007221626409e-16,-1.1956477090683386e-13,-1.1956477090683391e-13,72.4534772792523,65.86679752659121,-6.586679752661084,-9.090909090911554,-9.523809523812227,0.8275768207224503,0.9103345027946955,0.08275768207224521,10.000000000000021,9.523809523809543
ed241630-f662-4957-b17f-1f485cf04683,combined_degradation,669688604,True,3.090731362105899,11.330948864451893,8.240217502345994,266.6106023763723,114.27541552573716,0.18140964195624815,0.7050490658120988,0.5236394238558506,288.6502714018588,118.14186476302068,64.31089115048727,135.81439440574206,71.5035032552548,111.18412756548008,71.4587395156165,0.5294117647058822,0.0625,-0.46691176470588225,-88.19444444444444,-157.7639751552795,-6.269067907963618,-6.627728771229631,-0.3586608632660129,5.721119447604082,-5.562014695395644,0.8356982701378057,0.89824584356572,0.06254757342791428,7.484468457449392,7.2144855112220565,72.4534772792523,59.83171066232716,-12.621766616925136,-17.42051188002745,-19.082660444946008,0.8275768207224503,0.0,-0.8275768207224503,-100.0,-200.0
ee9f203f-8208-4081-acb9-66b1ef4c3049,frame_thinning_2x,3844618247,True,33.489637900804986,21.284410850485813,-12.205227050319174,-36.44478655299464,-44.5657289485344,93.02617298170652,46.83521343966874,-46.19095954203778,-49.653724389071854,-66.05248342508685,716.7235150737953,274.0861995985089,-442.63731547528636,-61.758447457903145,-89.34860224330404,0.08609271523178809,0.0641025641025641,-0.021990151129223992,-25.542406311637095,-29.282080271339762,-7.283442847760821,-5.9511195405649655,1.3323233071958551,-18.29249346832531,20.133998663546265,0.03588913647575246,0.030304351254322258,-0.005584785221430202,-15.561213698199214,-16.874122856931073,3004.127720286754,539.3421584530455,-2464.7855618337085,-82.04663021445828,-139.1170601800225,0.08037310652652647,0.014386475041479305,-0.06598663148504717,-82.10038697865788,-139.27168185665906
ee9f203f-8208-4081-acb9-66b1ef4c3049,frame_thinning_3x,3844618247,True,33.489637900804986,19.57740973608118,-13.912228164723807,-41.5418888849479,-52.43264430280312,93.02617298170652,27.284376681815274,-65.74179629989125,-70.67021483601104,-109.28683558300487,716.7235150737953,167.2747424651114,-549.4487726086838,-76.66118957351517,-124.3099220892981,0.08609271523178809,0.07692307692307693,-0.009169638308711162,-10.650887573964502,-11.250000000000005,-7.283442847760821,-5.457854918877633,1.8255879288831878,-25.064903604542405,28.65623207807401,0.03588913647575246,0.026634575701923433,-0.009254560773829027,-25.78652395295614,-29.60336311295787,3004.127720286754,1703.6423810982462,-1300.4853391885079,-43.28994837357887,-55.248464185025185,0.08037310652652647,0.03226037796994819,-0.048112728556578284,-59.8617256889269,-85.4323716817696
ee9f203f-8208-4081-acb9-66b1ef4c3049,landmark_dropout_5pct,3844618247,True,33.489637900804986,41.40385073982407,7.914212839019086,23.631825648460815,21.134581877991714,93.02617298170652,93.15993974213657,0.1337667604300492,0.14379475812291478,0.14369144773805564,716.7235150737953,836.5145644070317,119.7910493332364,16.713704352354405,15.42468613353554,0.08609271523178809,0.05128205128205128,-0.03481066394973681,-40.43392504930967,-50.67985166872683,-7.283442847760821,-7.862496581993594,-0.5790537342327733,7.95027497759242,-7.646323120706715,0.03588913647575246,0.026598736398345157,-0.009290400077407304,-25.88638510063934,-29.735049858796994,3004.127720286754,703.1232049472845,-2301.0045153394694,-76.5947632585951,-124.13535321697745,0.08037310652652647,22.18325000151204,22.102876894985513,27500.33916841405,198.55597435985146
ee9f203f-8208-4081-acb9-66b1ef4c3049,landmark_dropout_10pct,3844618247,True,33.489637900804986,98.58169933908778,65.0920614382828,194.36478122302475,98.57106439385917,93.02617298170652,74.59052277108276,-18.435650210623763,-19.81770250212175,-21.997391283519534,716.7235150737953,2957.090731032566,2240.367215958771,312.58458371190716,121.96409866574999,0.08609271523178809,0.05154639175257732,-0.03454632347921077,-40.126883425852505,-50.19841269841271,-7.283442847760821,-8.786687810145242,-1.5032449623844215,20.639208596887258,-18.708559306515237,0.03588913647575246,0.03254709196383298,-0.0033420445119194814,-9.312134088758153,-9.766886890529896,3004.127720286754,755.693831172764,-2248.43388911399,-74.84481681422551,-119.60322362858815,0.08037310652652647,0.008412636936834143,-0.07196046958969234,-89.53302006056265,-162.0991541719497
ee9f203f-8208-4081-acb9-66b1ef4c3049,landmark_dropout_20pct,3844618247,True,33.489637900804986,112.34532812545464,78.85569022464966,235.46295262497964,108.14373585886199,93.02617298170652,27.163006051507956,-65.86316693019856,-70.80068417213128,-109.5991626866794,716.7235150737953,3106.6552418920674,2389.931726818272,333.45239503858056,125.01673931540395,0.08609271523178809,0.05128205128205128,-0.03481066394973681,-40.43392504930967,-50.67985166872683,-7.283442847760821,-9.407992650288712,-2.1245498025278913,29.169581569258153,-25.456765570296866,0.03588913647575246,0.019516445506463344,-0.016372690969289116,-45.620186432601656,-59.10123270447536,3004.127720286754,752.9004874259233,-2251.2272328608306,-74.93780033579742,-119.84084805322257,0.08037310652652647,0.008413851371424806,-0.07195925515510167,-89.53150906435614,-162.09420135288158
ee9f203f-8208-4081-acb9-66b1ef4c3049,jitter_sigma_0p004,3844618247,True,33.489637900804986,34.15031416228971,0.6606762614847241,1.9727781573560803,1.9535089583400174,93.02617298170652,90.82991801652804,-2.1962549651784826,-2.3609000507957836,-2.3891022084218814,716.7235150737953,716.9970240458189,0.2735089720235919,0.038161015548015174,0.03815373562152384,0.08609271523178809,0.09698996655518395,0.010897251323395862,12.657576537175192,11.904185821437206,-7.283442847760821,-7.29082758031516,-0.007384732554339024,0.10139068444271987,-0.10133931013264337,0.03588913647575246,0.03619242755655,0.00030329108079753947,0.8450776769244643,0.8415219199783827,3004.127720286754,65.6497647279345,-2938.4779555588198,-97.81468130384057,-191.4456647039197,0.08037310652652647,0.4264728494722251,0.3460997429456986,430.6163565190444,136.5699928546144
ee9f203f-8208-4081-acb9-66b1ef4c3049,jitter_sigma_0p008,3844618247,True,33.489637900804986,35.05244220299782,1.5628043021928306,4.666530903743411,4.560130943869981,93.02617298170652,89.2275258668144,-3.7986471148921197,-4.083417594357148,-4.168526772177439,716.7235150737953,722.2886477302374,5.565132656442074,0.7764685460151363,0.7734656871277529,0.08609271523178809,0.17985611510791366,0.09376339987612557,108.90979524073046,70.51236116087422,-7.283442847760821,-7.310716476850018,-0.027273629089197726,0.37446067277898076,-0.3737608790278846,0.03588913647575246,0.03697939889420222,0.0010902624184497625,3.037861942391312,2.9924093105878504,3004.127720286754,49.776417557651584,-2954.3513027291024,-98.34306586828804,-193.48029076082443,0.08037310652652647,16.39308246831222,16.312709361785693,20296.228510716854,198.04842144597063
ee9f203f-8208-4081-acb9-66b1ef4c3049,scale_minus_10pct,3844618247,True,33.489637900804986,30.140674110724493,-3.348963790080493,-9.999999999999982,-10.526315789473664,93.02617298170652,93.02617298170652,0.0,0.0,0.0,716.7235150737953,645.0511635664158,-71.67235150737952,-9.999999999999998,-10.526315789473683,0.08609271523178809,0.08609271523178809,0.0,0.0,0.0,-7.283442847760821,-7.19192786663947,0.09151498112135048,-1.256479703818714,1.2644233149802535,0.03588913647575246,0.03588913647575244,-2.0816681711721685e-17,-5.800273775265093e-14,-5.800273775265094e-14,3004.127720286754,3337.919689187085,333.7919689003311,11.1111111104314,10.526315788863641,0.08037310652652647,0.07233579587387386,-0.008037310652652618,-9.999999999999963,-10.526315789473644
ee9f203f-8208-4081-acb9-66b1ef4c3049,scale_minus_5pct,3844618247,True,33.489637900804986,31.815156005764734,-1.6744818950402518,-5.000000000000007,-5.128205128205136,93.02617298170652,93.02617298170652,0.0,0.0,0.0,716.7235150737953,680.8873393201055,-35.83617575368976,-4.999999999999999,-5.128205128205128,0.08609271523178809,0.08609271523178809,0.0,0.0,0.0,-7.283442847760821,-7.238890058338516,0.044552789422304784,-0.6116995815516262,0.6135762030850118,0.03588913647575246,0.03588913647575241,-4.85722573273506e-17,-1.3533972142285216e-13,-1.3533972142285224e-13,3004.127720286754,3162.239705568099,158.11198528134491,5.263157894839857,5.128205128302929,0.08037310652652647,0.07635445120020015,-0.004018655326326323,-4.999999999999999,-5.128205128205127
ee9f203f-8208-4081-acb9-66b1ef4c3049,scale_plus_5pct,3844618247,True,33.489637900804986,35.16411979584523,1.6744818950402447,4.999999999999987,4.8780487804877914,93.02617298170652,93.02617298170652,0.0,0.0,0.0,716.7235150737953,752.5596908274848,35.83617575368953,4.999999999999968,4.878048780487774,0.08609271523178809,0.08609271523178809,0.0,0.0,0.0,-7.283442847760821,-7.325821445900696,-0.042378598139875656,0.5818484338475215,-0.5801606061471877,0.03588913647575246,0.03588913647575241,-4.85722573273506e-17,-1.3533972142285216e-13,-1.3533972142285224e-13,3004.127720286754,2861.074019316068,-143.0537009706859,-4.761904762059548,-4.878048780650234,0.08037310652652647,0.08439176185285283,0.004018655326326351,5.000000000000034,4.878048780487837
ee9f203f-8208-4081-acb9-66b1ef4c3049,scale_plus_10pct,3844618247,True,33.489637900804986,36.83860169088548,3.3489637900804965,9.999999999999993,9.523809523809517,93.02617298170652,93.02617298170652,0.0,0.0,0.0,716.7235150737953,788.3958665811747,71.6723515073794,9.999999999999982,9.52380952380951,0.08609271523178809,0.08609271523178809,0.0,0.0,0.0,-7.283442847760821,-7.3662282180772705,-0.08278537031644984,1.136624149414461,-1.1302010802071722,0.03588913647575246,0.03588913647575241,-4.85722573273506e-17,-1.3533972142285216e-13,-1.3533972142285224e-13,3004.127720286754,2731.0252002534794,-273.1025200332747,-9.090909091148966,-9.523809524072789,0.08037310652652647,0.08841041717917913,0.00803731065265266,10.000000000000016,9.52380952380954
ee9f203f-8208-4081-acb9-66b1ef4c3049,combined_degradation,3844618247,True,33.489637900804986,21.734117179072257,-11.75552072173273,-35.10196424503641,-42.574144785080996,93.02617298170652,39.91616755299244,-53.11000542871408,-57.09146547301059,-79.89930855001303,716.7235150737953,325.7898512764941,-390.93366379730116,-54.54455666311574,-74.99830245168208,0.08609271523178809,0.07843137254901962,-0.007661342682768468,-8.898944193061835,-9.313338595106545,-7.283442847760821,-6.607275249788905,0.676167597971916,-9.283626055771043,9.735531211898822,0.03588913647575246,0.02522879230643475,-0.010660344169317711,-29.703540447455705,-34.8845073180054,3004.127720286754,64.72512099267226,-2939.402599294082,-97.84546041249891,-191.56360707531513,0.08037310652652647,0.1678499726237167,0.08747686609719023,108.83847828915162,70.48245988781946
f0647c16-5b92-48b6-a06a-d05d86fe8145,frame_thinning_2x,2862752597,True,5.1182565261856965,3.6729947563617,-1.4452617698239965,-28.23738439896165,-32.8795463438331,1.5254829753945807,0.9173157380857381,-0.6081672373088426,-39.867192693614584,-49.79266068487247,123.15332670499524,72.70429876095334,-50.4490279440419,-40.964405342365495,-51.51602121594482,1.4545454545454544,0.2727272727272727,-1.1818181818181817,-81.25,-136.8421052631579,-7.060992004118511,-6.011051453717373,1.0499405504011374,-14.869589850671575,16.063908505012854,0.7475533014244268,0.7822927488459385,0.03473944742151169,4.647086348935567,4.5415612133485315,731.9351998725678,319.8747025374626,-412.06049733510514,-56.29740138291561,-78.35265600579416,0.12028130379179006,0.055266741177160704,-0.06501456261462935,-54.052093355398924,-74.07039209821845
f0647c16-5b92-48b6-a06a-d05d86fe8145,frame_thinning_3x,2862752597,True,5.1182565261856965,14.143177819484505,9.024921293298808,176.32803762621282,93.70975319216069,1.5254829753945807,0.5786714425629257,-0.946811532831655,-62.06634541999744,-89.99449135018531,123.15332670499524,183.1562093371565,60.00288263216126,48.72209646101868,39.17793967988262,1.4545454545454544,0.10000000000000002,-1.3545454545454543,-93.12499999999999,-174.2690058479532,-7.060992004118511,-6.212532073941049,0.8484599301774614,-12.016157640209402,12.784245166359721,0.7475533014244268,0.965290316289306,0.21773701486487917,29.12662073058761,25.424039020621148,731.9351998725678,105.75505159699304,-626.1801482755748,-85.55130951272663,-149.5015961274627,0.12028130379179006,0.038074876604691034,-0.08220642718709903,-68.3451414272998,-103.82471587945145
f0647c16-5b92-48b6-a06a-d05d86fe8145,landmark_dropout_5pct,2862752597,True,5.1182565261856965,5.1182703531921465,1.3827006450028989e-05,0.0002701507120498581,0.00027015034714331483,1.5254829753945807,1.5268830492938854,0.0014000738993047435,0.09177905764189868,0.09173695998320774,123.15332670499524,123.08717500960525,-0.06615169538999055,-0.05371490739219094,-0.05372933772419143,1.4545454545454544,0.49999999999999994,-0.9545454545454544,-65.625,-97.67441860465115,-7.060992004118511,-7.062037274080075,-0.001045269961564621,0.014803443495686438,-0.014802347867085166,0.7475533014244268,0.7340753091819886,-0.013477992242438175,-1.8029473238572433,-1.819348269323953,731.9351998725678,727.1879098884426,-4.747289984125132,-0.6485942997346829,-0.6507045159339147,0.12028130379179006,0.11151723578465073,-0.00876406800713933,-7.286309451974474,-7.561797432506413
f0647c16-5b92-48b6-a06a-d05d86fe8145,landmark_dropout_10pct,2862752597,True,5.1182565261856965,0.8544969410866097,-4.263759585099087,-83.30492157407728,-142.77366740356356,1.5254829753945807,0.9584615392579534,-0.5670214361366273,-37.169961597897334,-45.65491964831146,123.15332670499524,16.82608273459581,-106.32724397039942,-86.33728930855318,-151.91840628001162,1.4545454545454544,0.6923076923076923,-0.7622377622377621,-52.403846153846146,-71.00977198697068,-7.060992004118511,-5.847975816203865,1.2130161879146453,-17.179118560212522,18.793387740962743,0.7475533014244268,0.5630083451069029,-0.18454495631752388,-24.686528166738395,-28.162728064865924,731.9351998725678,822.9707815904326,91.03558171786483,12.437655920047897,11.709464469640803,0.12028130379179006,0.11222388855313647,-0.008057415238653581,-6.698809361595521,-6.930955096005108
f0647c16-5b92-48b6-a06a-d05d86fe8145,landmark_dropout_20pct,2862752597,True,5.1182565261856965,0.8381146227857194,-4.2801419033999775,-83.62499772143481,-143.7164272121995,1.5254829753945807,0.9178147090736547,-0.607668266320926,-39.8344836436963,-49.74164795258505,123.15332670499524,15.445749579575402,-107.70757712541983,-87.45811421190874,-155.42322504989198,1.4545454545454544,0.09999999999999999,-1.3545454545454543,-93.12499999999999,-174.2690058479532,-7.060992004118511,-5.903212713569846,1.1577792905486648,-16.396836165135994,17.861169516537963,0.7475533014244268,0.5692571267920347,-0.1782961746323921,-23.850630355408416,-27.080006478059758,731.9351998725678,624.8996833840573,-107.03551648851044,-14.623632871754994,-15.777235359929389,0.12028130379179006,0.08604624625945723,-0.03423505753233283,-28.462492883843836,-33.18515392038493
f0647c16-5b92-48b6-a06a-d05d86fe8145,jitter_sigma_0p004,2862752597,True,5.1182565261856965,1.301262739458555,-3.8169937867271413,-74.57605470141799,-118.91836845649141,1.5254829753945807,1.8208783872299827,0.2953954118354021,19.364058242537595,17.654722836252354,123.15332670499524,16.99462298776822,-106.15870371722701,-86.200435309005,-151.49519340090427,1.4545454545454544,0.8333333333333334,-0.621212121212121,-42.70833333333333,-54.30463576158939,-7.060992004118511,-5.905856951078487,1.1551350530400235,-16.35938763797297,17.81674263394663,0.7475533014244268,0.5096638524816938,-0.237889448942733,-31.822406307275497,-37.843812137564385,731.9351998725678,90.7000040375619,-641.2351958350058,-87.60819208403242,-155.89782513247724,0.12028130379179006,0.8465758376673627,0.7262945338755726,603.8299477804187,150.23823121986152
f0647c16-5b92-48b6-a06a-d05d86fe8145,jitter_sigma_0p008,2862752597,True,5.1182565261856965,2.1764872111820774,-2.941769315003619,-57.476003790609695,-80.65449372633131,1.5254829753945807,3.824481354524863,2.298998379130282,150.70626262057263,85.94443765814411,123.15332670499524,83.39310164679219,-39.76022505820305,-32.28514090686787,-38.50003640874768,1.4545454545454544,0.6153846153846154,-0.839160839160839,-57.692307692307686,-81.08108108108105,-7.060992004118511,-7.029596103281048,0.03139590083746224,-0.4446386686056259,0.44562938889647824,0.7475533014244268,0.5888497980873812,-0.15870350333704553,-21.229724092535427,-23.75084334883994,731.9351998725678,52.71459539031755,-679.2206044822502,-92.79791497942779,-173.12707110429753,0.12028130379179006,1.6610086028781619,1.5407272990863718,1280.9366464412535,172.99006672829555
f0647c16-5b92-48b6-a06a-d05d86fe8145,scale_minus_10pct,2862752597,True,5.1182565261856965,4.606430873567126,-0.5118256526185707,-10.000000000000021,-10.526315789473708,1.5254829753945807,1.5254829753945807,0.0,0.0,0.0,123.15332670499524,110.83799403449567,-12.315332670499572,-10.000000000000039,-10.526315789473728,1.4545454545454544,1.4545454545454544,0.0,0.0,0.0,-7.060992004118511,-6.96947702299716,0.09151498112135048,-1.2960640809106134,1.3045177740599563,0.7475533014244268,0.7475533014244352,8.43769498715119e-15,1.1287081430947557e-12,1.1287081430947494e-12,731.9351998725678,813.2613331916548,81.32613331908703,11.111111111099204,10.526315789462998,0.12028130379179006,0.10825317341261106,-0.012028130379178992,-9.999999999999988,-10.52631578947367
f0647c16-5b92-48b6-a06a-d05d86fe8145,scale_minus_5pct,2862752597,True,5.1182565261856965,4.86234369987641,-0.25591282630928625,-5.000000000000028,-5.128205128205157,1.5254829753945807,1.5254829753945807,0.0,0.0,0.0,123.15332670499524,116.99566036974545,-6.157666335249786,-5.0000000000000195,-5.128205128205149,1.4545454545454544,1.4545454545454544,0.0,0.0,0.0,-7.060992004118511,-7.016439214696207,0.044552789422303896,-0.6309706822542399,0.6329676022534334,0.7475533014244268,0.7475533014244348,7.993605777301127e-15,1.0693024513529265e-12,1.0693024513529208e-12,731.9351998725678,770.458105128933,38.52290525636522,5.263157894725132,5.12820512819401,0.12028130379179006,0.11426723860220055,-0.00601406518958951,-5.000000000000006,-5.128205128205135
f0647c16-5b92-48b6-a06a-d05d86fe8145,scale_plus_5pct,2862752597,True,5.1182565261856965,5.37416935249498,0.2559128263092836,4.999999999999976,4.878048780487782,1.5254829753945807,1.5254829753945807,0.0,0.0,0.0,123.15332670499524,129.31099304024497,6.157666335249729,4.999999999999973,4.87804878048778,1.4545454545454544,1.4545454545454544,0.0,0.0,0.0,-7.060992004118511,-7.103370602258387,-0.042378598139876544,0.6001790982790818,-0.5983834121952991,0.7475533014244268,0.7475533014244431,1.63202784619898e-14,2.183159171512225e-12,2.183159171512201e-12,731.9351998725678,697.0811427360916,-34.85405713647617,-4.76190476186203,-4.878048780442963,0.12028130379179006,0.12629536898137955,0.006014065189589496,4.999999999999994,4.878048780487799
f0647c16-5b92-48b6-a06a-d05d86fe8145,scale_plus_10pct,2862752597,True,5.1182565261856965,5.6300821788042645,0.511825652618568,9.999999999999968,9.523809523809495,1.5254829753945807,1.5254829753945807,0.0,0.0,0.0,123.15332670499524,135.4686593754947,12.315332670499458,9.999999999999947,9.523809523809476,1.4545454545454544,1.4545454545454544,0.0,0.0,0.0,-7.060992004118511,-7.14377737443496,-0.08278537031644984,1.172432574178856,-1.165599639251309,0.7475533014244268,0.7475533014244341,7.327471962526033e-15,9.801939137401826e-13,9.801939137401777e-13,731.9351998725678,665.3956362477273,-66.53956362484041,-9.090909090917497,-9.52380952381875,0.12028130379179006,0.13230943417096908,0.01202813037917902,10.000000000000012,9.523809523809536
f0647c16-5b92-48b6-a06a-d05d86fe8145,combined_degradation,2862752597,True,5.1182565261856965,0.7307597157829336,-4.387496810402763,-85.72248749072526,-150.02511974307814,1.5254829753945807,0.0,-1.5254829753945807,-100.0,-200.0,123.15332670499524,18.26899289457334,-104.8843338104219,-85.16565213188647,-148.3278369459609,1.4545454545454544,0.0,-1.4545454545454544,-100.0,-200.0,-7.060992004118511,-5.319309231109373,1.7416827730091375,-24.66626179428124,28.13635532636664,0.7475533014244268,1.0,0.2524466985755732,33.76972559609438,28.89144478395074,731.9351998725678,0.0,-731.9351998725678,-100.0,-200.0,0.12028130379179006,0.0,-0.12028130379179006,-100.0,-200.0
fd63adbe-d98c-4936-8f31-ea097117898e,frame_thinning_2x,3524549938,True,5.993526086716852,5.214606210285649,-0.7789198764312024,-12.996020458766052,-13.899191333412732,6.144893432180227,5.512410221576246,-0.632483210603981,-10.292826353858736,-10.851277952259027,47.38985217432997,38.53978798924978,-8.850064185080186,-18.675019606568995,-20.59839694017753,0.1379310344827586,0.3076923076923077,0.16976127320954912,123.07692307692312,76.19047619047622,-5.234162010660429,-4.562102505150906,0.6720595055095231,-12.839868237565785,13.720730068584974,0.824001702368835,0.8900289641516803,0.06602726178284535,8.013000651944115,7.704326774605588,649.9843262849979,192.8079232830977,-457.1764030019002,-70.33652728441987,-108.49088924018669,0.006649277492792444,0.009565439346097715,0.0029161618533052706,43.85682288739304,35.96932197188924
fd63adbe-d98c-4936-8f31-ea097117898e,frame_thinning_3x,3524549938,True,5.993526086716852,6.194466263057142,0.20094017634029004,3.352620367927047,3.297346610888153,6.144893432180227,5.3738012714268235,-0.7710921607534038,-12.548503391698656,-13.388533694046744,47.38985217432997,37.19737920193555,-10.19247297239442,-21.507712104481847,-24.09931808042211,0.1379310344827586,0.15789473684210523,0.019963702359346636,14.473684210526313,13.496932515337422,-5.234162010660429,-4.766124249740154,0.46803776092027505,-8.941980778719143,9.360487264722096,0.824001702368835,0.41382304762967803,-0.41017865473915693,-49.77886011157233,-66.27410782336509,649.9843262849979,46.225305583828565,-603.7590207011693,-92.88824303686975,-173.4417316464028,0.006649277492792444,0.018655703062012963,0.012006425569220519,180.56737115024924,94.89377431622252
fd63adbe-d98c-4936-8f31-ea097117898e,landmark_dropout_5pct,3524549938,True,5.993526086716852,5.995801728634046,0.0022756419171940934,0.037968332568660765,0.03796112596538409,6.144893432180227,6.148647795354161,0.003754363173933406,0.06109728696468778,0.06107862827229298,47.38985217432997,47.425185976694344,0.03533380236437722,0.07455984929937544,0.07453206380215015,0.1379310344827586,0.6499999999999998,0.5120689655172412,371.25,129.9781181619256,-5.234162010660429,-5.233609446746911,0.0005525639135184335,-0.010556874479487364,0.01055743174689625,0.824001702368835,0.8271500131480627,0.0031483107792277254,0.38207576151565964,0.3813472438227323,649.9843262849979,630.600612177426,-19.383714107571905,-2.982181773268291,-3.0273218941409064,0.006649277492792444,0.008220433712501446,0.0015711562197090016,23.628976552897264,21.132303082653568
fd63adbe-d98c-4936-8f31-ea097117898e,landmark_dropout_10pct,3524549938,True,5.993526086716852,6.0957832759708515,0.10225718925399985,1.7061273743452503,1.6916961289716876,6.144893432180227,5.462193118170941,-0.6827003140092867,-11.11004318535533,-11.763508629797059,47.38985217432997,37.44387660067119,-9.945975573658778,-20.987564040231998,-23.448163171131675,0.1379310344827586,0.619047619047619,0.4811165845648604,348.80952380952385,127.11496746203906,-5.234162010660429,-5.846930744853263,-0.6127687341928336,11.707102931563949,-11.059716721312242,0.824001702368835,0.6726997363366548,-0.15130196603218016,-18.36185114632873,-20.218055801836144,649.9843262849979,146.85971043605218,-503.1246158489457,-77.40565356776638,-126.27932008357959,0.006649277492792444,1.203306035593677,1.1966567581008847,17996.79377794074,197.80181055585243
fd63adbe-d98c-4936-8f31-ea097117898e,landmark_dropout_20pct,3524549938,True,5.993526086716852,6.135823100239287,0.14229701352243573,2.3741785964325977,2.3463256161420674,6.144893432180227,5.347782789854248,-0.7971106423259791,-12.971919710626482,-13.871627929406188,47.38985217432997,131.81910200118358,84.4292498268536,178.15892211748036,94.2243653117526,0.1379310344827586,0.09375,-0.04418103448275859,-32.031249999999986,-38.13953488372091,-5.234162010660429,-7.018258945815926,-1.784096935155497,34.085626916435196,-29.122357801663075,0.824001702368835,0.43721612019821254,-0.3867855821706224,-46.9399008592693,-61.335254743446264,649.9843262849979,62.69054147225795,-587.29378481274,-90.35506873980064,-164.8139457087683,0.006649277492792444,2.9228301250663558,2.916180847573563,43857.10854652387,199.0920874900866
fd63adbe-d98c-4936-8f31-ea097117898e,jitter_sigma_0p004,3524549938,True,5.993526086716852,5.619958205697266,-0.3735678810195857,-6.232856512421049,-6.433347161171929,6.144893432180227,5.484454055847716,-0.6604393763325112,-10.747775915426823,-11.358150180178438,47.38985217432997,87.90927414046078,40.519421966130814,85.50231770522232,59.89605856265056,0.1379310344827586,0.43478260869565205,0.29685157421289343,215.2173913043478,103.66492146596856,-5.234162010660429,-6.231417461165878,-0.997255450505449,19.052819696339863,-17.395639757344075,0.824001702368835,0.5680838469257434,-0.25591785544309154,-31.057928000316075,-36.76754716299938,649.9843262849979,40.88113609961427,-609.1031901853836,-93.7104427835558,-176.33047918851943,0.006649277492792444,2.933239447153375,2.9265901696605825,44013.6567143256,199.09530215384692
fd63adbe-d98c-4936-8f31-ea097117898e,jitter_sigma_0p008,3524549938,True,5.993526086716852,5.838529370932113,-0.15499671578473873,-2.586068927409027,-2.619945728610313,6.144893432180227,7.388720457365644,1.2438270251854169,20.241637042419843,18.381299116952334,47.38985217432997,174.98090022773565,127.59104805340567,269.2370670076049,114.75524247245427,0.1379310344827586,0.06451612903225806,-0.07341490545050053,-53.22580645161289,-72.52747252747251,-5.234162010660429,-6.817669856999459,-1.58350784633903,30.25332122150396,-26.2782930217977,0.824001702368835,0.38898857262371767,-0.4350131297451173,-52.79274648274927,-71.72574071095303,649.9843262849979,19.635025394318472,-630.3493008906794,-96.97915401952181,-188.27093312337735,0.006649277492792444,5.838529370932113,5.83188009343932,87706.97417517692,199.54497353167574
fd63adbe-d98c-4936-8f31-ea097117898e,scale_minus_10pct,3524549938,True,5.993526086716852,5.394173478045167,-0.5993526086716843,-9.999999999999986,-10.526315789473667,6.144893432180227,6.144893432180227,0.0,0.0,0.0,47.38985217432997,42.65086695689696,-4.7389852174330045,-10.000000000000016,-10.526315789473703,0.1379310344827586,0.1379310344827586,0.0,0.0,0.0,-5.234162010660429,-5.14264702953908,0.09151498112134959,-1.7484170519552285,1.763836662442621,0.824001702368835,0.8240017023688349,-1.1102230246251565e-16,-1.3473552559824748e-14,-1.3473552559824749e-14,649.9843262849979,722.2048069875946,72.22048070259666,11.111111111767059,10.526315790062402,0.006649277492792444,0.0059843497435132,-0.0006649277492792446,-10.000000000000002,-10.526315789473689
fd63adbe-d98c-4936-8f31-ea097117898e,scale_minus_5pct,3524549938,True,5.993526086716852,5.693849782381009,-0.2996763043358426,-5.0,-5.128205128205129,6.144893432180227,6.144893432180227,0.0,0.0,0.0,47.38985217432997,45.020359565613454,-2.369492608716513,-5.000000000000031,-5.128205128205161,0.1379310344827586,0.1379310344827586,0.0,0.0,0.0,-5.234162010660429,-5.189609221238125,0.044552789422304784,-0.8511924035129983,0.8548305297791934,0.824001702368835,0.8240017023688339,-1.1102230246251565e-15,-1.3473552559824748e-13,-1.3473552559824755e-13,649.9843262849979,684.1940276715317,34.209701386533766,5.26315789521575,5.128205128659792,0.006649277492792444,0.006316813618152822,-0.00033246387463962274,-5.000000000000008,-5.128205128205137
fd63adbe-d98c-4936-8f31-ea097117898e,scale_plus_5pct,3524549938,True,5.993526086716852,6.293202391052693,0.2996763043358417,4.999999999999985,4.878048780487791,6.144893432180227,6.144893432180227,0.0,0.0,0.0,47.38985217432997,49.75934478304647,2.369492608716506,5.000000000000016,4.87804878048782,0.1379310344827586,0.1379310344827586,0.0,0.0,0.0,-5.234162010660429,-5.276540608800305,-0.042378598139875656,0.8096539246122506,-0.8063894427269022,0.824001702368835,0.8240017023688365,1.5543122344752192e-15,1.8862973583754645e-13,1.8862973583754627e-13,649.9843262849979,619.0326917081899,-30.951634576808033,-4.761904760644444,-4.878048779165258,0.006649277492792444,0.006981741367432066,0.00033246387463962187,4.999999999999995,4.8780487804878
fd63adbe-d98c-4936-8f31-ea097117898e,scale_plus_10pct,3524549938,True,5.993526086716852,6.5928786953885385,0.5993526086716869,10.00000000000003,9.52380952380955,6.144893432180227,6.144893432180227,0.0,0.0,0.0,47.38985217432997,52.12883739176298,4.738985217433012,10.000000000000032,9.523809523809552,0.1379310344827586,0.1379310344827586,0.0,0.0,0.0,-5.234162010660429,-5.316947380976878,-0.08278537031644895,1.5816356113517271,-1.5692258935740675,0.824001702368835,0.8240017023688335,-1.4432899320127035e-15,-1.751561832777217e-13,-1.7515618327772187e-13,649.9843262849979,590.8948420744631,-59.089484210534806,-9.090909091341059,-9.523809524283612,0.006649277492792444,0.007314205242071689,0.0006649277492792446,10.000000000000002,9.523809523809526
fd63adbe-d98c-4936-8f31-ea097117898e,combined_degradation,3524549938,True,5.993526086716852,31.020901753700745,25.027375666983893,417.57348353669136,135.23037975832472,6.144893432180227,41.47985797267212,35.334964540491896,575.0297369755189,148.3890771003236,47.38985217432997,379.1497787710523,331.7599265967223,700.0653333466807,155.55878165947192,0.1379310344827586,0.10344827586206896,-0.03448275862068963,-24.999999999999986,-28.571428571428548,-5.234162010660429,-6.619396141848101,-1.385234131187672,26.4652513308981,-23.372461051191102,0.824001702368835,0.21551966261094158,-0.6084820397578934,-73.84475517570328,-117.0696553735057,649.9843262849979,38.7469893612717,-611.2373369237262,-94.03878096834562,-177.49660078986616,0.006649277492792444,0.711833152755986,0.7051838752631936,10605.421055559573,196.29815443615507
